ruta,fuente,modelo,dataset,partition_key,fuentes_equivalentes,tipo,antena,num_antenas,caso,potencia_W
"/mnt/personal/TT_FINAL/DATASETS/datasets_masivos_por_metadata/Doble_slot/1ant/Caso_3/Potencia_10W/modelo_Doble_slot_1ant_dset_c3_p10.mat","/mnt/personal/TT_FINAL/DATASETS/datasets_masivos/Dataset_Termico_Masivo2.mat","modelo_Doble_slot_1ant","dset_c3_p10","modelo_Doble_slot_1ant__dset_c3_p10","/mnt/personal/TT_FINAL/DATASETS/datasets_masivos/Dataset_Termico_MasivoFIN1.mat|/mnt/personal/TT_FINAL/DATASETS/datasets_masivos/Dataset_Termico_Masivo.mat|/mnt/personal/TT_FINAL/DATASETS/datasets_masivos/Dataset_Termico_Masivo4.mat|/mnt/personal/TT_FINAL/DATASETS/datasets_masivos/Dataset_Termico_Masivo2.mat","Doble_slot","1ant",1,3,10
"/mnt/personal/TT_FINAL/DATASETS/datasets_masivos_por_metadata/Doble_slot/1ant/Caso_3/Potencia_15W/modelo_Doble_slot_1ant_dset_c3_p15.mat","/mnt/personal/TT_FINAL/DATASETS/datasets_masivos/Dataset_Termico_Masivo2.mat","modelo_Doble_slot_1ant","dset_c3_p15","modelo_Doble_slot_1ant__dset_c3_p15","/mnt/personal/TT_FINAL/DATASETS/datasets_masivos/Dataset_Termico_MasivoFIN1.mat|/mnt/personal/TT_FINAL/DATASETS/datasets_masivos/Dataset_Termico_Masivo.mat|/mnt/personal/TT_FINAL/DATASETS/datasets_masivos/Dataset_Termico_Masivo4.mat|/mnt/personal/TT_FINAL/DATASETS/datasets_masivos/Dataset_Termico_Masivo2.mat","Doble_slot","1ant",1,3,15
"/mnt/personal/TT_FINAL/DATASETS/datasets_masivos_por_metadata/Doble_slot/1ant/Caso_3/Potencia_20W/modelo_Doble_slot_1ant_dset_c3_p20.mat","/mnt/personal/TT_FINAL/DATASETS/datasets_masivos/Dataset_Termico_Masivo2.mat","modelo_Doble_slot_1ant","dset_c3_p20","modelo_Doble_slot_1ant__dset_c3_p20","/mnt/personal/TT_FINAL/DATASETS/datasets_masivos/Dataset_Termico_MasivoFIN1.mat|/mnt/personal/TT_FINAL/DATASETS/datasets_masivos/Dataset_Termico_Masivo.mat|/mnt/personal/TT_FINAL/DATASETS/datasets_masivos/Dataset_Termico_Masivo4.mat|/mnt/personal/TT_FINAL/DATASETS/datasets_masivos/Dataset_Termico_Masivo2.mat","Doble_slot","1ant",1,3,20
"/mnt/personal/TT_FINAL/DATASETS/datasets_masivos_por_metadata/Doble_slot/1ant/Caso_3/Potencia_5W/modelo_Doble_slot_1ant_dset_c3_p5.mat","/mnt/personal/TT_FINAL/DATASETS/datasets_masivos/Dataset_Termico_Masivo2.mat","modelo_Doble_slot_1ant","dset_c3_p5","modelo_Doble_slot_1ant__dset_c3_p5","/mnt/personal/TT_FINAL/DATASETS/datasets_masivos/Dataset_Termico_MasivoFIN1.mat|/mnt/personal/TT_FINAL/DATASETS/datasets_masivos/Dataset_Termico_Masivo.mat|/mnt/personal/TT_FINAL/DATASETS/datasets_masivos/Dataset_Termico_Masivo4.mat|/mnt/personal/TT_FINAL/DATASETS/datasets_masivos/Dataset_Termico_Masivo2.mat","Doble_slot","1ant",1,3,5
"/mnt/personal/TT_FINAL/DATASETS/datasets_masivos_por_metadata/Doble_slot/1ant/Caso_0/Potencia_10W/modelo_Doble_slot_1ant_src_000EB03B_dset_c0_p10.mat","/mnt/personal/TT_FINAL/DATASETS/datasets_masivos/Dataset_Termico_MasivoFIN1.mat","modelo_Doble_slot_1ant__src_000EB03B","dset_c0_p10","modelo_Doble_slot_1ant__src_000EB03B__dset_c0_p10","/mnt/personal/TT_FINAL/DATASETS/datasets_masivos/Dataset_Termico_MasivoFIN1.mat","Doble_slot","1ant",1,0,10
"/mnt/personal/TT_FINAL/DATASETS/datasets_masivos_por_metadata/Doble_slot/1ant/Caso_0/Potencia_5W/modelo_Doble_slot_1ant_src_000EB03B_dset_c0_p5.mat","/mnt/personal/TT_FINAL/DATASETS/datasets_masivos/Dataset_Termico_MasivoFIN1.mat","modelo_Doble_slot_1ant__src_000EB03B","dset_c0_p5","modelo_Doble_slot_1ant__src_000EB03B__dset_c0_p5","/mnt/personal/TT_FINAL/DATASETS/datasets_masivos/Dataset_Termico_MasivoFIN1.mat","Doble_slot","1ant",1,0,5
"/mnt/personal/TT_FINAL/DATASETS/datasets_masivos_por_metadata/Doble_slot/1ant/Caso_1/Potencia_10W/modelo_Doble_slot_1ant_src_000EB03B_dset_c1_p10.mat","/mnt/personal/TT_FINAL/DATASETS/datasets_masivos/Dataset_Termico_MasivoFIN1.mat","modelo_Doble_slot_1ant__src_000EB03B","dset_c1_p10","modelo_Doble_slot_1ant__src_000EB03B__dset_c1_p10","/mnt/personal/TT_FINAL/DATASETS/datasets_masivos/Dataset_Termico_MasivoFIN1.mat","Doble_slot","1ant",1,1,10
"/mnt/personal/TT_FINAL/DATASETS/datasets_masivos_por_metadata/Doble_slot/1ant/Caso_1/Potencia_5W/modelo_Doble_slot_1ant_src_000EB03B_dset_c1_p5.mat","/mnt/personal/TT_FINAL/DATASETS/datasets_masivos/Dataset_Termico_MasivoFIN1.mat","modelo_Doble_slot_1ant__src_000EB03B","dset_c1_p5","modelo_Doble_slot_1ant__src_000EB03B__dset_c1_p5","/mnt/personal/TT_FINAL/DATASETS/datasets_masivos/Dataset_Termico_MasivoFIN1.mat","Doble_slot","1ant",1,1,5
"/mnt/personal/TT_FINAL/DATASETS/datasets_masivos_por_metadata/Doble_slot/1ant/Caso_3/Potencia_10W/modelo_Doble_slot_1ant_src_000EB03B_dset_c3_p10.mat","/mnt/personal/TT_FINAL/DATASETS/datasets_masivos/Dataset_Termico_MasivoFIN1.mat","modelo_Doble_slot_1ant__src_000EB03B","dset_c3_p10","modelo_Doble_slot_1ant__src_000EB03B__dset_c3_p10","/mnt/personal/TT_FINAL/DATASETS/datasets_masivos/Dataset_Termico_MasivoFIN1.mat","Doble_slot","1ant",1,3,10
"/mnt/personal/TT_FINAL/DATASETS/datasets_masivos_por_metadata/Doble_slot/1ant/Caso_3/Potencia_15W/modelo_Doble_slot_1ant_src_000EB03B_dset_c3_p15.mat","/mnt/personal/TT_FINAL/DATASETS/datasets_masivos/Dataset_Termico_MasivoFIN1.mat","modelo_Doble_slot_1ant__src_000EB03B","dset_c3_p15","modelo_Doble_slot_1ant__src_000EB03B__dset_c3_p15","/mnt/personal/TT_FINAL/DATASETS/datasets_masivos/Dataset_Termico_MasivoFIN1.mat","Doble_slot","1ant",1,3,15
"/mnt/personal/TT_FINAL/DATASETS/datasets_masivos_por_metadata/Doble_slot/1ant/Caso_3/Potencia_20W/modelo_Doble_slot_1ant_src_000EB03B_dset_c3_p20.mat","/mnt/personal/TT_FINAL/DATASETS/datasets_masivos/Dataset_Termico_MasivoFIN1.mat","modelo_Doble_slot_1ant__src_000EB03B","dset_c3_p20","modelo_Doble_slot_1ant__src_000EB03B__dset_c3_p20","/mnt/personal/TT_FINAL/DATASETS/datasets_masivos/Dataset_Termico_MasivoFIN1.mat","Doble_slot","1ant",1,3,20
"/mnt/personal/TT_FINAL/DATASETS/datasets_masivos_por_metadata/Doble_slot/1ant/Caso_3/Potencia_5W/modelo_Doble_slot_1ant_src_000EB03B_dset_c3_p5.mat","/mnt/personal/TT_FINAL/DATASETS/datasets_masivos/Dataset_Termico_MasivoFIN1.mat","modelo_Doble_slot_1ant__src_000EB03B","dset_c3_p5","modelo_Doble_slot_1ant__src_000EB03B__dset_c3_p5","/mnt/personal/TT_FINAL/DATASETS/datasets_masivos/Dataset_Termico_MasivoFIN1.mat","Doble_slot","1ant",1,3,5
"/mnt/personal/TT_FINAL/DATASETS/datasets_masivos_por_metadata/Doble_slot/1ant/Caso_5/Potencia_10W/modelo_Doble_slot_1ant_src_000EB74E_dset_c5_p10.mat","/mnt/personal/TT_FINAL/DATASETS/datasets_masivos/Dataset_Termico_MasivoFIN1.mat","modelo_Doble_slot_1ant__src_000EB74E","dset_c5_p10","modelo_Doble_slot_1ant__src_000EB74E__dset_c5_p10","/mnt/personal/TT_FINAL/DATASETS/datasets_masivos/Dataset_Termico_MasivoFIN1.mat","Doble_slot","1ant",1,5,10
"/mnt/personal/TT_FINAL/DATASETS/datasets_masivos_por_metadata/Doble_slot/1ant/Caso_5/Potencia_15W/modelo_Doble_slot_1ant_src_000EB74E_dset_c5_p15.mat","/mnt/personal/TT_FINAL/DATASETS/datasets_masivos/Dataset_Termico_MasivoFIN1.mat","modelo_Doble_slot_1ant__src_000EB74E","dset_c5_p15","modelo_Doble_slot_1ant__src_000EB74E__dset_c5_p15","/mnt/personal/TT_FINAL/DATASETS/datasets_masivos/Dataset_Termico_MasivoFIN1.mat","Doble_slot","1ant",1,5,15
"/mnt/personal/TT_FINAL/DATASETS/datasets_masivos_por_metadata/Doble_slot/1ant/Caso_5/Potencia_5W/modelo_Doble_slot_1ant_src_000EB74E_dset_c5_p5.mat","/mnt/personal/TT_FINAL/DATASETS/datasets_masivos/Dataset_Termico_MasivoFIN1.mat","modelo_Doble_slot_1ant__src_000EB74E","dset_c5_p5","modelo_Doble_slot_1ant__src_000EB74E__dset_c5_p5","/mnt/personal/TT_FINAL/DATASETS/datasets_masivos/Dataset_Termico_MasivoFIN1.mat","Doble_slot","1ant",1,5,5
"/mnt/personal/TT_FINAL/DATASETS/datasets_masivos_por_metadata/Doble_slot/1ant/Caso_6/Potencia_5W/modelo_Doble_slot_1ant_src_000EB74E_dset_c6_p5.mat","/mnt/personal/TT_FINAL/DATASETS/datasets_masivos/Dataset_Termico_MasivoFIN1.mat","modelo_Doble_slot_1ant__src_000EB74E","dset_c6_p5","modelo_Doble_slot_1ant__src_000EB74E__dset_c6_p5","/mnt/personal/TT_FINAL/DATASETS/datasets_masivos/Dataset_Termico_MasivoFIN1.mat","Doble_slot","1ant",1,6,5
"/mnt/personal/TT_FINAL/DATASETS/datasets_masivos_por_metadata/Doble_slot/1ant/Caso_7/Potencia_10W/modelo_Doble_slot_1ant_src_000EB74E_dset_c7_p10.mat","/mnt/personal/TT_FINAL/DATASETS/datasets_masivos/Dataset_Termico_MasivoFIN1.mat","modelo_Doble_slot_1ant__src_000EB74E","dset_c7_p10","modelo_Doble_slot_1ant__src_000EB74E__dset_c7_p10","/mnt/personal/TT_FINAL/DATASETS/datasets_masivos/Dataset_Termico_MasivoFIN1.mat","Doble_slot","1ant",1,7,10
"/mnt/personal/TT_FINAL/DATASETS/datasets_masivos_por_metadata/Doble_slot/1ant/Caso_7/Potencia_15W/modelo_Doble_slot_1ant_src_000EB74E_dset_c7_p15.mat","/mnt/personal/TT_FINAL/DATASETS/datasets_masivos/Dataset_Termico_MasivoFIN1.mat","modelo_Doble_slot_1ant__src_000EB74E","dset_c7_p15","modelo_Doble_slot_1ant__src_000EB74E__dset_c7_p15","/mnt/personal/TT_FINAL/DATASETS/datasets_masivos/Dataset_Termico_MasivoFIN1.mat","Doble_slot","1ant",1,7,15
"/mnt/personal/TT_FINAL/DATASETS/datasets_masivos_por_metadata/Doble_slot/1ant/Caso_7/Potencia_20W/modelo_Doble_slot_1ant_src_000EB74E_dset_c7_p20.mat","/mnt/personal/TT_FINAL/DATASETS/datasets_masivos/Dataset_Termico_MasivoFIN1.mat","modelo_Doble_slot_1ant__src_000EB74E","dset_c7_p20","modelo_Doble_slot_1ant__src_000EB74E__dset_c7_p20","/mnt/personal/TT_FINAL/DATASETS/datasets_masivos/Dataset_Termico_MasivoFIN1.mat","Doble_slot","1ant",1,7,20
"/mnt/personal/TT_FINAL/DATASETS/datasets_masivos_por_metadata/Doble_slot/1ant/Caso_7/Potencia_25W/modelo_Doble_slot_1ant_src_000EB74E_dset_c7_p25.mat","/mnt/personal/TT_FINAL/DATASETS/datasets_masivos/Dataset_Termico_MasivoFIN1.mat","modelo_Doble_slot_1ant__src_000EB74E","dset_c7_p25","modelo_Doble_slot_1ant__src_000EB74E__dset_c7_p25","/mnt/personal/TT_FINAL/DATASETS/datasets_masivos/Dataset_Termico_MasivoFIN1.mat","Doble_slot","1ant",1,7,25
"/mnt/personal/TT_FINAL/DATASETS/datasets_masivos_por_metadata/Doble_slot/1ant/Caso_7/Potencia_30W/modelo_Doble_slot_1ant_src_000EB74E_dset_c7_p30.mat","/mnt/personal/TT_FINAL/DATASETS/datasets_masivos/Dataset_Termico_MasivoFIN1.mat","modelo_Doble_slot_1ant__src_000EB74E","dset_c7_p30","modelo_Doble_slot_1ant__src_000EB74E__dset_c7_p30","/mnt/personal/TT_FINAL/DATASETS/datasets_masivos/Dataset_Termico_MasivoFIN1.mat","Doble_slot","1ant",1,7,30
"/mnt/personal/TT_FINAL/DATASETS/datasets_masivos_por_metadata/Doble_slot/1ant/Caso_7/Potencia_35W/modelo_Doble_slot_1ant_src_000EB74E_dset_c7_p35.mat","/mnt/personal/TT_FINAL/DATASETS/datasets_masivos/Dataset_Termico_MasivoFIN1.mat","modelo_Doble_slot_1ant__src_000EB74E","dset_c7_p35","modelo_Doble_slot_1ant__src_000EB74E__dset_c7_p35","/mnt/personal/TT_FINAL/DATASETS/datasets_masivos/Dataset_Termico_MasivoFIN1.mat","Doble_slot","1ant",1,7,35
"/mnt/personal/TT_FINAL/DATASETS/datasets_masivos_por_metadata/Doble_slot/1ant/Caso_7/Potencia_5W/modelo_Doble_slot_1ant_src_000EB74E_dset_c7_p5.mat","/mnt/personal/TT_FINAL/DATASETS/datasets_masivos/Dataset_Termico_MasivoFIN1.mat","modelo_Doble_slot_1ant__src_000EB74E","dset_c7_p5","modelo_Doble_slot_1ant__src_000EB74E__dset_c7_p5","/mnt/personal/TT_FINAL/DATASETS/datasets_masivos/Dataset_Termico_MasivoFIN1.mat","Doble_slot","1ant",1,7,5
"/mnt/personal/TT_FINAL/DATASETS/datasets_masivos_por_metadata/Doble_slot/1ant/Caso_1/Potencia_100W/modelo_Doble_slot_1ant_pendientes_dset_c1_p100.mat","/mnt/personal/TT_FINAL/DATASETS/datasets_masivos/Dataset_Termico_MasivoFIN1.mat","modelo_Doble_slot_1ant_pendientes","dset_c1_p100","modelo_Doble_slot_1ant_pendientes__dset_c1_p100","/mnt/personal/TT_FINAL/DATASETS/datasets_masivos/Dataset_Termico_MasivoFIN1.mat","Doble_slot","1ant",1,1,100
"/mnt/personal/TT_FINAL/DATASETS/datasets_masivos_por_metadata/Doble_slot/1ant/Caso_1/Potencia_15W/modelo_Doble_slot_1ant_pendientes_dset_c1_p15.mat","/mnt/personal/TT_FINAL/DATASETS/datasets_masivos/Dataset_Termico_MasivoFIN1.mat","modelo_Doble_slot_1ant_pendientes","dset_c1_p15","modelo_Doble_slot_1ant_pendientes__dset_c1_p15","/mnt/personal/TT_FINAL/DATASETS/datasets_masivos/Dataset_Termico_MasivoFIN1.mat","Doble_slot","1ant",1,1,15
"/mnt/personal/TT_FINAL/DATASETS/datasets_masivos_por_metadata/Doble_slot/1ant/Caso_1/Potencia_20W/modelo_Doble_slot_1ant_pendientes_dset_c1_p20.mat","/mnt/personal/TT_FINAL/DATASETS/datasets_masivos/Dataset_Termico_MasivoFIN1.mat","modelo_Doble_slot_1ant_pendientes","dset_c1_p20","modelo_Doble_slot_1ant_pendientes__dset_c1_p20","/mnt/personal/TT_FINAL/DATASETS/datasets_masivos/Dataset_Termico_MasivoFIN1.mat","Doble_slot","1ant",1,1,20
"/mnt/personal/TT_FINAL/DATASETS/datasets_masivos_por_metadata/Doble_slot/1ant/Caso_1/Potencia_25W/modelo_Doble_slot_1ant_pendientes_dset_c1_p25.mat","/mnt/personal/TT_FINAL/DATASETS/datasets_masivos/Dataset_Termico_MasivoFIN1.mat","modelo_Doble_slot_1ant_pendientes","dset_c1_p25","modelo_Doble_slot_1ant_pendientes__dset_c1_p25","/mnt/personal/TT_FINAL/DATASETS/datasets_masivos/Dataset_Termico_MasivoFIN1.mat","Doble_slot","1ant",1,1,25
"/mnt/personal/TT_FINAL/DATASETS/datasets_masivos_por_metadata/Doble_slot/1ant/Caso_1/Potencia_30W/modelo_Doble_slot_1ant_pendientes_dset_c1_p30.mat","/mnt/personal/TT_FINAL/DATASETS/datasets_masivos/Dataset_Termico_MasivoFIN1.mat","modelo_Doble_slot_1ant_pendientes","dset_c1_p30","modelo_Doble_slot_1ant_pendientes__dset_c1_p30","/mnt/personal/TT_FINAL/DATASETS/datasets_masivos/Dataset_Termico_MasivoFIN1.mat","Doble_slot","1ant",1,1,30
"/mnt/personal/TT_FINAL/DATASETS/datasets_masivos_por_metadata/Doble_slot/1ant/Caso_1/Potencia_35W/modelo_Doble_slot_1ant_pendientes_dset_c1_p35.mat","/mnt/personal/TT_FINAL/DATASETS/datasets_masivos/Dataset_Termico_MasivoFIN1.mat","modelo_Doble_slot_1ant_pendientes","dset_c1_p35","modelo_Doble_slot_1ant_pendientes__dset_c1_p35","/mnt/personal/TT_FINAL/DATASETS/datasets_masivos/Dataset_Termico_MasivoFIN1.mat","Doble_slot","1ant",1,1,35
"/mnt/personal/TT_FINAL/DATASETS/datasets_masivos_por_metadata/Doble_slot/1ant/Caso_1/Potencia_40W/modelo_Doble_slot_1ant_pendientes_dset_c1_p40.mat","/mnt/personal/TT_FINAL/DATASETS/datasets_masivos/Dataset_Termico_MasivoFIN1.mat","modelo_Doble_slot_1ant_pendientes","dset_c1_p40","modelo_Doble_slot_1ant_pendientes__dset_c1_p40","/mnt/personal/TT_FINAL/DATASETS/datasets_masivos/Dataset_Termico_MasivoFIN1.mat","Doble_slot","1ant",1,1,40
"/mnt/personal/TT_FINAL/DATASETS/datasets_masivos_por_metadata/Doble_slot/1ant/Caso_1/Potencia_45W/modelo_Doble_slot_1ant_pendientes_dset_c1_p45.mat","/mnt/personal/TT_FINAL/DATASETS/datasets_masivos/Dataset_Termico_MasivoFIN1.mat","modelo_Doble_slot_1ant_pendientes","dset_c1_p45","modelo_Doble_slot_1ant_pendientes__dset_c1_p45","/mnt/personal/TT_FINAL/DATASETS/datasets_masivos/Dataset_Termico_MasivoFIN1.mat","Doble_slot","1ant",1,1,45
"/mnt/personal/TT_FINAL/DATASETS/datasets_masivos_por_metadata/Doble_slot/1ant/Caso_1/Potencia_50W/modelo_Doble_slot_1ant_pendientes_dset_c1_p50.mat","/mnt/personal/TT_FINAL/DATASETS/datasets_masivos/Dataset_Termico_MasivoFIN1.mat","modelo_Doble_slot_1ant_pendientes","dset_c1_p50","modelo_Doble_slot_1ant_pendientes__dset_c1_p50","/mnt/personal/TT_FINAL/DATASETS/datasets_masivos/Dataset_Termico_MasivoFIN1.mat","Doble_slot","1ant",1,1,50
"/mnt/personal/TT_FINAL/DATASETS/datasets_masivos_por_metadata/Doble_slot/1ant/Caso_1/Potencia_55W/modelo_Doble_slot_1ant_pendientes_dset_c1_p55.mat","/mnt/personal/TT_FINAL/DATASETS/datasets_masivos/Dataset_Termico_MasivoFIN1.mat","modelo_Doble_slot_1ant_pendientes","dset_c1_p55","modelo_Doble_slot_1ant_pendientes__dset_c1_p55","/mnt/personal/TT_FINAL/DATASETS/datasets_masivos/Dataset_Termico_MasivoFIN1.mat","Doble_slot","1ant",1,1,55
"/mnt/personal/TT_FINAL/DATASETS/datasets_masivos_por_metadata/Doble_slot/1ant/Caso_1/Potencia_60W/modelo_Doble_slot_1ant_pendientes_dset_c1_p60.mat","/mnt/personal/TT_FINAL/DATASETS/datasets_masivos/Dataset_Termico_MasivoFIN1.mat","modelo_Doble_slot_1ant_pendientes","dset_c1_p60","modelo_Doble_slot_1ant_pendientes__dset_c1_p60","/mnt/personal/TT_FINAL/DATASETS/datasets_masivos/Dataset_Termico_MasivoFIN1.mat","Doble_slot","1ant",1,1,60
"/mnt/personal/TT_FINAL/DATASETS/datasets_masivos_por_metadata/Doble_slot/1ant/Caso_1/Potencia_65W/modelo_Doble_slot_1ant_pendientes_dset_c1_p65.mat","/mnt/personal/TT_FINAL/DATASETS/datasets_masivos/Dataset_Termico_MasivoFIN1.mat","modelo_Doble_slot_1ant_pendientes","dset_c1_p65","modelo_Doble_slot_1ant_pendientes__dset_c1_p65","/mnt/personal/TT_FINAL/DATASETS/datasets_masivos/Dataset_Termico_MasivoFIN1.mat","Doble_slot","1ant",1,1,65
"/mnt/personal/TT_FINAL/DATASETS/datasets_masivos_por_metadata/Doble_slot/1ant/Caso_1/Potencia_70W/modelo_Doble_slot_1ant_pendientes_dset_c1_p70.mat","/mnt/personal/TT_FINAL/DATASETS/datasets_masivos/Dataset_Termico_MasivoFIN1.mat","modelo_Doble_slot_1ant_pendientes","dset_c1_p70","modelo_Doble_slot_1ant_pendientes__dset_c1_p70","/mnt/personal/TT_FINAL/DATASETS/datasets_masivos/Dataset_Termico_MasivoFIN1.mat","Doble_slot","1ant",1,1,70
"/mnt/personal/TT_FINAL/DATASETS/datasets_masivos_por_metadata/Doble_slot/1ant/Caso_1/Potencia_75W/modelo_Doble_slot_1ant_pendientes_dset_c1_p75.mat","/mnt/personal/TT_FINAL/DATASETS/datasets_masivos/Dataset_Termico_MasivoFIN1.mat","modelo_Doble_slot_1ant_pendientes","dset_c1_p75","modelo_Doble_slot_1ant_pendientes__dset_c1_p75","/mnt/personal/TT_FINAL/DATASETS/datasets_masivos/Dataset_Termico_MasivoFIN1.mat","Doble_slot","1ant",1,1,75
"/mnt/personal/TT_FINAL/DATASETS/datasets_masivos_por_metadata/Doble_slot/1ant/Caso_1/Potencia_80W/modelo_Doble_slot_1ant_pendientes_dset_c1_p80.mat","/mnt/personal/TT_FINAL/DATASETS/datasets_masivos/Dataset_Termico_MasivoFIN1.mat","modelo_Doble_slot_1ant_pendientes","dset_c1_p80","modelo_Doble_slot_1ant_pendientes__dset_c1_p80","/mnt/personal/TT_FINAL/DATASETS/datasets_masivos/Dataset_Termico_MasivoFIN1.mat","Doble_slot","1ant",1,1,80
"/mnt/personal/TT_FINAL/DATASETS/datasets_masivos_por_metadata/Doble_slot/1ant/Caso_1/Potencia_85W/modelo_Doble_slot_1ant_pendientes_dset_c1_p85.mat","/mnt/personal/TT_FINAL/DATASETS/datasets_masivos/Dataset_Termico_MasivoFIN1.mat","modelo_Doble_slot_1ant_pendientes","dset_c1_p85","modelo_Doble_slot_1ant_pendientes__dset_c1_p85","/mnt/personal/TT_FINAL/DATASETS/datasets_masivos/Dataset_Termico_MasivoFIN1.mat","Doble_slot","1ant",1,1,85
"/mnt/personal/TT_FINAL/DATASETS/datasets_masivos_por_metadata/Doble_slot/1ant/Caso_1/Potencia_90W/modelo_Doble_slot_1ant_pendientes_dset_c1_p90.mat","/mnt/personal/TT_FINAL/DATASETS/datasets_masivos/Dataset_Termico_MasivoFIN1.mat","modelo_Doble_slot_1ant_pendientes","dset_c1_p90","modelo_Doble_slot_1ant_pendientes__dset_c1_p90","/mnt/personal/TT_FINAL/DATASETS/datasets_masivos/Dataset_Termico_MasivoFIN1.mat","Doble_slot","1ant",1,1,90
"/mnt/personal/TT_FINAL/DATASETS/datasets_masivos_por_metadata/Doble_slot/1ant/Caso_1/Potencia_95W/modelo_Doble_slot_1ant_pendientes_dset_c1_p95.mat","/mnt/personal/TT_FINAL/DATASETS/datasets_masivos/Dataset_Termico_MasivoFIN1.mat","modelo_Doble_slot_1ant_pendientes","dset_c1_p95","modelo_Doble_slot_1ant_pendientes__dset_c1_p95","/mnt/personal/TT_FINAL/DATASETS/datasets_masivos/Dataset_Termico_MasivoFIN1.mat","Doble_slot","1ant",1,1,95
"/mnt/personal/TT_FINAL/DATASETS/datasets_masivos_por_metadata/Doble_slot/1ant/Caso_2/Potencia_10W/modelo_Doble_slot_1ant_pendientes_dset_c2_p10.mat","/mnt/personal/TT_FINAL/DATASETS/datasets_masivos/Dataset_Termico_MasivoFIN1.mat","modelo_Doble_slot_1ant_pendientes","dset_c2_p10","modelo_Doble_slot_1ant_pendientes__dset_c2_p10","/mnt/personal/TT_FINAL/DATASETS/datasets_masivos/Dataset_Termico_MasivoFIN1.mat","Doble_slot","1ant",1,2,10
"/mnt/personal/TT_FINAL/DATASETS/datasets_masivos_por_metadata/Doble_slot/1ant/Caso_2/Potencia_100W/modelo_Doble_slot_1ant_pendientes_dset_c2_p100.mat","/mnt/personal/TT_FINAL/DATASETS/datasets_masivos/Dataset_Termico_MasivoFIN1.mat","modelo_Doble_slot_1ant_pendientes","dset_c2_p100","modelo_Doble_slot_1ant_pendientes__dset_c2_p100","/mnt/personal/TT_FINAL/DATASETS/datasets_masivos/Dataset_Termico_MasivoFIN1.mat","Doble_slot","1ant",1,2,100
"/mnt/personal/TT_FINAL/DATASETS/datasets_masivos_por_metadata/Doble_slot/1ant/Caso_2/Potencia_15W/modelo_Doble_slot_1ant_pendientes_dset_c2_p15.mat","/mnt/personal/TT_FINAL/DATASETS/datasets_masivos/Dataset_Termico_MasivoFIN1.mat","modelo_Doble_slot_1ant_pendientes","dset_c2_p15","modelo_Doble_slot_1ant_pendientes__dset_c2_p15","/mnt/personal/TT_FINAL/DATASETS/datasets_masivos/Dataset_Termico_MasivoFIN1.mat","Doble_slot","1ant",1,2,15
"/mnt/personal/TT_FINAL/DATASETS/datasets_masivos_por_metadata/Doble_slot/1ant/Caso_2/Potencia_20W/modelo_Doble_slot_1ant_pendientes_dset_c2_p20.mat","/mnt/personal/TT_FINAL/DATASETS/datasets_masivos/Dataset_Termico_MasivoFIN1.mat","modelo_Doble_slot_1ant_pendientes","dset_c2_p20","modelo_Doble_slot_1ant_pendientes__dset_c2_p20","/mnt/personal/TT_FINAL/DATASETS/datasets_masivos/Dataset_Termico_MasivoFIN1.mat","Doble_slot","1ant",1,2,20
"/mnt/personal/TT_FINAL/DATASETS/datasets_masivos_por_metadata/Doble_slot/1ant/Caso_2/Potencia_25W/modelo_Doble_slot_1ant_pendientes_dset_c2_p25.mat","/mnt/personal/TT_FINAL/DATASETS/datasets_masivos/Dataset_Termico_MasivoFIN1.mat","modelo_Doble_slot_1ant_pendientes","dset_c2_p25","modelo_Doble_slot_1ant_pendientes__dset_c2_p25","/mnt/personal/TT_FINAL/DATASETS/datasets_masivos/Dataset_Termico_MasivoFIN1.mat","Doble_slot","1ant",1,2,25
"/mnt/personal/TT_FINAL/DATASETS/datasets_masivos_por_metadata/Doble_slot/1ant/Caso_2/Potencia_30W/modelo_Doble_slot_1ant_pendientes_dset_c2_p30.mat","/mnt/personal/TT_FINAL/DATASETS/datasets_masivos/Dataset_Termico_MasivoFIN1.mat","modelo_Doble_slot_1ant_pendientes","dset_c2_p30","modelo_Doble_slot_1ant_pendientes__dset_c2_p30","/mnt/personal/TT_FINAL/DATASETS/datasets_masivos/Dataset_Termico_MasivoFIN1.mat","Doble_slot","1ant",1,2,30
"/mnt/personal/TT_FINAL/DATASETS/datasets_masivos_por_metadata/Doble_slot/1ant/Caso_2/Potencia_35W/modelo_Doble_slot_1ant_pendientes_dset_c2_p35.mat","/mnt/personal/TT_FINAL/DATASETS/datasets_masivos/Dataset_Termico_MasivoFIN1.mat","modelo_Doble_slot_1ant_pendientes","dset_c2_p35","modelo_Doble_slot_1ant_pendientes__dset_c2_p35","/mnt/personal/TT_FINAL/DATASETS/datasets_masivos/Dataset_Termico_MasivoFIN1.mat","Doble_slot","1ant",1,2,35
"/mnt/personal/TT_FINAL/DATASETS/datasets_masivos_por_metadata/Doble_slot/1ant/Caso_2/Potencia_40W/modelo_Doble_slot_1ant_pendientes_dset_c2_p40.mat","/mnt/personal/TT_FINAL/DATASETS/datasets_masivos/Dataset_Termico_MasivoFIN1.mat","modelo_Doble_slot_1ant_pendientes","dset_c2_p40","modelo_Doble_slot_1ant_pendientes__dset_c2_p40","/mnt/personal/TT_FINAL/DATASETS/datasets_masivos/Dataset_Termico_MasivoFIN1.mat","Doble_slot","1ant",1,2,40
"/mnt/personal/TT_FINAL/DATASETS/datasets_masivos_por_metadata/Doble_slot/1ant/Caso_2/Potencia_45W/modelo_Doble_slot_1ant_pendientes_dset_c2_p45.mat","/mnt/personal/TT_FINAL/DATASETS/datasets_masivos/Dataset_Termico_MasivoFIN1.mat","modelo_Doble_slot_1ant_pendientes","dset_c2_p45","modelo_Doble_slot_1ant_pendientes__dset_c2_p45","/mnt/personal/TT_FINAL/DATASETS/datasets_masivos/Dataset_Termico_MasivoFIN1.mat","Doble_slot","1ant",1,2,45
"/mnt/personal/TT_FINAL/DATASETS/datasets_masivos_por_metadata/Doble_slot/1ant/Caso_2/Potencia_5W/modelo_Doble_slot_1ant_pendientes_dset_c2_p5.mat","/mnt/personal/TT_FINAL/DATASETS/datasets_masivos/Dataset_Termico_MasivoFIN1.mat","modelo_Doble_slot_1ant_pendientes","dset_c2_p5","modelo_Doble_slot_1ant_pendientes__dset_c2_p5","/mnt/personal/TT_FINAL/DATASETS/datasets_masivos/Dataset_Termico_MasivoFIN1.mat","Doble_slot","1ant",1,2,5
"/mnt/personal/TT_FINAL/DATASETS/datasets_masivos_por_metadata/Doble_slot/1ant/Caso_2/Potencia_50W/modelo_Doble_slot_1ant_pendientes_dset_c2_p50.mat","/mnt/personal/TT_FINAL/DATASETS/datasets_masivos/Dataset_Termico_MasivoFIN1.mat","modelo_Doble_slot_1ant_pendientes","dset_c2_p50","modelo_Doble_slot_1ant_pendientes__dset_c2_p50","/mnt/personal/TT_FINAL/DATASETS/datasets_masivos/Dataset_Termico_MasivoFIN1.mat","Doble_slot","1ant",1,2,50
"/mnt/personal/TT_FINAL/DATASETS/datasets_masivos_por_metadata/Doble_slot/1ant/Caso_2/Potencia_55W/modelo_Doble_slot_1ant_pendientes_dset_c2_p55.mat","/mnt/personal/TT_FINAL/DATASETS/datasets_masivos/Dataset_Termico_MasivoFIN1.mat","modelo_Doble_slot_1ant_pendientes","dset_c2_p55","modelo_Doble_slot_1ant_pendientes__dset_c2_p55","/mnt/personal/TT_FINAL/DATASETS/datasets_masivos/Dataset_Termico_MasivoFIN1.mat","Doble_slot","1ant",1,2,55
"/mnt/personal/TT_FINAL/DATASETS/datasets_masivos_por_metadata/Doble_slot/1ant/Caso_2/Potencia_60W/modelo_Doble_slot_1ant_pendientes_dset_c2_p60.mat","/mnt/personal/TT_FINAL/DATASETS/datasets_masivos/Dataset_Termico_MasivoFIN1.mat","modelo_Doble_slot_1ant_pendientes","dset_c2_p60","modelo_Doble_slot_1ant_pendientes__dset_c2_p60","/mnt/personal/TT_FINAL/DATASETS/datasets_masivos/Dataset_Termico_MasivoFIN1.mat","Doble_slot","1ant",1,2,60
"/mnt/personal/TT_FINAL/DATASETS/datasets_masivos_por_metadata/Doble_slot/1ant/Caso_2/Potencia_65W/modelo_Doble_slot_1ant_pendientes_dset_c2_p65.mat","/mnt/personal/TT_FINAL/DATASETS/datasets_masivos/Dataset_Termico_MasivoFIN1.mat","modelo_Doble_slot_1ant_pendientes","dset_c2_p65","modelo_Doble_slot_1ant_pendientes__dset_c2_p65","/mnt/personal/TT_FINAL/DATASETS/datasets_masivos/Dataset_Termico_MasivoFIN1.mat","Doble_slot","1ant",1,2,65
"/mnt/personal/TT_FINAL/DATASETS/datasets_masivos_por_metadata/Doble_slot/1ant/Caso_2/Potencia_70W/modelo_Doble_slot_1ant_pendientes_dset_c2_p70.mat","/mnt/personal/TT_FINAL/DATASETS/datasets_masivos/Dataset_Termico_MasivoFIN1.mat","modelo_Doble_slot_1ant_pendientes","dset_c2_p70","modelo_Doble_slot_1ant_pendientes__dset_c2_p70","/mnt/personal/TT_FINAL/DATASETS/datasets_masivos/Dataset_Termico_MasivoFIN1.mat","Doble_slot","1ant",1,2,70
"/mnt/personal/TT_FINAL/DATASETS/datasets_masivos_por_metadata/Doble_slot/1ant/Caso_2/Potencia_75W/modelo_Doble_slot_1ant_pendientes_dset_c2_p75.mat","/mnt/personal/TT_FINAL/DATASETS/datasets_masivos/Dataset_Termico_MasivoFIN1.mat","modelo_Doble_slot_1ant_pendientes","dset_c2_p75","modelo_Doble_slot_1ant_pendientes__dset_c2_p75","/mnt/personal/TT_FINAL/DATASETS/datasets_masivos/Dataset_Termico_MasivoFIN1.mat","Doble_slot","1ant",1,2,75
"/mnt/personal/TT_FINAL/DATASETS/datasets_masivos_por_metadata/Doble_slot/1ant/Caso_2/Potencia_80W/modelo_Doble_slot_1ant_pendientes_dset_c2_p80.mat","/mnt/personal/TT_FINAL/DATASETS/datasets_masivos/Dataset_Termico_MasivoFIN1.mat","modelo_Doble_slot_1ant_pendientes","dset_c2_p80","modelo_Doble_slot_1ant_pendientes__dset_c2_p80","/mnt/personal/TT_FINAL/DATASETS/datasets_masivos/Dataset_Termico_MasivoFIN1.mat","Doble_slot","1ant",1,2,80
"/mnt/personal/TT_FINAL/DATASETS/datasets_masivos_por_metadata/Doble_slot/1ant/Caso_2/Potencia_85W/modelo_Doble_slot_1ant_pendientes_dset_c2_p85.mat","/mnt/personal/TT_FINAL/DATASETS/datasets_masivos/Dataset_Termico_MasivoFIN1.mat","modelo_Doble_slot_1ant_pendientes","dset_c2_p85","modelo_Doble_slot_1ant_pendientes__dset_c2_p85","/mnt/personal/TT_FINAL/DATASETS/datasets_masivos/Dataset_Termico_MasivoFIN1.mat","Doble_slot","1ant",1,2,85
"/mnt/personal/TT_FINAL/DATASETS/datasets_masivos_por_metadata/Doble_slot/1ant/Caso_2/Potencia_90W/modelo_Doble_slot_1ant_pendientes_dset_c2_p90.mat","/mnt/personal/TT_FINAL/DATASETS/datasets_masivos/Dataset_Termico_MasivoFIN1.mat","modelo_Doble_slot_1ant_pendientes","dset_c2_p90","modelo_Doble_slot_1ant_pendientes__dset_c2_p90","/mnt/personal/TT_FINAL/DATASETS/datasets_masivos/Dataset_Termico_MasivoFIN1.mat","Doble_slot","1ant",1,2,90
"/mnt/personal/TT_FINAL/DATASETS/datasets_masivos_por_metadata/Doble_slot/1ant/Caso_2/Potencia_95W/modelo_Doble_slot_1ant_pendientes_dset_c2_p95.mat","/mnt/personal/TT_FINAL/DATASETS/datasets_masivos/Dataset_Termico_MasivoFIN1.mat","modelo_Doble_slot_1ant_pendientes","dset_c2_p95","modelo_Doble_slot_1ant_pendientes__dset_c2_p95","/mnt/personal/TT_FINAL/DATASETS/datasets_masivos/Dataset_Termico_MasivoFIN1.mat","Doble_slot","1ant",1,2,95
"/mnt/personal/TT_FINAL/DATASETS/datasets_masivos_por_metadata/Doble_slot/1ant/Caso_3/Potencia_100W/modelo_Doble_slot_1ant_pendientes_dset_c3_p100.mat","/mnt/personal/TT_FINAL/DATASETS/datasets_masivos/Dataset_Termico_MasivoFIN1.mat","modelo_Doble_slot_1ant_pendientes","dset_c3_p100","modelo_Doble_slot_1ant_pendientes__dset_c3_p100","/mnt/personal/TT_FINAL/DATASETS/datasets_masivos/Dataset_Termico_MasivoFIN1.mat","Doble_slot","1ant",1,3,100
"/mnt/personal/TT_FINAL/DATASETS/datasets_masivos_por_metadata/Doble_slot/1ant/Caso_3/Potencia_25W/modelo_Doble_slot_1ant_pendientes_dset_c3_p25.mat","/mnt/personal/TT_FINAL/DATASETS/datasets_masivos/Dataset_Termico_MasivoFIN1.mat","modelo_Doble_slot_1ant_pendientes","dset_c3_p25","modelo_Doble_slot_1ant_pendientes__dset_c3_p25","/mnt/personal/TT_FINAL/DATASETS/datasets_masivos/Dataset_Termico_MasivoFIN1.mat","Doble_slot","1ant",1,3,25
"/mnt/personal/TT_FINAL/DATASETS/datasets_masivos_por_metadata/Doble_slot/1ant/Caso_3/Potencia_30W/modelo_Doble_slot_1ant_pendientes_dset_c3_p30.mat","/mnt/personal/TT_FINAL/DATASETS/datasets_masivos/Dataset_Termico_MasivoFIN1.mat","modelo_Doble_slot_1ant_pendientes","dset_c3_p30","modelo_Doble_slot_1ant_pendientes__dset_c3_p30","/mnt/personal/TT_FINAL/DATASETS/datasets_masivos/Dataset_Termico_MasivoFIN1.mat","Doble_slot","1ant",1,3,30
"/mnt/personal/TT_FINAL/DATASETS/datasets_masivos_por_metadata/Doble_slot/1ant/Caso_3/Potencia_35W/modelo_Doble_slot_1ant_pendientes_dset_c3_p35.mat","/mnt/personal/TT_FINAL/DATASETS/datasets_masivos/Dataset_Termico_MasivoFIN1.mat","modelo_Doble_slot_1ant_pendientes","dset_c3_p35","modelo_Doble_slot_1ant_pendientes__dset_c3_p35","/mnt/personal/TT_FINAL/DATASETS/datasets_masivos/Dataset_Termico_MasivoFIN1.mat","Doble_slot","1ant",1,3,35
"/mnt/personal/TT_FINAL/DATASETS/datasets_masivos_por_metadata/Doble_slot/1ant/Caso_3/Potencia_40W/modelo_Doble_slot_1ant_pendientes_dset_c3_p40.mat","/mnt/personal/TT_FINAL/DATASETS/datasets_masivos/Dataset_Termico_MasivoFIN1.mat","modelo_Doble_slot_1ant_pendientes","dset_c3_p40","modelo_Doble_slot_1ant_pendientes__dset_c3_p40","/mnt/personal/TT_FINAL/DATASETS/datasets_masivos/Dataset_Termico_MasivoFIN1.mat","Doble_slot","1ant",1,3,40
"/mnt/personal/TT_FINAL/DATASETS/datasets_masivos_por_metadata/Doble_slot/1ant/Caso_3/Potencia_45W/modelo_Doble_slot_1ant_pendientes_dset_c3_p45.mat","/mnt/personal/TT_FINAL/DATASETS/datasets_masivos/Dataset_Termico_MasivoFIN1.mat","modelo_Doble_slot_1ant_pendientes","dset_c3_p45","modelo_Doble_slot_1ant_pendientes__dset_c3_p45","/mnt/personal/TT_FINAL/DATASETS/datasets_masivos/Dataset_Termico_MasivoFIN1.mat","Doble_slot","1ant",1,3,45
"/mnt/personal/TT_FINAL/DATASETS/datasets_masivos_por_metadata/Doble_slot/1ant/Caso_3/Potencia_50W/modelo_Doble_slot_1ant_pendientes_dset_c3_p50.mat","/mnt/personal/TT_FINAL/DATASETS/datasets_masivos/Dataset_Termico_MasivoFIN1.mat","modelo_Doble_slot_1ant_pendientes","dset_c3_p50","modelo_Doble_slot_1ant_pendientes__dset_c3_p50","/mnt/personal/TT_FINAL/DATASETS/datasets_masivos/Dataset_Termico_MasivoFIN1.mat","Doble_slot","1ant",1,3,50
"/mnt/personal/TT_FINAL/DATASETS/datasets_masivos_por_metadata/Doble_slot/1ant/Caso_3/Potencia_55W/modelo_Doble_slot_1ant_pendientes_dset_c3_p55.mat","/mnt/personal/TT_FINAL/DATASETS/datasets_masivos/Dataset_Termico_MasivoFIN1.mat","modelo_Doble_slot_1ant_pendientes","dset_c3_p55","modelo_Doble_slot_1ant_pendientes__dset_c3_p55","/mnt/personal/TT_FINAL/DATASETS/datasets_masivos/Dataset_Termico_MasivoFIN1.mat","Doble_slot","1ant",1,3,55
"/mnt/personal/TT_FINAL/DATASETS/datasets_masivos_por_metadata/Doble_slot/1ant/Caso_3/Potencia_60W/modelo_Doble_slot_1ant_pendientes_dset_c3_p60.mat","/mnt/personal/TT_FINAL/DATASETS/datasets_masivos/Dataset_Termico_MasivoFIN1.mat","modelo_Doble_slot_1ant_pendientes","dset_c3_p60","modelo_Doble_slot_1ant_pendientes__dset_c3_p60","/mnt/personal/TT_FINAL/DATASETS/datasets_masivos/Dataset_Termico_MasivoFIN1.mat","Doble_slot","1ant",1,3,60
"/mnt/personal/TT_FINAL/DATASETS/datasets_masivos_por_metadata/Doble_slot/1ant/Caso_3/Potencia_65W/modelo_Doble_slot_1ant_pendientes_dset_c3_p65.mat","/mnt/personal/TT_FINAL/DATASETS/datasets_masivos/Dataset_Termico_MasivoFIN1.mat","modelo_Doble_slot_1ant_pendientes","dset_c3_p65","modelo_Doble_slot_1ant_pendientes__dset_c3_p65","/mnt/personal/TT_FINAL/DATASETS/datasets_masivos/Dataset_Termico_MasivoFIN1.mat","Doble_slot","1ant",1,3,65
"/mnt/personal/TT_FINAL/DATASETS/datasets_masivos_por_metadata/Doble_slot/1ant/Caso_3/Potencia_70W/modelo_Doble_slot_1ant_pendientes_dset_c3_p70.mat","/mnt/personal/TT_FINAL/DATASETS/datasets_masivos/Dataset_Termico_MasivoFIN1.mat","modelo_Doble_slot_1ant_pendientes","dset_c3_p70","modelo_Doble_slot_1ant_pendientes__dset_c3_p70","/mnt/personal/TT_FINAL/DATASETS/datasets_masivos/Dataset_Termico_MasivoFIN1.mat","Doble_slot","1ant",1,3,70
"/mnt/personal/TT_FINAL/DATASETS/datasets_masivos_por_metadata/Doble_slot/1ant/Caso_3/Potencia_75W/modelo_Doble_slot_1ant_pendientes_dset_c3_p75.mat","/mnt/personal/TT_FINAL/DATASETS/datasets_masivos/Dataset_Termico_MasivoFIN1.mat","modelo_Doble_slot_1ant_pendientes","dset_c3_p75","modelo_Doble_slot_1ant_pendientes__dset_c3_p75","/mnt/personal/TT_FINAL/DATASETS/datasets_masivos/Dataset_Termico_MasivoFIN1.mat","Doble_slot","1ant",1,3,75
"/mnt/personal/TT_FINAL/DATASETS/datasets_masivos_por_metadata/Doble_slot/1ant/Caso_3/Potencia_80W/modelo_Doble_slot_1ant_pendientes_dset_c3_p80.mat","/mnt/personal/TT_FINAL/DATASETS/datasets_masivos/Dataset_Termico_MasivoFIN1.mat","modelo_Doble_slot_1ant_pendientes","dset_c3_p80","modelo_Doble_slot_1ant_pendientes__dset_c3_p80","/mnt/personal/TT_FINAL/DATASETS/datasets_masivos/Dataset_Termico_MasivoFIN1.mat","Doble_slot","1ant",1,3,80
"/mnt/personal/TT_FINAL/DATASETS/datasets_masivos_por_metadata/Doble_slot/1ant/Caso_3/Potencia_85W/modelo_Doble_slot_1ant_pendientes_dset_c3_p85.mat","/mnt/personal/TT_FINAL/DATASETS/datasets_masivos/Dataset_Termico_MasivoFIN1.mat","modelo_Doble_slot_1ant_pendientes","dset_c3_p85","modelo_Doble_slot_1ant_pendientes__dset_c3_p85","/mnt/personal/TT_FINAL/DATASETS/datasets_masivos/Dataset_Termico_MasivoFIN1.mat","Doble_slot","1ant",1,3,85
"/mnt/personal/TT_FINAL/DATASETS/datasets_masivos_por_metadata/Doble_slot/1ant/Caso_3/Potencia_90W/modelo_Doble_slot_1ant_pendientes_dset_c3_p90.mat","/mnt/personal/TT_FINAL/DATASETS/datasets_masivos/Dataset_Termico_MasivoFIN1.mat","modelo_Doble_slot_1ant_pendientes","dset_c3_p90","modelo_Doble_slot_1ant_pendientes__dset_c3_p90","/mnt/personal/TT_FINAL/DATASETS/datasets_masivos/Dataset_Termico_MasivoFIN1.mat","Doble_slot","1ant",1,3,90
"/mnt/personal/TT_FINAL/DATASETS/datasets_masivos_por_metadata/Doble_slot/1ant/Caso_3/Potencia_95W/modelo_Doble_slot_1ant_pendientes_dset_c3_p95.mat","/mnt/personal/TT_FINAL/DATASETS/datasets_masivos/Dataset_Termico_MasivoFIN1.mat","modelo_Doble_slot_1ant_pendientes","dset_c3_p95","modelo_Doble_slot_1ant_pendientes__dset_c3_p95","/mnt/personal/TT_FINAL/DATASETS/datasets_masivos/Dataset_Termico_MasivoFIN1.mat","Doble_slot","1ant",1,3,95
"/mnt/personal/TT_FINAL/DATASETS/datasets_masivos_por_metadata/Doble_slot/1ant/Caso_4/Potencia_10W/modelo_Doble_slot_1ant_pendientes_dset_c4_p10.mat","/mnt/personal/TT_FINAL/DATASETS/datasets_masivos/Dataset_Termico_MasivoFIN1.mat","modelo_Doble_slot_1ant_pendientes","dset_c4_p10","modelo_Doble_slot_1ant_pendientes__dset_c4_p10","/mnt/personal/TT_FINAL/DATASETS/datasets_masivos/Dataset_Termico_MasivoFIN1.mat","Doble_slot","1ant",1,4,10
"/mnt/personal/TT_FINAL/DATASETS/datasets_masivos_por_metadata/Doble_slot/1ant/Caso_4/Potencia_100W/modelo_Doble_slot_1ant_pendientes_dset_c4_p100.mat","/mnt/personal/TT_FINAL/DATASETS/datasets_masivos/Dataset_Termico_MasivoFIN1.mat","modelo_Doble_slot_1ant_pendientes","dset_c4_p100","modelo_Doble_slot_1ant_pendientes__dset_c4_p100","/mnt/personal/TT_FINAL/DATASETS/datasets_masivos/Dataset_Termico_MasivoFIN1.mat","Doble_slot","1ant",1,4,100
"/mnt/personal/TT_FINAL/DATASETS/datasets_masivos_por_metadata/Doble_slot/1ant/Caso_4/Potencia_15W/modelo_Doble_slot_1ant_pendientes_dset_c4_p15.mat","/mnt/personal/TT_FINAL/DATASETS/datasets_masivos/Dataset_Termico_MasivoFIN1.mat","modelo_Doble_slot_1ant_pendientes","dset_c4_p15","modelo_Doble_slot_1ant_pendientes__dset_c4_p15","/mnt/personal/TT_FINAL/DATASETS/datasets_masivos/Dataset_Termico_MasivoFIN1.mat","Doble_slot","1ant",1,4,15
"/mnt/personal/TT_FINAL/DATASETS/datasets_masivos_por_metadata/Doble_slot/1ant/Caso_4/Potencia_20W/modelo_Doble_slot_1ant_pendientes_dset_c4_p20.mat","/mnt/personal/TT_FINAL/DATASETS/datasets_masivos/Dataset_Termico_MasivoFIN1.mat","modelo_Doble_slot_1ant_pendientes","dset_c4_p20","modelo_Doble_slot_1ant_pendientes__dset_c4_p20","/mnt/personal/TT_FINAL/DATASETS/datasets_masivos/Dataset_Termico_MasivoFIN1.mat","Doble_slot","1ant",1,4,20
"/mnt/personal/TT_FINAL/DATASETS/datasets_masivos_por_metadata/Doble_slot/1ant/Caso_4/Potencia_25W/modelo_Doble_slot_1ant_pendientes_dset_c4_p25.mat","/mnt/personal/TT_FINAL/DATASETS/datasets_masivos/Dataset_Termico_MasivoFIN1.mat","modelo_Doble_slot_1ant_pendientes","dset_c4_p25","modelo_Doble_slot_1ant_pendientes__dset_c4_p25","/mnt/personal/TT_FINAL/DATASETS/datasets_masivos/Dataset_Termico_MasivoFIN1.mat","Doble_slot","1ant",1,4,25
"/mnt/personal/TT_FINAL/DATASETS/datasets_masivos_por_metadata/Doble_slot/1ant/Caso_4/Potencia_30W/modelo_Doble_slot_1ant_pendientes_dset_c4_p30.mat","/mnt/personal/TT_FINAL/DATASETS/datasets_masivos/Dataset_Termico_MasivoFIN1.mat","modelo_Doble_slot_1ant_pendientes","dset_c4_p30","modelo_Doble_slot_1ant_pendientes__dset_c4_p30","/mnt/personal/TT_FINAL/DATASETS/datasets_masivos/Dataset_Termico_MasivoFIN1.mat","Doble_slot","1ant",1,4,30
"/mnt/personal/TT_FINAL/DATASETS/datasets_masivos_por_metadata/Doble_slot/1ant/Caso_4/Potencia_35W/modelo_Doble_slot_1ant_pendientes_dset_c4_p35.mat","/mnt/personal/TT_FINAL/DATASETS/datasets_masivos/Dataset_Termico_MasivoFIN1.mat","modelo_Doble_slot_1ant_pendientes","dset_c4_p35","modelo_Doble_slot_1ant_pendientes__dset_c4_p35","/mnt/personal/TT_FINAL/DATASETS/datasets_masivos/Dataset_Termico_MasivoFIN1.mat","Doble_slot","1ant",1,4,35
"/mnt/personal/TT_FINAL/DATASETS/datasets_masivos_por_metadata/Doble_slot/1ant/Caso_4/Potencia_40W/modelo_Doble_slot_1ant_pendientes_dset_c4_p40.mat","/mnt/personal/TT_FINAL/DATASETS/datasets_masivos/Dataset_Termico_MasivoFIN1.mat","modelo_Doble_slot_1ant_pendientes","dset_c4_p40","modelo_Doble_slot_1ant_pendientes__dset_c4_p40","/mnt/personal/TT_FINAL/DATASETS/datasets_masivos/Dataset_Termico_MasivoFIN1.mat","Doble_slot","1ant",1,4,40
"/mnt/personal/TT_FINAL/DATASETS/datasets_masivos_por_metadata/Doble_slot/1ant/Caso_4/Potencia_45W/modelo_Doble_slot_1ant_pendientes_dset_c4_p45.mat","/mnt/personal/TT_FINAL/DATASETS/datasets_masivos/Dataset_Termico_MasivoFIN1.mat","modelo_Doble_slot_1ant_pendientes","dset_c4_p45","modelo_Doble_slot_1ant_pendientes__dset_c4_p45","/mnt/personal/TT_FINAL/DATASETS/datasets_masivos/Dataset_Termico_MasivoFIN1.mat","Doble_slot","1ant",1,4,45
"/mnt/personal/TT_FINAL/DATASETS/datasets_masivos_por_metadata/Doble_slot/1ant/Caso_4/Potencia_5W/modelo_Doble_slot_1ant_pendientes_dset_c4_p5.mat","/mnt/personal/TT_FINAL/DATASETS/datasets_masivos/Dataset_Termico_MasivoFIN1.mat","modelo_Doble_slot_1ant_pendientes","dset_c4_p5","modelo_Doble_slot_1ant_pendientes__dset_c4_p5","/mnt/personal/TT_FINAL/DATASETS/datasets_masivos/Dataset_Termico_MasivoFIN1.mat","Doble_slot","1ant",1,4,5
"/mnt/personal/TT_FINAL/DATASETS/datasets_masivos_por_metadata/Doble_slot/1ant/Caso_4/Potencia_50W/modelo_Doble_slot_1ant_pendientes_dset_c4_p50.mat","/mnt/personal/TT_FINAL/DATASETS/datasets_masivos/Dataset_Termico_MasivoFIN1.mat","modelo_Doble_slot_1ant_pendientes","dset_c4_p50","modelo_Doble_slot_1ant_pendientes__dset_c4_p50","/mnt/personal/TT_FINAL/DATASETS/datasets_masivos/Dataset_Termico_MasivoFIN1.mat","Doble_slot","1ant",1,4,50
"/mnt/personal/TT_FINAL/DATASETS/datasets_masivos_por_metadata/Doble_slot/1ant/Caso_4/Potencia_55W/modelo_Doble_slot_1ant_pendientes_dset_c4_p55.mat","/mnt/personal/TT_FINAL/DATASETS/datasets_masivos/Dataset_Termico_MasivoFIN1.mat","modelo_Doble_slot_1ant_pendientes","dset_c4_p55","modelo_Doble_slot_1ant_pendientes__dset_c4_p55","/mnt/personal/TT_FINAL/DATASETS/datasets_masivos/Dataset_Termico_MasivoFIN1.mat","Doble_slot","1ant",1,4,55
"/mnt/personal/TT_FINAL/DATASETS/datasets_masivos_por_metadata/Doble_slot/1ant/Caso_4/Potencia_60W/modelo_Doble_slot_1ant_pendientes_dset_c4_p60.mat","/mnt/personal/TT_FINAL/DATASETS/datasets_masivos/Dataset_Termico_MasivoFIN1.mat","modelo_Doble_slot_1ant_pendientes","dset_c4_p60","modelo_Doble_slot_1ant_pendientes__dset_c4_p60","/mnt/personal/TT_FINAL/DATASETS/datasets_masivos/Dataset_Termico_MasivoFIN1.mat","Doble_slot","1ant",1,4,60
"/mnt/personal/TT_FINAL/DATASETS/datasets_masivos_por_metadata/Doble_slot/1ant/Caso_4/Potencia_65W/modelo_Doble_slot_1ant_pendientes_dset_c4_p65.mat","/mnt/personal/TT_FINAL/DATASETS/datasets_masivos/Dataset_Termico_MasivoFIN1.mat","modelo_Doble_slot_1ant_pendientes","dset_c4_p65","modelo_Doble_slot_1ant_pendientes__dset_c4_p65","/mnt/personal/TT_FINAL/DATASETS/datasets_masivos/Dataset_Termico_MasivoFIN1.mat","Doble_slot","1ant",1,4,65
"/mnt/personal/TT_FINAL/DATASETS/datasets_masivos_por_metadata/Doble_slot/1ant/Caso_4/Potencia_70W/modelo_Doble_slot_1ant_pendientes_dset_c4_p70.mat","/mnt/personal/TT_FINAL/DATASETS/datasets_masivos/Dataset_Termico_MasivoFIN1.mat","modelo_Doble_slot_1ant_pendientes","dset_c4_p70","modelo_Doble_slot_1ant_pendientes__dset_c4_p70","/mnt/personal/TT_FINAL/DATASETS/datasets_masivos/Dataset_Termico_MasivoFIN1.mat","Doble_slot","1ant",1,4,70
"/mnt/personal/TT_FINAL/DATASETS/datasets_masivos_por_metadata/Doble_slot/1ant/Caso_4/Potencia_75W/modelo_Doble_slot_1ant_pendientes_dset_c4_p75.mat","/mnt/personal/TT_FINAL/DATASETS/datasets_masivos/Dataset_Termico_MasivoFIN1.mat","modelo_Doble_slot_1ant_pendientes","dset_c4_p75","modelo_Doble_slot_1ant_pendientes__dset_c4_p75","/mnt/personal/TT_FINAL/DATASETS/datasets_masivos/Dataset_Termico_MasivoFIN1.mat","Doble_slot","1ant",1,4,75
"/mnt/personal/TT_FINAL/DATASETS/datasets_masivos_por_metadata/Doble_slot/1ant/Caso_4/Potencia_80W/modelo_Doble_slot_1ant_pendientes_dset_c4_p80.mat","/mnt/personal/TT_FINAL/DATASETS/datasets_masivos/Dataset_Termico_MasivoFIN1.mat","modelo_Doble_slot_1ant_pendientes","dset_c4_p80","modelo_Doble_slot_1ant_pendientes__dset_c4_p80","/mnt/personal/TT_FINAL/DATASETS/datasets_masivos/Dataset_Termico_MasivoFIN1.mat","Doble_slot","1ant",1,4,80
"/mnt/personal/TT_FINAL/DATASETS/datasets_masivos_por_metadata/Doble_slot/1ant/Caso_4/Potencia_85W/modelo_Doble_slot_1ant_pendientes_dset_c4_p85.mat","/mnt/personal/TT_FINAL/DATASETS/datasets_masivos/Dataset_Termico_MasivoFIN1.mat","modelo_Doble_slot_1ant_pendientes","dset_c4_p85","modelo_Doble_slot_1ant_pendientes__dset_c4_p85","/mnt/personal/TT_FINAL/DATASETS/datasets_masivos/Dataset_Termico_MasivoFIN1.mat","Doble_slot","1ant",1,4,85
"/mnt/personal/TT_FINAL/DATASETS/datasets_masivos_por_metadata/Doble_slot/1ant/Caso_4/Potencia_90W/modelo_Doble_slot_1ant_pendientes_dset_c4_p90.mat","/mnt/personal/TT_FINAL/DATASETS/datasets_masivos/Dataset_Termico_MasivoFIN1.mat","modelo_Doble_slot_1ant_pendientes","dset_c4_p90","modelo_Doble_slot_1ant_pendientes__dset_c4_p90","/mnt/personal/TT_FINAL/DATASETS/datasets_masivos/Dataset_Termico_MasivoFIN1.mat","Doble_slot","1ant",1,4,90
"/mnt/personal/TT_FINAL/DATASETS/datasets_masivos_por_metadata/Doble_slot/1ant/Caso_4/Potencia_95W/modelo_Doble_slot_1ant_pendientes_dset_c4_p95.mat","/mnt/personal/TT_FINAL/DATASETS/datasets_masivos/Dataset_Termico_MasivoFIN1.mat","modelo_Doble_slot_1ant_pendientes","dset_c4_p95","modelo_Doble_slot_1ant_pendientes__dset_c4_p95","/mnt/personal/TT_FINAL/DATASETS/datasets_masivos/Dataset_Termico_MasivoFIN1.mat","Doble_slot","1ant",1,4,95
"/mnt/personal/TT_FINAL/DATASETS/datasets_masivos_por_metadata/Doble_slot/1ant/Caso_5/Potencia_100W/modelo_Doble_slot_1ant_pendientes_dset_c5_p100.mat","/mnt/personal/TT_FINAL/DATASETS/datasets_masivos/Dataset_Termico_MasivoFIN1.mat","modelo_Doble_slot_1ant_pendientes","dset_c5_p100","modelo_Doble_slot_1ant_pendientes__dset_c5_p100","/mnt/personal/TT_FINAL/DATASETS/datasets_masivos/Dataset_Termico_MasivoFIN1.mat","Doble_slot","1ant",1,5,100
"/mnt/personal/TT_FINAL/DATASETS/datasets_masivos_por_metadata/Doble_slot/1ant/Caso_5/Potencia_20W/modelo_Doble_slot_1ant_pendientes_dset_c5_p20.mat","/mnt/personal/TT_FINAL/DATASETS/datasets_masivos/Dataset_Termico_MasivoFIN1.mat","modelo_Doble_slot_1ant_pendientes","dset_c5_p20","modelo_Doble_slot_1ant_pendientes__dset_c5_p20","/mnt/personal/TT_FINAL/DATASETS/datasets_masivos/Dataset_Termico_MasivoFIN1.mat","Doble_slot","1ant",1,5,20
"/mnt/personal/TT_FINAL/DATASETS/datasets_masivos_por_metadata/Doble_slot/1ant/Caso_5/Potencia_25W/modelo_Doble_slot_1ant_pendientes_dset_c5_p25.mat","/mnt/personal/TT_FINAL/DATASETS/datasets_masivos/Dataset_Termico_MasivoFIN1.mat","modelo_Doble_slot_1ant_pendientes","dset_c5_p25","modelo_Doble_slot_1ant_pendientes__dset_c5_p25","/mnt/personal/TT_FINAL/DATASETS/datasets_masivos/Dataset_Termico_MasivoFIN1.mat","Doble_slot","1ant",1,5,25
"/mnt/personal/TT_FINAL/DATASETS/datasets_masivos_por_metadata/Doble_slot/1ant/Caso_5/Potencia_30W/modelo_Doble_slot_1ant_pendientes_dset_c5_p30.mat","/mnt/personal/TT_FINAL/DATASETS/datasets_masivos/Dataset_Termico_MasivoFIN1.mat","modelo_Doble_slot_1ant_pendientes","dset_c5_p30","modelo_Doble_slot_1ant_pendientes__dset_c5_p30","/mnt/personal/TT_FINAL/DATASETS/datasets_masivos/Dataset_Termico_MasivoFIN1.mat","Doble_slot","1ant",1,5,30
"/mnt/personal/TT_FINAL/DATASETS/datasets_masivos_por_metadata/Doble_slot/1ant/Caso_5/Potencia_35W/modelo_Doble_slot_1ant_pendientes_dset_c5_p35.mat","/mnt/personal/TT_FINAL/DATASETS/datasets_masivos/Dataset_Termico_MasivoFIN1.mat","modelo_Doble_slot_1ant_pendientes","dset_c5_p35","modelo_Doble_slot_1ant_pendientes__dset_c5_p35","/mnt/personal/TT_FINAL/DATASETS/datasets_masivos/Dataset_Termico_MasivoFIN1.mat","Doble_slot","1ant",1,5,35
"/mnt/personal/TT_FINAL/DATASETS/datasets_masivos_por_metadata/Doble_slot/1ant/Caso_5/Potencia_40W/modelo_Doble_slot_1ant_pendientes_dset_c5_p40.mat","/mnt/personal/TT_FINAL/DATASETS/datasets_masivos/Dataset_Termico_MasivoFIN1.mat","modelo_Doble_slot_1ant_pendientes","dset_c5_p40","modelo_Doble_slot_1ant_pendientes__dset_c5_p40","/mnt/personal/TT_FINAL/DATASETS/datasets_masivos/Dataset_Termico_MasivoFIN1.mat","Doble_slot","1ant",1,5,40
"/mnt/personal/TT_FINAL/DATASETS/datasets_masivos_por_metadata/Doble_slot/1ant/Caso_5/Potencia_45W/modelo_Doble_slot_1ant_pendientes_dset_c5_p45.mat","/mnt/personal/TT_FINAL/DATASETS/datasets_masivos/Dataset_Termico_MasivoFIN1.mat","modelo_Doble_slot_1ant_pendientes","dset_c5_p45","modelo_Doble_slot_1ant_pendientes__dset_c5_p45","/mnt/personal/TT_FINAL/DATASETS/datasets_masivos/Dataset_Termico_MasivoFIN1.mat","Doble_slot","1ant",1,5,45
"/mnt/personal/TT_FINAL/DATASETS/datasets_masivos_por_metadata/Doble_slot/1ant/Caso_5/Potencia_50W/modelo_Doble_slot_1ant_pendientes_dset_c5_p50.mat","/mnt/personal/TT_FINAL/DATASETS/datasets_masivos/Dataset_Termico_MasivoFIN1.mat","modelo_Doble_slot_1ant_pendientes","dset_c5_p50","modelo_Doble_slot_1ant_pendientes__dset_c5_p50","/mnt/personal/TT_FINAL/DATASETS/datasets_masivos/Dataset_Termico_MasivoFIN1.mat","Doble_slot","1ant",1,5,50
"/mnt/personal/TT_FINAL/DATASETS/datasets_masivos_por_metadata/Doble_slot/1ant/Caso_5/Potencia_55W/modelo_Doble_slot_1ant_pendientes_dset_c5_p55.mat","/mnt/personal/TT_FINAL/DATASETS/datasets_masivos/Dataset_Termico_MasivoFIN1.mat","modelo_Doble_slot_1ant_pendientes","dset_c5_p55","modelo_Doble_slot_1ant_pendientes__dset_c5_p55","/mnt/personal/TT_FINAL/DATASETS/datasets_masivos/Dataset_Termico_MasivoFIN1.mat","Doble_slot","1ant",1,5,55
"/mnt/personal/TT_FINAL/DATASETS/datasets_masivos_por_metadata/Doble_slot/1ant/Caso_5/Potencia_60W/modelo_Doble_slot_1ant_pendientes_dset_c5_p60.mat","/mnt/personal/TT_FINAL/DATASETS/datasets_masivos/Dataset_Termico_MasivoFIN1.mat","modelo_Doble_slot_1ant_pendientes","dset_c5_p60","modelo_Doble_slot_1ant_pendientes__dset_c5_p60","/mnt/personal/TT_FINAL/DATASETS/datasets_masivos/Dataset_Termico_MasivoFIN1.mat","Doble_slot","1ant",1,5,60
"/mnt/personal/TT_FINAL/DATASETS/datasets_masivos_por_metadata/Doble_slot/1ant/Caso_5/Potencia_65W/modelo_Doble_slot_1ant_pendientes_dset_c5_p65.mat","/mnt/personal/TT_FINAL/DATASETS/datasets_masivos/Dataset_Termico_MasivoFIN1.mat","modelo_Doble_slot_1ant_pendientes","dset_c5_p65","modelo_Doble_slot_1ant_pendientes__dset_c5_p65","/mnt/personal/TT_FINAL/DATASETS/datasets_masivos/Dataset_Termico_MasivoFIN1.mat","Doble_slot","1ant",1,5,65
"/mnt/personal/TT_FINAL/DATASETS/datasets_masivos_por_metadata/Doble_slot/1ant/Caso_5/Potencia_70W/modelo_Doble_slot_1ant_pendientes_dset_c5_p70.mat","/mnt/personal/TT_FINAL/DATASETS/datasets_masivos/Dataset_Termico_MasivoFIN1.mat","modelo_Doble_slot_1ant_pendientes","dset_c5_p70","modelo_Doble_slot_1ant_pendientes__dset_c5_p70","/mnt/personal/TT_FINAL/DATASETS/datasets_masivos/Dataset_Termico_MasivoFIN1.mat","Doble_slot","1ant",1,5,70
"/mnt/personal/TT_FINAL/DATASETS/datasets_masivos_por_metadata/Doble_slot/1ant/Caso_5/Potencia_75W/modelo_Doble_slot_1ant_pendientes_dset_c5_p75.mat","/mnt/personal/TT_FINAL/DATASETS/datasets_masivos/Dataset_Termico_MasivoFIN1.mat","modelo_Doble_slot_1ant_pendientes","dset_c5_p75","modelo_Doble_slot_1ant_pendientes__dset_c5_p75","/mnt/personal/TT_FINAL/DATASETS/datasets_masivos/Dataset_Termico_MasivoFIN1.mat","Doble_slot","1ant",1,5,75
"/mnt/personal/TT_FINAL/DATASETS/datasets_masivos_por_metadata/Doble_slot/1ant/Caso_5/Potencia_80W/modelo_Doble_slot_1ant_pendientes_dset_c5_p80.mat","/mnt/personal/TT_FINAL/DATASETS/datasets_masivos/Dataset_Termico_MasivoFIN1.mat","modelo_Doble_slot_1ant_pendientes","dset_c5_p80","modelo_Doble_slot_1ant_pendientes__dset_c5_p80","/mnt/personal/TT_FINAL/DATASETS/datasets_masivos/Dataset_Termico_MasivoFIN1.mat","Doble_slot","1ant",1,5,80
"/mnt/personal/TT_FINAL/DATASETS/datasets_masivos_por_metadata/Doble_slot/1ant/Caso_5/Potencia_85W/modelo_Doble_slot_1ant_pendientes_dset_c5_p85.mat","/mnt/personal/TT_FINAL/DATASETS/datasets_masivos/Dataset_Termico_MasivoFIN1.mat","modelo_Doble_slot_1ant_pendientes","dset_c5_p85","modelo_Doble_slot_1ant_pendientes__dset_c5_p85","/mnt/personal/TT_FINAL/DATASETS/datasets_masivos/Dataset_Termico_MasivoFIN1.mat","Doble_slot","1ant",1,5,85
"/mnt/personal/TT_FINAL/DATASETS/datasets_masivos_por_metadata/Doble_slot/1ant/Caso_5/Potencia_90W/modelo_Doble_slot_1ant_pendientes_dset_c5_p90.mat","/mnt/personal/TT_FINAL/DATASETS/datasets_masivos/Dataset_Termico_MasivoFIN1.mat","modelo_Doble_slot_1ant_pendientes","dset_c5_p90","modelo_Doble_slot_1ant_pendientes__dset_c5_p90","/mnt/personal/TT_FINAL/DATASETS/datasets_masivos/Dataset_Termico_MasivoFIN1.mat","Doble_slot","1ant",1,5,90
"/mnt/personal/TT_FINAL/DATASETS/datasets_masivos_por_metadata/Doble_slot/1ant/Caso_5/Potencia_95W/modelo_Doble_slot_1ant_pendientes_dset_c5_p95.mat","/mnt/personal/TT_FINAL/DATASETS/datasets_masivos/Dataset_Termico_MasivoFIN1.mat","modelo_Doble_slot_1ant_pendientes","dset_c5_p95","modelo_Doble_slot_1ant_pendientes__dset_c5_p95","/mnt/personal/TT_FINAL/DATASETS/datasets_masivos/Dataset_Termico_MasivoFIN1.mat","Doble_slot","1ant",1,5,95
"/mnt/personal/TT_FINAL/DATASETS/datasets_masivos_por_metadata/Doble_slot/1ant/Caso_6/Potencia_10W/modelo_Doble_slot_1ant_pendientes_dset_c6_p10.mat","/mnt/personal/TT_FINAL/DATASETS/datasets_masivos/Dataset_Termico_MasivoFIN1.mat","modelo_Doble_slot_1ant_pendientes","dset_c6_p10","modelo_Doble_slot_1ant_pendientes__dset_c6_p10","/mnt/personal/TT_FINAL/DATASETS/datasets_masivos/Dataset_Termico_MasivoFIN1.mat","Doble_slot","1ant",1,6,10
"/mnt/personal/TT_FINAL/DATASETS/datasets_masivos_por_metadata/Doble_slot/1ant/Caso_6/Potencia_100W/modelo_Doble_slot_1ant_pendientes_dset_c6_p100.mat","/mnt/personal/TT_FINAL/DATASETS/datasets_masivos/Dataset_Termico_MasivoFIN1.mat","modelo_Doble_slot_1ant_pendientes","dset_c6_p100","modelo_Doble_slot_1ant_pendientes__dset_c6_p100","/mnt/personal/TT_FINAL/DATASETS/datasets_masivos/Dataset_Termico_MasivoFIN1.mat","Doble_slot","1ant",1,6,100
"/mnt/personal/TT_FINAL/DATASETS/datasets_masivos_por_metadata/Doble_slot/1ant/Caso_6/Potencia_15W/modelo_Doble_slot_1ant_pendientes_dset_c6_p15.mat","/mnt/personal/TT_FINAL/DATASETS/datasets_masivos/Dataset_Termico_MasivoFIN1.mat","modelo_Doble_slot_1ant_pendientes","dset_c6_p15","modelo_Doble_slot_1ant_pendientes__dset_c6_p15","/mnt/personal/TT_FINAL/DATASETS/datasets_masivos/Dataset_Termico_MasivoFIN1.mat","Doble_slot","1ant",1,6,15
"/mnt/personal/TT_FINAL/DATASETS/datasets_masivos_por_metadata/Doble_slot/1ant/Caso_6/Potencia_20W/modelo_Doble_slot_1ant_pendientes_dset_c6_p20.mat","/mnt/personal/TT_FINAL/DATASETS/datasets_masivos/Dataset_Termico_MasivoFIN1.mat","modelo_Doble_slot_1ant_pendientes","dset_c6_p20","modelo_Doble_slot_1ant_pendientes__dset_c6_p20","/mnt/personal/TT_FINAL/DATASETS/datasets_masivos/Dataset_Termico_MasivoFIN1.mat","Doble_slot","1ant",1,6,20
"/mnt/personal/TT_FINAL/DATASETS/datasets_masivos_por_metadata/Doble_slot/1ant/Caso_6/Potencia_25W/modelo_Doble_slot_1ant_pendientes_dset_c6_p25.mat","/mnt/personal/TT_FINAL/DATASETS/datasets_masivos/Dataset_Termico_MasivoFIN1.mat","modelo_Doble_slot_1ant_pendientes","dset_c6_p25","modelo_Doble_slot_1ant_pendientes__dset_c6_p25","/mnt/personal/TT_FINAL/DATASETS/datasets_masivos/Dataset_Termico_MasivoFIN1.mat","Doble_slot","1ant",1,6,25
"/mnt/personal/TT_FINAL/DATASETS/datasets_masivos_por_metadata/Doble_slot/1ant/Caso_6/Potencia_30W/modelo_Doble_slot_1ant_pendientes_dset_c6_p30.mat","/mnt/personal/TT_FINAL/DATASETS/datasets_masivos/Dataset_Termico_MasivoFIN1.mat","modelo_Doble_slot_1ant_pendientes","dset_c6_p30","modelo_Doble_slot_1ant_pendientes__dset_c6_p30","/mnt/personal/TT_FINAL/DATASETS/datasets_masivos/Dataset_Termico_MasivoFIN1.mat","Doble_slot","1ant",1,6,30
"/mnt/personal/TT_FINAL/DATASETS/datasets_masivos_por_metadata/Doble_slot/1ant/Caso_6/Potencia_35W/modelo_Doble_slot_1ant_pendientes_dset_c6_p35.mat","/mnt/personal/TT_FINAL/DATASETS/datasets_masivos/Dataset_Termico_MasivoFIN1.mat","modelo_Doble_slot_1ant_pendientes","dset_c6_p35","modelo_Doble_slot_1ant_pendientes__dset_c6_p35","/mnt/personal/TT_FINAL/DATASETS/datasets_masivos/Dataset_Termico_MasivoFIN1.mat","Doble_slot","1ant",1,6,35
"/mnt/personal/TT_FINAL/DATASETS/datasets_masivos_por_metadata/Doble_slot/1ant/Caso_6/Potencia_40W/modelo_Doble_slot_1ant_pendientes_dset_c6_p40.mat","/mnt/personal/TT_FINAL/DATASETS/datasets_masivos/Dataset_Termico_MasivoFIN1.mat","modelo_Doble_slot_1ant_pendientes","dset_c6_p40","modelo_Doble_slot_1ant_pendientes__dset_c6_p40","/mnt/personal/TT_FINAL/DATASETS/datasets_masivos/Dataset_Termico_MasivoFIN1.mat","Doble_slot","1ant",1,6,40
"/mnt/personal/TT_FINAL/DATASETS/datasets_masivos_por_metadata/Doble_slot/1ant/Caso_6/Potencia_45W/modelo_Doble_slot_1ant_pendientes_dset_c6_p45.mat","/mnt/personal/TT_FINAL/DATASETS/datasets_masivos/Dataset_Termico_MasivoFIN1.mat","modelo_Doble_slot_1ant_pendientes","dset_c6_p45","modelo_Doble_slot_1ant_pendientes__dset_c6_p45","/mnt/personal/TT_FINAL/DATASETS/datasets_masivos/Dataset_Termico_MasivoFIN1.mat","Doble_slot","1ant",1,6,45
"/mnt/personal/TT_FINAL/DATASETS/datasets_masivos_por_metadata/Doble_slot/1ant/Caso_6/Potencia_50W/modelo_Doble_slot_1ant_pendientes_dset_c6_p50.mat","/mnt/personal/TT_FINAL/DATASETS/datasets_masivos/Dataset_Termico_MasivoFIN1.mat","modelo_Doble_slot_1ant_pendientes","dset_c6_p50","modelo_Doble_slot_1ant_pendientes__dset_c6_p50","/mnt/personal/TT_FINAL/DATASETS/datasets_masivos/Dataset_Termico_MasivoFIN1.mat","Doble_slot","1ant",1,6,50
"/mnt/personal/TT_FINAL/DATASETS/datasets_masivos_por_metadata/Doble_slot/1ant/Caso_6/Potencia_55W/modelo_Doble_slot_1ant_pendientes_dset_c6_p55.mat","/mnt/personal/TT_FINAL/DATASETS/datasets_masivos/Dataset_Termico_MasivoFIN1.mat","modelo_Doble_slot_1ant_pendientes","dset_c6_p55","modelo_Doble_slot_1ant_pendientes__dset_c6_p55","/mnt/personal/TT_FINAL/DATASETS/datasets_masivos/Dataset_Termico_MasivoFIN1.mat","Doble_slot","1ant",1,6,55
"/mnt/personal/TT_FINAL/DATASETS/datasets_masivos_por_metadata/Doble_slot/1ant/Caso_6/Potencia_60W/modelo_Doble_slot_1ant_pendientes_dset_c6_p60.mat","/mnt/personal/TT_FINAL/DATASETS/datasets_masivos/Dataset_Termico_MasivoFIN1.mat","modelo_Doble_slot_1ant_pendientes","dset_c6_p60","modelo_Doble_slot_1ant_pendientes__dset_c6_p60","/mnt/personal/TT_FINAL/DATASETS/datasets_masivos/Dataset_Termico_MasivoFIN1.mat","Doble_slot","1ant",1,6,60
"/mnt/personal/TT_FINAL/DATASETS/datasets_masivos_por_metadata/Doble_slot/1ant/Caso_6/Potencia_65W/modelo_Doble_slot_1ant_pendientes_dset_c6_p65.mat","/mnt/personal/TT_FINAL/DATASETS/datasets_masivos/Dataset_Termico_MasivoFIN1.mat","modelo_Doble_slot_1ant_pendientes","dset_c6_p65","modelo_Doble_slot_1ant_pendientes__dset_c6_p65","/mnt/personal/TT_FINAL/DATASETS/datasets_masivos/Dataset_Termico_MasivoFIN1.mat","Doble_slot","1ant",1,6,65
"/mnt/personal/TT_FINAL/DATASETS/datasets_masivos_por_metadata/Doble_slot/1ant/Caso_6/Potencia_70W/modelo_Doble_slot_1ant_pendientes_dset_c6_p70.mat","/mnt/personal/TT_FINAL/DATASETS/datasets_masivos/Dataset_Termico_MasivoFIN1.mat","modelo_Doble_slot_1ant_pendientes","dset_c6_p70","modelo_Doble_slot_1ant_pendientes__dset_c6_p70","/mnt/personal/TT_FINAL/DATASETS/datasets_masivos/Dataset_Termico_MasivoFIN1.mat","Doble_slot","1ant",1,6,70
"/mnt/personal/TT_FINAL/DATASETS/datasets_masivos_por_metadata/Doble_slot/1ant/Caso_6/Potencia_75W/modelo_Doble_slot_1ant_pendientes_dset_c6_p75.mat","/mnt/personal/TT_FINAL/DATASETS/datasets_masivos/Dataset_Termico_MasivoFIN1.mat","modelo_Doble_slot_1ant_pendientes","dset_c6_p75","modelo_Doble_slot_1ant_pendientes__dset_c6_p75","/mnt/personal/TT_FINAL/DATASETS/datasets_masivos/Dataset_Termico_MasivoFIN1.mat","Doble_slot","1ant",1,6,75
"/mnt/personal/TT_FINAL/DATASETS/datasets_masivos_por_metadata/Doble_slot/1ant/Caso_6/Potencia_80W/modelo_Doble_slot_1ant_pendientes_dset_c6_p80.mat","/mnt/personal/TT_FINAL/DATASETS/datasets_masivos/Dataset_Termico_MasivoFIN1.mat","modelo_Doble_slot_1ant_pendientes","dset_c6_p80","modelo_Doble_slot_1ant_pendientes__dset_c6_p80","/mnt/personal/TT_FINAL/DATASETS/datasets_masivos/Dataset_Termico_MasivoFIN1.mat","Doble_slot","1ant",1,6,80
"/mnt/personal/TT_FINAL/DATASETS/datasets_masivos_por_metadata/Doble_slot/1ant/Caso_6/Potencia_85W/modelo_Doble_slot_1ant_pendientes_dset_c6_p85.mat","/mnt/personal/TT_FINAL/DATASETS/datasets_masivos/Dataset_Termico_MasivoFIN1.mat","modelo_Doble_slot_1ant_pendientes","dset_c6_p85","modelo_Doble_slot_1ant_pendientes__dset_c6_p85","/mnt/personal/TT_FINAL/DATASETS/datasets_masivos/Dataset_Termico_MasivoFIN1.mat","Doble_slot","1ant",1,6,85
"/mnt/personal/TT_FINAL/DATASETS/datasets_masivos_por_metadata/Doble_slot/1ant/Caso_6/Potencia_90W/modelo_Doble_slot_1ant_pendientes_dset_c6_p90.mat","/mnt/personal/TT_FINAL/DATASETS/datasets_masivos/Dataset_Termico_MasivoFIN1.mat","modelo_Doble_slot_1ant_pendientes","dset_c6_p90","modelo_Doble_slot_1ant_pendientes__dset_c6_p90","/mnt/personal/TT_FINAL/DATASETS/datasets_masivos/Dataset_Termico_MasivoFIN1.mat","Doble_slot","1ant",1,6,90
"/mnt/personal/TT_FINAL/DATASETS/datasets_masivos_por_metadata/Doble_slot/1ant/Caso_6/Potencia_95W/modelo_Doble_slot_1ant_pendientes_dset_c6_p95.mat","/mnt/personal/TT_FINAL/DATASETS/datasets_masivos/Dataset_Termico_MasivoFIN1.mat","modelo_Doble_slot_1ant_pendientes","dset_c6_p95","modelo_Doble_slot_1ant_pendientes__dset_c6_p95","/mnt/personal/TT_FINAL/DATASETS/datasets_masivos/Dataset_Termico_MasivoFIN1.mat","Doble_slot","1ant",1,6,95
"/mnt/personal/TT_FINAL/DATASETS/datasets_masivos_por_metadata/Doble_slot/1ant/Caso_7/Potencia_100W/modelo_Doble_slot_1ant_pendientes_dset_c7_p100.mat","/mnt/personal/TT_FINAL/DATASETS/datasets_masivos/Dataset_Termico_MasivoFIN1.mat","modelo_Doble_slot_1ant_pendientes","dset_c7_p100","modelo_Doble_slot_1ant_pendientes__dset_c7_p100","/mnt/personal/TT_FINAL/DATASETS/datasets_masivos/Dataset_Termico_MasivoFIN1.mat","Doble_slot","1ant",1,7,100
"/mnt/personal/TT_FINAL/DATASETS/datasets_masivos_por_metadata/Doble_slot/1ant/Caso_7/Potencia_40W/modelo_Doble_slot_1ant_pendientes_dset_c7_p40.mat","/mnt/personal/TT_FINAL/DATASETS/datasets_masivos/Dataset_Termico_MasivoFIN1.mat","modelo_Doble_slot_1ant_pendientes","dset_c7_p40","modelo_Doble_slot_1ant_pendientes__dset_c7_p40","/mnt/personal/TT_FINAL/DATASETS/datasets_masivos/Dataset_Termico_MasivoFIN1.mat","Doble_slot","1ant",1,7,40
"/mnt/personal/TT_FINAL/DATASETS/datasets_masivos_por_metadata/Doble_slot/1ant/Caso_7/Potencia_45W/modelo_Doble_slot_1ant_pendientes_dset_c7_p45.mat","/mnt/personal/TT_FINAL/DATASETS/datasets_masivos/Dataset_Termico_MasivoFIN1.mat","modelo_Doble_slot_1ant_pendientes","dset_c7_p45","modelo_Doble_slot_1ant_pendientes__dset_c7_p45","/mnt/personal/TT_FINAL/DATASETS/datasets_masivos/Dataset_Termico_MasivoFIN1.mat","Doble_slot","1ant",1,7,45
"/mnt/personal/TT_FINAL/DATASETS/datasets_masivos_por_metadata/Doble_slot/1ant/Caso_7/Potencia_50W/modelo_Doble_slot_1ant_pendientes_dset_c7_p50.mat","/mnt/personal/TT_FINAL/DATASETS/datasets_masivos/Dataset_Termico_MasivoFIN1.mat","modelo_Doble_slot_1ant_pendientes","dset_c7_p50","modelo_Doble_slot_1ant_pendientes__dset_c7_p50","/mnt/personal/TT_FINAL/DATASETS/datasets_masivos/Dataset_Termico_MasivoFIN1.mat","Doble_slot","1ant",1,7,50
"/mnt/personal/TT_FINAL/DATASETS/datasets_masivos_por_metadata/Doble_slot/1ant/Caso_7/Potencia_55W/modelo_Doble_slot_1ant_pendientes_dset_c7_p55.mat","/mnt/personal/TT_FINAL/DATASETS/datasets_masivos/Dataset_Termico_MasivoFIN1.mat","modelo_Doble_slot_1ant_pendientes","dset_c7_p55","modelo_Doble_slot_1ant_pendientes__dset_c7_p55","/mnt/personal/TT_FINAL/DATASETS/datasets_masivos/Dataset_Termico_MasivoFIN1.mat","Doble_slot","1ant",1,7,55
"/mnt/personal/TT_FINAL/DATASETS/datasets_masivos_por_metadata/Doble_slot/1ant/Caso_7/Potencia_60W/modelo_Doble_slot_1ant_pendientes_dset_c7_p60.mat","/mnt/personal/TT_FINAL/DATASETS/datasets_masivos/Dataset_Termico_MasivoFIN1.mat","modelo_Doble_slot_1ant_pendientes","dset_c7_p60","modelo_Doble_slot_1ant_pendientes__dset_c7_p60","/mnt/personal/TT_FINAL/DATASETS/datasets_masivos/Dataset_Termico_MasivoFIN1.mat","Doble_slot","1ant",1,7,60
"/mnt/personal/TT_FINAL/DATASETS/datasets_masivos_por_metadata/Doble_slot/1ant/Caso_7/Potencia_65W/modelo_Doble_slot_1ant_pendientes_dset_c7_p65.mat","/mnt/personal/TT_FINAL/DATASETS/datasets_masivos/Dataset_Termico_MasivoFIN1.mat","modelo_Doble_slot_1ant_pendientes","dset_c7_p65","modelo_Doble_slot_1ant_pendientes__dset_c7_p65","/mnt/personal/TT_FINAL/DATASETS/datasets_masivos/Dataset_Termico_MasivoFIN1.mat","Doble_slot","1ant",1,7,65
"/mnt/personal/TT_FINAL/DATASETS/datasets_masivos_por_metadata/Doble_slot/1ant/Caso_7/Potencia_70W/modelo_Doble_slot_1ant_pendientes_dset_c7_p70.mat","/mnt/personal/TT_FINAL/DATASETS/datasets_masivos/Dataset_Termico_MasivoFIN1.mat","modelo_Doble_slot_1ant_pendientes","dset_c7_p70","modelo_Doble_slot_1ant_pendientes__dset_c7_p70","/mnt/personal/TT_FINAL/DATASETS/datasets_masivos/Dataset_Termico_MasivoFIN1.mat","Doble_slot","1ant",1,7,70
"/mnt/personal/TT_FINAL/DATASETS/datasets_masivos_por_metadata/Doble_slot/1ant/Caso_7/Potencia_75W/modelo_Doble_slot_1ant_pendientes_dset_c7_p75.mat","/mnt/personal/TT_FINAL/DATASETS/datasets_masivos/Dataset_Termico_MasivoFIN1.mat","modelo_Doble_slot_1ant_pendientes","dset_c7_p75","modelo_Doble_slot_1ant_pendientes__dset_c7_p75","/mnt/personal/TT_FINAL/DATASETS/datasets_masivos/Dataset_Termico_MasivoFIN1.mat","Doble_slot","1ant",1,7,75
"/mnt/personal/TT_FINAL/DATASETS/datasets_masivos_por_metadata/Doble_slot/1ant/Caso_7/Potencia_80W/modelo_Doble_slot_1ant_pendientes_dset_c7_p80.mat","/mnt/personal/TT_FINAL/DATASETS/datasets_masivos/Dataset_Termico_MasivoFIN1.mat","modelo_Doble_slot_1ant_pendientes","dset_c7_p80","modelo_Doble_slot_1ant_pendientes__dset_c7_p80","/mnt/personal/TT_FINAL/DATASETS/datasets_masivos/Dataset_Termico_MasivoFIN1.mat","Doble_slot","1ant",1,7,80
"/mnt/personal/TT_FINAL/DATASETS/datasets_masivos_por_metadata/Doble_slot/1ant/Caso_7/Potencia_85W/modelo_Doble_slot_1ant_pendientes_dset_c7_p85.mat","/mnt/personal/TT_FINAL/DATASETS/datasets_masivos/Dataset_Termico_MasivoFIN1.mat","modelo_Doble_slot_1ant_pendientes","dset_c7_p85","modelo_Doble_slot_1ant_pendientes__dset_c7_p85","/mnt/personal/TT_FINAL/DATASETS/datasets_masivos/Dataset_Termico_MasivoFIN1.mat","Doble_slot","1ant",1,7,85
"/mnt/personal/TT_FINAL/DATASETS/datasets_masivos_por_metadata/Doble_slot/1ant/Caso_7/Potencia_90W/modelo_Doble_slot_1ant_pendientes_dset_c7_p90.mat","/mnt/personal/TT_FINAL/DATASETS/datasets_masivos/Dataset_Termico_MasivoFIN1.mat","modelo_Doble_slot_1ant_pendientes","dset_c7_p90","modelo_Doble_slot_1ant_pendientes__dset_c7_p90","/mnt/personal/TT_FINAL/DATASETS/datasets_masivos/Dataset_Termico_MasivoFIN1.mat","Doble_slot","1ant",1,7,90
"/mnt/personal/TT_FINAL/DATASETS/datasets_masivos_por_metadata/Doble_slot/1ant/Caso_7/Potencia_95W/modelo_Doble_slot_1ant_pendientes_dset_c7_p95.mat","/mnt/personal/TT_FINAL/DATASETS/datasets_masivos/Dataset_Termico_MasivoFIN1.mat","modelo_Doble_slot_1ant_pendientes","dset_c7_p95","modelo_Doble_slot_1ant_pendientes__dset_c7_p95","/mnt/personal/TT_FINAL/DATASETS/datasets_masivos/Dataset_Termico_MasivoFIN1.mat","Doble_slot","1ant",1,7,95
"/mnt/personal/TT_FINAL/DATASETS/datasets_masivos_por_metadata/Doble_slot/1ant/Caso_8/Potencia_10W/modelo_Doble_slot_1ant_pendientes_dset_c8_p10.mat","/mnt/personal/TT_FINAL/DATASETS/datasets_masivos/Dataset_Termico_MasivoFIN1.mat","modelo_Doble_slot_1ant_pendientes","dset_c8_p10","modelo_Doble_slot_1ant_pendientes__dset_c8_p10","/mnt/personal/TT_FINAL/DATASETS/datasets_masivos/Dataset_Termico_MasivoFIN1.mat","Doble_slot","1ant",1,8,10
"/mnt/personal/TT_FINAL/DATASETS/datasets_masivos_por_metadata/Doble_slot/1ant/Caso_8/Potencia_100W/modelo_Doble_slot_1ant_pendientes_dset_c8_p100.mat","/mnt/personal/TT_FINAL/DATASETS/datasets_masivos/Dataset_Termico_MasivoFIN1.mat","modelo_Doble_slot_1ant_pendientes","dset_c8_p100","modelo_Doble_slot_1ant_pendientes__dset_c8_p100","/mnt/personal/TT_FINAL/DATASETS/datasets_masivos/Dataset_Termico_MasivoFIN1.mat","Doble_slot","1ant",1,8,100
"/mnt/personal/TT_FINAL/DATASETS/datasets_masivos_por_metadata/Doble_slot/1ant/Caso_8/Potencia_15W/modelo_Doble_slot_1ant_pendientes_dset_c8_p15.mat","/mnt/personal/TT_FINAL/DATASETS/datasets_masivos/Dataset_Termico_MasivoFIN1.mat","modelo_Doble_slot_1ant_pendientes","dset_c8_p15","modelo_Doble_slot_1ant_pendientes__dset_c8_p15","/mnt/personal/TT_FINAL/DATASETS/datasets_masivos/Dataset_Termico_MasivoFIN1.mat","Doble_slot","1ant",1,8,15
"/mnt/personal/TT_FINAL/DATASETS/datasets_masivos_por_metadata/Doble_slot/1ant/Caso_8/Potencia_20W/modelo_Doble_slot_1ant_pendientes_dset_c8_p20.mat","/mnt/personal/TT_FINAL/DATASETS/datasets_masivos/Dataset_Termico_MasivoFIN1.mat","modelo_Doble_slot_1ant_pendientes","dset_c8_p20","modelo_Doble_slot_1ant_pendientes__dset_c8_p20","/mnt/personal/TT_FINAL/DATASETS/datasets_masivos/Dataset_Termico_MasivoFIN1.mat","Doble_slot","1ant",1,8,20
"/mnt/personal/TT_FINAL/DATASETS/datasets_masivos_por_metadata/Doble_slot/1ant/Caso_8/Potencia_25W/modelo_Doble_slot_1ant_pendientes_dset_c8_p25.mat","/mnt/personal/TT_FINAL/DATASETS/datasets_masivos/Dataset_Termico_MasivoFIN1.mat","modelo_Doble_slot_1ant_pendientes","dset_c8_p25","modelo_Doble_slot_1ant_pendientes__dset_c8_p25","/mnt/personal/TT_FINAL/DATASETS/datasets_masivos/Dataset_Termico_MasivoFIN1.mat","Doble_slot","1ant",1,8,25
"/mnt/personal/TT_FINAL/DATASETS/datasets_masivos_por_metadata/Doble_slot/1ant/Caso_8/Potencia_30W/modelo_Doble_slot_1ant_pendientes_dset_c8_p30.mat","/mnt/personal/TT_FINAL/DATASETS/datasets_masivos/Dataset_Termico_MasivoFIN1.mat","modelo_Doble_slot_1ant_pendientes","dset_c8_p30","modelo_Doble_slot_1ant_pendientes__dset_c8_p30","/mnt/personal/TT_FINAL/DATASETS/datasets_masivos/Dataset_Termico_MasivoFIN1.mat","Doble_slot","1ant",1,8,30
"/mnt/personal/TT_FINAL/DATASETS/datasets_masivos_por_metadata/Doble_slot/1ant/Caso_8/Potencia_35W/modelo_Doble_slot_1ant_pendientes_dset_c8_p35.mat","/mnt/personal/TT_FINAL/DATASETS/datasets_masivos/Dataset_Termico_MasivoFIN1.mat","modelo_Doble_slot_1ant_pendientes","dset_c8_p35","modelo_Doble_slot_1ant_pendientes__dset_c8_p35","/mnt/personal/TT_FINAL/DATASETS/datasets_masivos/Dataset_Termico_MasivoFIN1.mat","Doble_slot","1ant",1,8,35
"/mnt/personal/TT_FINAL/DATASETS/datasets_masivos_por_metadata/Doble_slot/1ant/Caso_8/Potencia_40W/modelo_Doble_slot_1ant_pendientes_dset_c8_p40.mat","/mnt/personal/TT_FINAL/DATASETS/datasets_masivos/Dataset_Termico_MasivoFIN1.mat","modelo_Doble_slot_1ant_pendientes","dset_c8_p40","modelo_Doble_slot_1ant_pendientes__dset_c8_p40","/mnt/personal/TT_FINAL/DATASETS/datasets_masivos/Dataset_Termico_MasivoFIN1.mat","Doble_slot","1ant",1,8,40
"/mnt/personal/TT_FINAL/DATASETS/datasets_masivos_por_metadata/Doble_slot/1ant/Caso_8/Potencia_45W/modelo_Doble_slot_1ant_pendientes_dset_c8_p45.mat","/mnt/personal/TT_FINAL/DATASETS/datasets_masivos/Dataset_Termico_MasivoFIN1.mat","modelo_Doble_slot_1ant_pendientes","dset_c8_p45","modelo_Doble_slot_1ant_pendientes__dset_c8_p45","/mnt/personal/TT_FINAL/DATASETS/datasets_masivos/Dataset_Termico_MasivoFIN1.mat","Doble_slot","1ant",1,8,45
"/mnt/personal/TT_FINAL/DATASETS/datasets_masivos_por_metadata/Doble_slot/1ant/Caso_8/Potencia_5W/modelo_Doble_slot_1ant_pendientes_dset_c8_p5.mat","/mnt/personal/TT_FINAL/DATASETS/datasets_masivos/Dataset_Termico_MasivoFIN1.mat","modelo_Doble_slot_1ant_pendientes","dset_c8_p5","modelo_Doble_slot_1ant_pendientes__dset_c8_p5","/mnt/personal/TT_FINAL/DATASETS/datasets_masivos/Dataset_Termico_MasivoFIN1.mat","Doble_slot","1ant",1,8,5
"/mnt/personal/TT_FINAL/DATASETS/datasets_masivos_por_metadata/Doble_slot/1ant/Caso_8/Potencia_50W/modelo_Doble_slot_1ant_pendientes_dset_c8_p50.mat","/mnt/personal/TT_FINAL/DATASETS/datasets_masivos/Dataset_Termico_MasivoFIN1.mat","modelo_Doble_slot_1ant_pendientes","dset_c8_p50","modelo_Doble_slot_1ant_pendientes__dset_c8_p50","/mnt/personal/TT_FINAL/DATASETS/datasets_masivos/Dataset_Termico_MasivoFIN1.mat","Doble_slot","1ant",1,8,50
"/mnt/personal/TT_FINAL/DATASETS/datasets_masivos_por_metadata/Doble_slot/1ant/Caso_8/Potencia_55W/modelo_Doble_slot_1ant_pendientes_dset_c8_p55.mat","/mnt/personal/TT_FINAL/DATASETS/datasets_masivos/Dataset_Termico_MasivoFIN1.mat","modelo_Doble_slot_1ant_pendientes","dset_c8_p55","modelo_Doble_slot_1ant_pendientes__dset_c8_p55","/mnt/personal/TT_FINAL/DATASETS/datasets_masivos/Dataset_Termico_MasivoFIN1.mat","Doble_slot","1ant",1,8,55
"/mnt/personal/TT_FINAL/DATASETS/datasets_masivos_por_metadata/Doble_slot/1ant/Caso_8/Potencia_60W/modelo_Doble_slot_1ant_pendientes_dset_c8_p60.mat","/mnt/personal/TT_FINAL/DATASETS/datasets_masivos/Dataset_Termico_MasivoFIN1.mat","modelo_Doble_slot_1ant_pendientes","dset_c8_p60","modelo_Doble_slot_1ant_pendientes__dset_c8_p60","/mnt/personal/TT_FINAL/DATASETS/datasets_masivos/Dataset_Termico_MasivoFIN1.mat","Doble_slot","1ant",1,8,60
"/mnt/personal/TT_FINAL/DATASETS/datasets_masivos_por_metadata/Doble_slot/1ant/Caso_8/Potencia_65W/modelo_Doble_slot_1ant_pendientes_dset_c8_p65.mat","/mnt/personal/TT_FINAL/DATASETS/datasets_masivos/Dataset_Termico_MasivoFIN1.mat","modelo_Doble_slot_1ant_pendientes","dset_c8_p65","modelo_Doble_slot_1ant_pendientes__dset_c8_p65","/mnt/personal/TT_FINAL/DATASETS/datasets_masivos/Dataset_Termico_MasivoFIN1.mat","Doble_slot","1ant",1,8,65
"/mnt/personal/TT_FINAL/DATASETS/datasets_masivos_por_metadata/Doble_slot/1ant/Caso_8/Potencia_70W/modelo_Doble_slot_1ant_pendientes_dset_c8_p70.mat","/mnt/personal/TT_FINAL/DATASETS/datasets_masivos/Dataset_Termico_MasivoFIN1.mat","modelo_Doble_slot_1ant_pendientes","dset_c8_p70","modelo_Doble_slot_1ant_pendientes__dset_c8_p70","/mnt/personal/TT_FINAL/DATASETS/datasets_masivos/Dataset_Termico_MasivoFIN1.mat","Doble_slot","1ant",1,8,70
"/mnt/personal/TT_FINAL/DATASETS/datasets_masivos_por_metadata/Doble_slot/1ant/Caso_8/Potencia_75W/modelo_Doble_slot_1ant_pendientes_dset_c8_p75.mat","/mnt/personal/TT_FINAL/DATASETS/datasets_masivos/Dataset_Termico_MasivoFIN1.mat","modelo_Doble_slot_1ant_pendientes","dset_c8_p75","modelo_Doble_slot_1ant_pendientes__dset_c8_p75","/mnt/personal/TT_FINAL/DATASETS/datasets_masivos/Dataset_Termico_MasivoFIN1.mat","Doble_slot","1ant",1,8,75
"/mnt/personal/TT_FINAL/DATASETS/datasets_masivos_por_metadata/Doble_slot/1ant/Caso_8/Potencia_80W/modelo_Doble_slot_1ant_pendientes_dset_c8_p80.mat","/mnt/personal/TT_FINAL/DATASETS/datasets_masivos/Dataset_Termico_MasivoFIN1.mat","modelo_Doble_slot_1ant_pendientes","dset_c8_p80","modelo_Doble_slot_1ant_pendientes__dset_c8_p80","/mnt/personal/TT_FINAL/DATASETS/datasets_masivos/Dataset_Termico_MasivoFIN1.mat","Doble_slot","1ant",1,8,80
"/mnt/personal/TT_FINAL/DATASETS/datasets_masivos_por_metadata/Doble_slot/1ant/Caso_8/Potencia_85W/modelo_Doble_slot_1ant_pendientes_dset_c8_p85.mat","/mnt/personal/TT_FINAL/DATASETS/datasets_masivos/Dataset_Termico_MasivoFIN1.mat","modelo_Doble_slot_1ant_pendientes","dset_c8_p85","modelo_Doble_slot_1ant_pendientes__dset_c8_p85","/mnt/personal/TT_FINAL/DATASETS/datasets_masivos/Dataset_Termico_MasivoFIN1.mat","Doble_slot","1ant",1,8,85
"/mnt/personal/TT_FINAL/DATASETS/datasets_masivos_por_metadata/Doble_slot/1ant/Caso_8/Potencia_90W/modelo_Doble_slot_1ant_pendientes_dset_c8_p90.mat","/mnt/personal/TT_FINAL/DATASETS/datasets_masivos/Dataset_Termico_MasivoFIN1.mat","modelo_Doble_slot_1ant_pendientes","dset_c8_p90","modelo_Doble_slot_1ant_pendientes__dset_c8_p90","/mnt/personal/TT_FINAL/DATASETS/datasets_masivos/Dataset_Termico_MasivoFIN1.mat","Doble_slot","1ant",1,8,90
"/mnt/personal/TT_FINAL/DATASETS/datasets_masivos_por_metadata/Doble_slot/1ant/Caso_8/Potencia_95W/modelo_Doble_slot_1ant_pendientes_dset_c8_p95.mat","/mnt/personal/TT_FINAL/DATASETS/datasets_masivos/Dataset_Termico_MasivoFIN1.mat","modelo_Doble_slot_1ant_pendientes","dset_c8_p95","modelo_Doble_slot_1ant_pendientes__dset_c8_p95","/mnt/personal/TT_FINAL/DATASETS/datasets_masivos/Dataset_Termico_MasivoFIN1.mat","Doble_slot","1ant",1,8,95
"/mnt/personal/TT_FINAL/DATASETS/datasets_masivos_por_metadata/Doble_slot/2ant/Caso_3/Potencia_10W/modelo_Doble_slot_2ant_dset_c3_p10.mat","/mnt/personal/TT_FINAL/DATASETS/datasets_masivos/Dataset_Termico_Masivo2.mat","modelo_Doble_slot_2ant","dset_c3_p10","modelo_Doble_slot_2ant__dset_c3_p10","/mnt/personal/TT_FINAL/DATASETS/datasets_masivos/Dataset_Termico_MasivoFIN1.mat|/mnt/personal/TT_FINAL/DATASETS/datasets_masivos/Dataset_Termico_Masivo.mat|/mnt/personal/TT_FINAL/DATASETS/datasets_masivos/Dataset_Termico_Masivo4.mat|/mnt/personal/TT_FINAL/DATASETS/datasets_masivos/Dataset_Termico_Masivo2.mat","Doble_slot","2ant",2,3,10
"/mnt/personal/TT_FINAL/DATASETS/datasets_masivos_por_metadata/Doble_slot/2ant/Caso_3/Potencia_15W/modelo_Doble_slot_2ant_dset_c3_p15.mat","/mnt/personal/TT_FINAL/DATASETS/datasets_masivos/Dataset_Termico_Masivo2.mat","modelo_Doble_slot_2ant","dset_c3_p15","modelo_Doble_slot_2ant__dset_c3_p15","/mnt/personal/TT_FINAL/DATASETS/datasets_masivos/Dataset_Termico_MasivoFIN1.mat|/mnt/personal/TT_FINAL/DATASETS/datasets_masivos/Dataset_Termico_Masivo.mat|/mnt/personal/TT_FINAL/DATASETS/datasets_masivos/Dataset_Termico_Masivo4.mat|/mnt/personal/TT_FINAL/DATASETS/datasets_masivos/Dataset_Termico_Masivo2.mat","Doble_slot","2ant",2,3,15
"/mnt/personal/TT_FINAL/DATASETS/datasets_masivos_por_metadata/Doble_slot/2ant/Caso_3/Potencia_20W/modelo_Doble_slot_2ant_dset_c3_p20.mat","/mnt/personal/TT_FINAL/DATASETS/datasets_masivos/Dataset_Termico_Masivo2.mat","modelo_Doble_slot_2ant","dset_c3_p20","modelo_Doble_slot_2ant__dset_c3_p20","/mnt/personal/TT_FINAL/DATASETS/datasets_masivos/Dataset_Termico_MasivoFIN1.mat|/mnt/personal/TT_FINAL/DATASETS/datasets_masivos/Dataset_Termico_Masivo.mat|/mnt/personal/TT_FINAL/DATASETS/datasets_masivos/Dataset_Termico_Masivo4.mat|/mnt/personal/TT_FINAL/DATASETS/datasets_masivos/Dataset_Termico_Masivo2.mat","Doble_slot","2ant",2,3,20
"/mnt/personal/TT_FINAL/DATASETS/datasets_masivos_por_metadata/Doble_slot/2ant/Caso_3/Potencia_25W/modelo_Doble_slot_2ant_dset_c3_p25.mat","/mnt/personal/TT_FINAL/DATASETS/datasets_masivos/Dataset_Termico_Masivo2.mat","modelo_Doble_slot_2ant","dset_c3_p25","modelo_Doble_slot_2ant__dset_c3_p25","/mnt/personal/TT_FINAL/DATASETS/datasets_masivos/Dataset_Termico_MasivoFIN1.mat|/mnt/personal/TT_FINAL/DATASETS/datasets_masivos/Dataset_Termico_Masivo.mat|/mnt/personal/TT_FINAL/DATASETS/datasets_masivos/Dataset_Termico_Masivo4.mat|/mnt/personal/TT_FINAL/DATASETS/datasets_masivos/Dataset_Termico_Masivo2.mat","Doble_slot","2ant",2,3,25
"/mnt/personal/TT_FINAL/DATASETS/datasets_masivos_por_metadata/Doble_slot/2ant/Caso_3/Potencia_30W/modelo_Doble_slot_2ant_dset_c3_p30.mat","/mnt/personal/TT_FINAL/DATASETS/datasets_masivos/Dataset_Termico_Masivo2.mat","modelo_Doble_slot_2ant","dset_c3_p30","modelo_Doble_slot_2ant__dset_c3_p30","/mnt/personal/TT_FINAL/DATASETS/datasets_masivos/Dataset_Termico_MasivoFIN1.mat|/mnt/personal/TT_FINAL/DATASETS/datasets_masivos/Dataset_Termico_Masivo.mat|/mnt/personal/TT_FINAL/DATASETS/datasets_masivos/Dataset_Termico_Masivo4.mat|/mnt/personal/TT_FINAL/DATASETS/datasets_masivos/Dataset_Termico_Masivo2.mat","Doble_slot","2ant",2,3,30
"/mnt/personal/TT_FINAL/DATASETS/datasets_masivos_por_metadata/Doble_slot/2ant/Caso_3/Potencia_35W/modelo_Doble_slot_2ant_dset_c3_p35.mat","/mnt/personal/TT_FINAL/DATASETS/datasets_masivos/Dataset_Termico_Masivo2.mat","modelo_Doble_slot_2ant","dset_c3_p35","modelo_Doble_slot_2ant__dset_c3_p35","/mnt/personal/TT_FINAL/DATASETS/datasets_masivos/Dataset_Termico_MasivoFIN1.mat|/mnt/personal/TT_FINAL/DATASETS/datasets_masivos/Dataset_Termico_Masivo.mat|/mnt/personal/TT_FINAL/DATASETS/datasets_masivos/Dataset_Termico_Masivo4.mat|/mnt/personal/TT_FINAL/DATASETS/datasets_masivos/Dataset_Termico_Masivo2.mat","Doble_slot","2ant",2,3,35
"/mnt/personal/TT_FINAL/DATASETS/datasets_masivos_por_metadata/Doble_slot/2ant/Caso_3/Potencia_40W/modelo_Doble_slot_2ant_dset_c3_p40.mat","/mnt/personal/TT_FINAL/DATASETS/datasets_masivos/Dataset_Termico_Masivo2.mat","modelo_Doble_slot_2ant","dset_c3_p40","modelo_Doble_slot_2ant__dset_c3_p40","/mnt/personal/TT_FINAL/DATASETS/datasets_masivos/Dataset_Termico_MasivoFIN1.mat|/mnt/personal/TT_FINAL/DATASETS/datasets_masivos/Dataset_Termico_Masivo.mat|/mnt/personal/TT_FINAL/DATASETS/datasets_masivos/Dataset_Termico_Masivo4.mat|/mnt/personal/TT_FINAL/DATASETS/datasets_masivos/Dataset_Termico_Masivo2.mat","Doble_slot","2ant",2,3,40
"/mnt/personal/TT_FINAL/DATASETS/datasets_masivos_por_metadata/Doble_slot/2ant/Caso_3/Potencia_45W/modelo_Doble_slot_2ant_dset_c3_p45.mat","/mnt/personal/TT_FINAL/DATASETS/datasets_masivos/Dataset_Termico_Masivo2.mat","modelo_Doble_slot_2ant","dset_c3_p45","modelo_Doble_slot_2ant__dset_c3_p45","/mnt/personal/TT_FINAL/DATASETS/datasets_masivos/Dataset_Termico_MasivoFIN1.mat|/mnt/personal/TT_FINAL/DATASETS/datasets_masivos/Dataset_Termico_Masivo.mat|/mnt/personal/TT_FINAL/DATASETS/datasets_masivos/Dataset_Termico_Masivo4.mat|/mnt/personal/TT_FINAL/DATASETS/datasets_masivos/Dataset_Termico_Masivo2.mat","Doble_slot","2ant",2,3,45
"/mnt/personal/TT_FINAL/DATASETS/datasets_masivos_por_metadata/Doble_slot/2ant/Caso_3/Potencia_5W/modelo_Doble_slot_2ant_dset_c3_p5.mat","/mnt/personal/TT_FINAL/DATASETS/datasets_masivos/Dataset_Termico_Masivo2.mat","modelo_Doble_slot_2ant","dset_c3_p5","modelo_Doble_slot_2ant__dset_c3_p5","/mnt/personal/TT_FINAL/DATASETS/datasets_masivos/Dataset_Termico_MasivoFIN1.mat|/mnt/personal/TT_FINAL/DATASETS/datasets_masivos/Dataset_Termico_Masivo.mat|/mnt/personal/TT_FINAL/DATASETS/datasets_masivos/Dataset_Termico_Masivo4.mat|/mnt/personal/TT_FINAL/DATASETS/datasets_masivos/Dataset_Termico_Masivo2.mat","Doble_slot","2ant",2,3,5
"/mnt/personal/TT_FINAL/DATASETS/datasets_masivos_por_metadata/Doble_slot/2ant/Caso_3/Potencia_50W/modelo_Doble_slot_2ant_dset_c3_p50.mat","/mnt/personal/TT_FINAL/DATASETS/datasets_masivos/Dataset_Termico_Masivo2.mat","modelo_Doble_slot_2ant","dset_c3_p50","modelo_Doble_slot_2ant__dset_c3_p50","/mnt/personal/TT_FINAL/DATASETS/datasets_masivos/Dataset_Termico_MasivoFIN1.mat|/mnt/personal/TT_FINAL/DATASETS/datasets_masivos/Dataset_Termico_Masivo.mat|/mnt/personal/TT_FINAL/DATASETS/datasets_masivos/Dataset_Termico_Masivo4.mat|/mnt/personal/TT_FINAL/DATASETS/datasets_masivos/Dataset_Termico_Masivo2.mat","Doble_slot","2ant",2,3,50
"/mnt/personal/TT_FINAL/DATASETS/datasets_masivos_por_metadata/Doble_slot/2ant/Caso_0/Potencia_10W/modelo_Doble_slot_2ant_src_000EB0C5_dset_c0_p10.mat","/mnt/personal/TT_FINAL/DATASETS/datasets_masivos/Dataset_Termico_MasivoFIN1.mat","modelo_Doble_slot_2ant__src_000EB0C5","dset_c0_p10","modelo_Doble_slot_2ant__src_000EB0C5__dset_c0_p10","/mnt/personal/TT_FINAL/DATASETS/datasets_masivos/Dataset_Termico_MasivoFIN1.mat","Doble_slot","2ant",2,0,10
"/mnt/personal/TT_FINAL/DATASETS/datasets_masivos_por_metadata/Doble_slot/2ant/Caso_0/Potencia_5W/modelo_Doble_slot_2ant_src_000EB0C5_dset_c0_p5.mat","/mnt/personal/TT_FINAL/DATASETS/datasets_masivos/Dataset_Termico_MasivoFIN1.mat","modelo_Doble_slot_2ant__src_000EB0C5","dset_c0_p5","modelo_Doble_slot_2ant__src_000EB0C5__dset_c0_p5","/mnt/personal/TT_FINAL/DATASETS/datasets_masivos/Dataset_Termico_MasivoFIN1.mat","Doble_slot","2ant",2,0,5
"/mnt/personal/TT_FINAL/DATASETS/datasets_masivos_por_metadata/Doble_slot/2ant/Caso_1/Potencia_10W/modelo_Doble_slot_2ant_src_000EB0C5_dset_c1_p10.mat","/mnt/personal/TT_FINAL/DATASETS/datasets_masivos/Dataset_Termico_MasivoFIN1.mat","modelo_Doble_slot_2ant__src_000EB0C5","dset_c1_p10","modelo_Doble_slot_2ant__src_000EB0C5__dset_c1_p10","/mnt/personal/TT_FINAL/DATASETS/datasets_masivos/Dataset_Termico_MasivoFIN1.mat","Doble_slot","2ant",2,1,10
"/mnt/personal/TT_FINAL/DATASETS/datasets_masivos_por_metadata/Doble_slot/2ant/Caso_1/Potencia_5W/modelo_Doble_slot_2ant_src_000EB0C5_dset_c1_p5.mat","/mnt/personal/TT_FINAL/DATASETS/datasets_masivos/Dataset_Termico_MasivoFIN1.mat","modelo_Doble_slot_2ant__src_000EB0C5","dset_c1_p5","modelo_Doble_slot_2ant__src_000EB0C5__dset_c1_p5","/mnt/personal/TT_FINAL/DATASETS/datasets_masivos/Dataset_Termico_MasivoFIN1.mat","Doble_slot","2ant",2,1,5
"/mnt/personal/TT_FINAL/DATASETS/datasets_masivos_por_metadata/Doble_slot/2ant/Caso_3/Potencia_10W/modelo_Doble_slot_2ant_src_000EB0C5_dset_c3_p10.mat","/mnt/personal/TT_FINAL/DATASETS/datasets_masivos/Dataset_Termico_MasivoFIN1.mat","modelo_Doble_slot_2ant__src_000EB0C5","dset_c3_p10","modelo_Doble_slot_2ant__src_000EB0C5__dset_c3_p10","/mnt/personal/TT_FINAL/DATASETS/datasets_masivos/Dataset_Termico_MasivoFIN1.mat","Doble_slot","2ant",2,3,10
"/mnt/personal/TT_FINAL/DATASETS/datasets_masivos_por_metadata/Doble_slot/2ant/Caso_3/Potencia_15W/modelo_Doble_slot_2ant_src_000EB0C5_dset_c3_p15.mat","/mnt/personal/TT_FINAL/DATASETS/datasets_masivos/Dataset_Termico_MasivoFIN1.mat","modelo_Doble_slot_2ant__src_000EB0C5","dset_c3_p15","modelo_Doble_slot_2ant__src_000EB0C5__dset_c3_p15","/mnt/personal/TT_FINAL/DATASETS/datasets_masivos/Dataset_Termico_MasivoFIN1.mat","Doble_slot","2ant",2,3,15
"/mnt/personal/TT_FINAL/DATASETS/datasets_masivos_por_metadata/Doble_slot/2ant/Caso_3/Potencia_20W/modelo_Doble_slot_2ant_src_000EB0C5_dset_c3_p20.mat","/mnt/personal/TT_FINAL/DATASETS/datasets_masivos/Dataset_Termico_MasivoFIN1.mat","modelo_Doble_slot_2ant__src_000EB0C5","dset_c3_p20","modelo_Doble_slot_2ant__src_000EB0C5__dset_c3_p20","/mnt/personal/TT_FINAL/DATASETS/datasets_masivos/Dataset_Termico_MasivoFIN1.mat","Doble_slot","2ant",2,3,20
"/mnt/personal/TT_FINAL/DATASETS/datasets_masivos_por_metadata/Doble_slot/2ant/Caso_3/Potencia_25W/modelo_Doble_slot_2ant_src_000EB0C5_dset_c3_p25.mat","/mnt/personal/TT_FINAL/DATASETS/datasets_masivos/Dataset_Termico_MasivoFIN1.mat","modelo_Doble_slot_2ant__src_000EB0C5","dset_c3_p25","modelo_Doble_slot_2ant__src_000EB0C5__dset_c3_p25","/mnt/personal/TT_FINAL/DATASETS/datasets_masivos/Dataset_Termico_MasivoFIN1.mat","Doble_slot","2ant",2,3,25
"/mnt/personal/TT_FINAL/DATASETS/datasets_masivos_por_metadata/Doble_slot/2ant/Caso_3/Potencia_30W/modelo_Doble_slot_2ant_src_000EB0C5_dset_c3_p30.mat","/mnt/personal/TT_FINAL/DATASETS/datasets_masivos/Dataset_Termico_MasivoFIN1.mat","modelo_Doble_slot_2ant__src_000EB0C5","dset_c3_p30","modelo_Doble_slot_2ant__src_000EB0C5__dset_c3_p30","/mnt/personal/TT_FINAL/DATASETS/datasets_masivos/Dataset_Termico_MasivoFIN1.mat","Doble_slot","2ant",2,3,30
"/mnt/personal/TT_FINAL/DATASETS/datasets_masivos_por_metadata/Doble_slot/2ant/Caso_3/Potencia_35W/modelo_Doble_slot_2ant_src_000EB0C5_dset_c3_p35.mat","/mnt/personal/TT_FINAL/DATASETS/datasets_masivos/Dataset_Termico_MasivoFIN1.mat","modelo_Doble_slot_2ant__src_000EB0C5","dset_c3_p35","modelo_Doble_slot_2ant__src_000EB0C5__dset_c3_p35","/mnt/personal/TT_FINAL/DATASETS/datasets_masivos/Dataset_Termico_MasivoFIN1.mat","Doble_slot","2ant",2,3,35
"/mnt/personal/TT_FINAL/DATASETS/datasets_masivos_por_metadata/Doble_slot/2ant/Caso_3/Potencia_40W/modelo_Doble_slot_2ant_src_000EB0C5_dset_c3_p40.mat","/mnt/personal/TT_FINAL/DATASETS/datasets_masivos/Dataset_Termico_MasivoFIN1.mat","modelo_Doble_slot_2ant__src_000EB0C5","dset_c3_p40","modelo_Doble_slot_2ant__src_000EB0C5__dset_c3_p40","/mnt/personal/TT_FINAL/DATASETS/datasets_masivos/Dataset_Termico_MasivoFIN1.mat","Doble_slot","2ant",2,3,40
"/mnt/personal/TT_FINAL/DATASETS/datasets_masivos_por_metadata/Doble_slot/2ant/Caso_3/Potencia_45W/modelo_Doble_slot_2ant_src_000EB0C5_dset_c3_p45.mat","/mnt/personal/TT_FINAL/DATASETS/datasets_masivos/Dataset_Termico_MasivoFIN1.mat","modelo_Doble_slot_2ant__src_000EB0C5","dset_c3_p45","modelo_Doble_slot_2ant__src_000EB0C5__dset_c3_p45","/mnt/personal/TT_FINAL/DATASETS/datasets_masivos/Dataset_Termico_MasivoFIN1.mat","Doble_slot","2ant",2,3,45
"/mnt/personal/TT_FINAL/DATASETS/datasets_masivos_por_metadata/Doble_slot/2ant/Caso_3/Potencia_5W/modelo_Doble_slot_2ant_src_000EB0C5_dset_c3_p5.mat","/mnt/personal/TT_FINAL/DATASETS/datasets_masivos/Dataset_Termico_MasivoFIN1.mat","modelo_Doble_slot_2ant__src_000EB0C5","dset_c3_p5","modelo_Doble_slot_2ant__src_000EB0C5__dset_c3_p5","/mnt/personal/TT_FINAL/DATASETS/datasets_masivos/Dataset_Termico_MasivoFIN1.mat","Doble_slot","2ant",2,3,5
"/mnt/personal/TT_FINAL/DATASETS/datasets_masivos_por_metadata/Doble_slot/2ant/Caso_3/Potencia_50W/modelo_Doble_slot_2ant_src_000EB0C5_dset_c3_p50.mat","/mnt/personal/TT_FINAL/DATASETS/datasets_masivos/Dataset_Termico_MasivoFIN1.mat","modelo_Doble_slot_2ant__src_000EB0C5","dset_c3_p50","modelo_Doble_slot_2ant__src_000EB0C5__dset_c3_p50","/mnt/personal/TT_FINAL/DATASETS/datasets_masivos/Dataset_Termico_MasivoFIN1.mat","Doble_slot","2ant",2,3,50
"/mnt/personal/TT_FINAL/DATASETS/datasets_masivos_por_metadata/Doble_slot/2ant/Caso_5/Potencia_10W/modelo_Doble_slot_2ant_src_000EB7D8_dset_c5_p10.mat","/mnt/personal/TT_FINAL/DATASETS/datasets_masivos/Dataset_Termico_MasivoFIN1.mat","modelo_Doble_slot_2ant__src_000EB7D8","dset_c5_p10","modelo_Doble_slot_2ant__src_000EB7D8__dset_c5_p10","/mnt/personal/TT_FINAL/DATASETS/datasets_masivos/Dataset_Termico_MasivoFIN1.mat","Doble_slot","2ant",2,5,10
"/mnt/personal/TT_FINAL/DATASETS/datasets_masivos_por_metadata/Doble_slot/2ant/Caso_5/Potencia_15W/modelo_Doble_slot_2ant_src_000EB7D8_dset_c5_p15.mat","/mnt/personal/TT_FINAL/DATASETS/datasets_masivos/Dataset_Termico_MasivoFIN1.mat","modelo_Doble_slot_2ant__src_000EB7D8","dset_c5_p15","modelo_Doble_slot_2ant__src_000EB7D8__dset_c5_p15","/mnt/personal/TT_FINAL/DATASETS/datasets_masivos/Dataset_Termico_MasivoFIN1.mat","Doble_slot","2ant",2,5,15
"/mnt/personal/TT_FINAL/DATASETS/datasets_masivos_por_metadata/Doble_slot/2ant/Caso_5/Potencia_5W/modelo_Doble_slot_2ant_src_000EB7D8_dset_c5_p5.mat","/mnt/personal/TT_FINAL/DATASETS/datasets_masivos/Dataset_Termico_MasivoFIN1.mat","modelo_Doble_slot_2ant__src_000EB7D8","dset_c5_p5","modelo_Doble_slot_2ant__src_000EB7D8__dset_c5_p5","/mnt/personal/TT_FINAL/DATASETS/datasets_masivos/Dataset_Termico_MasivoFIN1.mat","Doble_slot","2ant",2,5,5
"/mnt/personal/TT_FINAL/DATASETS/datasets_masivos_por_metadata/Doble_slot/2ant/Caso_7/Potencia_10W/modelo_Doble_slot_2ant_src_000EB7D8_dset_c7_p10.mat","/mnt/personal/TT_FINAL/DATASETS/datasets_masivos/Dataset_Termico_MasivoFIN1.mat","modelo_Doble_slot_2ant__src_000EB7D8","dset_c7_p10","modelo_Doble_slot_2ant__src_000EB7D8__dset_c7_p10","/mnt/personal/TT_FINAL/DATASETS/datasets_masivos/Dataset_Termico_MasivoFIN1.mat","Doble_slot","2ant",2,7,10
"/mnt/personal/TT_FINAL/DATASETS/datasets_masivos_por_metadata/Doble_slot/2ant/Caso_7/Potencia_15W/modelo_Doble_slot_2ant_src_000EB7D8_dset_c7_p15.mat","/mnt/personal/TT_FINAL/DATASETS/datasets_masivos/Dataset_Termico_MasivoFIN1.mat","modelo_Doble_slot_2ant__src_000EB7D8","dset_c7_p15","modelo_Doble_slot_2ant__src_000EB7D8__dset_c7_p15","/mnt/personal/TT_FINAL/DATASETS/datasets_masivos/Dataset_Termico_MasivoFIN1.mat","Doble_slot","2ant",2,7,15
"/mnt/personal/TT_FINAL/DATASETS/datasets_masivos_por_metadata/Doble_slot/2ant/Caso_7/Potencia_20W/modelo_Doble_slot_2ant_src_000EB7D8_dset_c7_p20.mat","/mnt/personal/TT_FINAL/DATASETS/datasets_masivos/Dataset_Termico_MasivoFIN1.mat","modelo_Doble_slot_2ant__src_000EB7D8","dset_c7_p20","modelo_Doble_slot_2ant__src_000EB7D8__dset_c7_p20","/mnt/personal/TT_FINAL/DATASETS/datasets_masivos/Dataset_Termico_MasivoFIN1.mat","Doble_slot","2ant",2,7,20
"/mnt/personal/TT_FINAL/DATASETS/datasets_masivos_por_metadata/Doble_slot/2ant/Caso_7/Potencia_25W/modelo_Doble_slot_2ant_src_000EB7D8_dset_c7_p25.mat","/mnt/personal/TT_FINAL/DATASETS/datasets_masivos/Dataset_Termico_MasivoFIN1.mat","modelo_Doble_slot_2ant__src_000EB7D8","dset_c7_p25","modelo_Doble_slot_2ant__src_000EB7D8__dset_c7_p25","/mnt/personal/TT_FINAL/DATASETS/datasets_masivos/Dataset_Termico_MasivoFIN1.mat","Doble_slot","2ant",2,7,25
"/mnt/personal/TT_FINAL/DATASETS/datasets_masivos_por_metadata/Doble_slot/2ant/Caso_7/Potencia_30W/modelo_Doble_slot_2ant_src_000EB7D8_dset_c7_p30.mat","/mnt/personal/TT_FINAL/DATASETS/datasets_masivos/Dataset_Termico_MasivoFIN1.mat","modelo_Doble_slot_2ant__src_000EB7D8","dset_c7_p30","modelo_Doble_slot_2ant__src_000EB7D8__dset_c7_p30","/mnt/personal/TT_FINAL/DATASETS/datasets_masivos/Dataset_Termico_MasivoFIN1.mat","Doble_slot","2ant",2,7,30
"/mnt/personal/TT_FINAL/DATASETS/datasets_masivos_por_metadata/Doble_slot/2ant/Caso_7/Potencia_5W/modelo_Doble_slot_2ant_src_000EB7D8_dset_c7_p5.mat","/mnt/personal/TT_FINAL/DATASETS/datasets_masivos/Dataset_Termico_MasivoFIN1.mat","modelo_Doble_slot_2ant__src_000EB7D8","dset_c7_p5","modelo_Doble_slot_2ant__src_000EB7D8__dset_c7_p5","/mnt/personal/TT_FINAL/DATASETS/datasets_masivos/Dataset_Termico_MasivoFIN1.mat","Doble_slot","2ant",2,7,5
"/mnt/personal/TT_FINAL/DATASETS/datasets_masivos_por_metadata/Doble_slot/2ant/Caso_1/Potencia_15W/modelo_Doble_slot_2ant_pendientes_dset_c1_p15.mat","/mnt/personal/TT_FINAL/DATASETS/datasets_masivos/Dataset_Termico_MasivoFIN1.mat","modelo_Doble_slot_2ant_pendientes","dset_c1_p15","modelo_Doble_slot_2ant_pendientes__dset_c1_p15","/mnt/personal/TT_FINAL/DATASETS/datasets_masivos/Dataset_Termico_MasivoFIN1.mat","Doble_slot","2ant",2,1,15
"/mnt/personal/TT_FINAL/DATASETS/datasets_masivos_por_metadata/Doble_slot/2ant/Caso_1/Potencia_20W/modelo_Doble_slot_2ant_pendientes_dset_c1_p20.mat","/mnt/personal/TT_FINAL/DATASETS/datasets_masivos/Dataset_Termico_MasivoFIN1.mat","modelo_Doble_slot_2ant_pendientes","dset_c1_p20","modelo_Doble_slot_2ant_pendientes__dset_c1_p20","/mnt/personal/TT_FINAL/DATASETS/datasets_masivos/Dataset_Termico_MasivoFIN1.mat","Doble_slot","2ant",2,1,20
"/mnt/personal/TT_FINAL/DATASETS/datasets_masivos_por_metadata/Doble_slot/2ant/Caso_1/Potencia_25W/modelo_Doble_slot_2ant_pendientes_dset_c1_p25.mat","/mnt/personal/TT_FINAL/DATASETS/datasets_masivos/Dataset_Termico_MasivoFIN1.mat","modelo_Doble_slot_2ant_pendientes","dset_c1_p25","modelo_Doble_slot_2ant_pendientes__dset_c1_p25","/mnt/personal/TT_FINAL/DATASETS/datasets_masivos/Dataset_Termico_MasivoFIN1.mat","Doble_slot","2ant",2,1,25
"/mnt/personal/TT_FINAL/DATASETS/datasets_masivos_por_metadata/Doble_slot/2ant/Caso_1/Potencia_30W/modelo_Doble_slot_2ant_pendientes_dset_c1_p30.mat","/mnt/personal/TT_FINAL/DATASETS/datasets_masivos/Dataset_Termico_MasivoFIN1.mat","modelo_Doble_slot_2ant_pendientes","dset_c1_p30","modelo_Doble_slot_2ant_pendientes__dset_c1_p30","/mnt/personal/TT_FINAL/DATASETS/datasets_masivos/Dataset_Termico_MasivoFIN1.mat","Doble_slot","2ant",2,1,30
"/mnt/personal/TT_FINAL/DATASETS/datasets_masivos_por_metadata/Doble_slot/2ant/Caso_1/Potencia_35W/modelo_Doble_slot_2ant_pendientes_dset_c1_p35.mat","/mnt/personal/TT_FINAL/DATASETS/datasets_masivos/Dataset_Termico_MasivoFIN1.mat","modelo_Doble_slot_2ant_pendientes","dset_c1_p35","modelo_Doble_slot_2ant_pendientes__dset_c1_p35","/mnt/personal/TT_FINAL/DATASETS/datasets_masivos/Dataset_Termico_MasivoFIN1.mat","Doble_slot","2ant",2,1,35
"/mnt/personal/TT_FINAL/DATASETS/datasets_masivos_por_metadata/Doble_slot/2ant/Caso_1/Potencia_40W/modelo_Doble_slot_2ant_pendientes_dset_c1_p40.mat","/mnt/personal/TT_FINAL/DATASETS/datasets_masivos/Dataset_Termico_MasivoFIN1.mat","modelo_Doble_slot_2ant_pendientes","dset_c1_p40","modelo_Doble_slot_2ant_pendientes__dset_c1_p40","/mnt/personal/TT_FINAL/DATASETS/datasets_masivos/Dataset_Termico_MasivoFIN1.mat","Doble_slot","2ant",2,1,40
"/mnt/personal/TT_FINAL/DATASETS/datasets_masivos_por_metadata/Doble_slot/2ant/Caso_1/Potencia_45W/modelo_Doble_slot_2ant_pendientes_dset_c1_p45.mat","/mnt/personal/TT_FINAL/DATASETS/datasets_masivos/Dataset_Termico_MasivoFIN1.mat","modelo_Doble_slot_2ant_pendientes","dset_c1_p45","modelo_Doble_slot_2ant_pendientes__dset_c1_p45","/mnt/personal/TT_FINAL/DATASETS/datasets_masivos/Dataset_Termico_MasivoFIN1.mat","Doble_slot","2ant",2,1,45
"/mnt/personal/TT_FINAL/DATASETS/datasets_masivos_por_metadata/Doble_slot/2ant/Caso_1/Potencia_50W/modelo_Doble_slot_2ant_pendientes_dset_c1_p50.mat","/mnt/personal/TT_FINAL/DATASETS/datasets_masivos/Dataset_Termico_MasivoFIN1.mat","modelo_Doble_slot_2ant_pendientes","dset_c1_p50","modelo_Doble_slot_2ant_pendientes__dset_c1_p50","/mnt/personal/TT_FINAL/DATASETS/datasets_masivos/Dataset_Termico_MasivoFIN1.mat","Doble_slot","2ant",2,1,50
"/mnt/personal/TT_FINAL/DATASETS/datasets_masivos_por_metadata/Doble_slot/2ant/Caso_2/Potencia_10W/modelo_Doble_slot_2ant_pendientes_dset_c2_p10.mat","/mnt/personal/TT_FINAL/DATASETS/datasets_masivos/Dataset_Termico_MasivoFIN1.mat","modelo_Doble_slot_2ant_pendientes","dset_c2_p10","modelo_Doble_slot_2ant_pendientes__dset_c2_p10","/mnt/personal/TT_FINAL/DATASETS/datasets_masivos/Dataset_Termico_MasivoFIN1.mat","Doble_slot","2ant",2,2,10
"/mnt/personal/TT_FINAL/DATASETS/datasets_masivos_por_metadata/Doble_slot/2ant/Caso_2/Potencia_15W/modelo_Doble_slot_2ant_pendientes_dset_c2_p15.mat","/mnt/personal/TT_FINAL/DATASETS/datasets_masivos/Dataset_Termico_MasivoFIN1.mat","modelo_Doble_slot_2ant_pendientes","dset_c2_p15","modelo_Doble_slot_2ant_pendientes__dset_c2_p15","/mnt/personal/TT_FINAL/DATASETS/datasets_masivos/Dataset_Termico_MasivoFIN1.mat","Doble_slot","2ant",2,2,15
"/mnt/personal/TT_FINAL/DATASETS/datasets_masivos_por_metadata/Doble_slot/2ant/Caso_2/Potencia_20W/modelo_Doble_slot_2ant_pendientes_dset_c2_p20.mat","/mnt/personal/TT_FINAL/DATASETS/datasets_masivos/Dataset_Termico_MasivoFIN1.mat","modelo_Doble_slot_2ant_pendientes","dset_c2_p20","modelo_Doble_slot_2ant_pendientes__dset_c2_p20","/mnt/personal/TT_FINAL/DATASETS/datasets_masivos/Dataset_Termico_MasivoFIN1.mat","Doble_slot","2ant",2,2,20
"/mnt/personal/TT_FINAL/DATASETS/datasets_masivos_por_metadata/Doble_slot/2ant/Caso_2/Potencia_25W/modelo_Doble_slot_2ant_pendientes_dset_c2_p25.mat","/mnt/personal/TT_FINAL/DATASETS/datasets_masivos/Dataset_Termico_MasivoFIN1.mat","modelo_Doble_slot_2ant_pendientes","dset_c2_p25","modelo_Doble_slot_2ant_pendientes__dset_c2_p25","/mnt/personal/TT_FINAL/DATASETS/datasets_masivos/Dataset_Termico_MasivoFIN1.mat","Doble_slot","2ant",2,2,25
"/mnt/personal/TT_FINAL/DATASETS/datasets_masivos_por_metadata/Doble_slot/2ant/Caso_2/Potencia_30W/modelo_Doble_slot_2ant_pendientes_dset_c2_p30.mat","/mnt/personal/TT_FINAL/DATASETS/datasets_masivos/Dataset_Termico_MasivoFIN1.mat","modelo_Doble_slot_2ant_pendientes","dset_c2_p30","modelo_Doble_slot_2ant_pendientes__dset_c2_p30","/mnt/personal/TT_FINAL/DATASETS/datasets_masivos/Dataset_Termico_MasivoFIN1.mat","Doble_slot","2ant",2,2,30
"/mnt/personal/TT_FINAL/DATASETS/datasets_masivos_por_metadata/Doble_slot/2ant/Caso_2/Potencia_35W/modelo_Doble_slot_2ant_pendientes_dset_c2_p35.mat","/mnt/personal/TT_FINAL/DATASETS/datasets_masivos/Dataset_Termico_MasivoFIN1.mat","modelo_Doble_slot_2ant_pendientes","dset_c2_p35","modelo_Doble_slot_2ant_pendientes__dset_c2_p35","/mnt/personal/TT_FINAL/DATASETS/datasets_masivos/Dataset_Termico_MasivoFIN1.mat","Doble_slot","2ant",2,2,35
"/mnt/personal/TT_FINAL/DATASETS/datasets_masivos_por_metadata/Doble_slot/2ant/Caso_2/Potencia_40W/modelo_Doble_slot_2ant_pendientes_dset_c2_p40.mat","/mnt/personal/TT_FINAL/DATASETS/datasets_masivos/Dataset_Termico_MasivoFIN1.mat","modelo_Doble_slot_2ant_pendientes","dset_c2_p40","modelo_Doble_slot_2ant_pendientes__dset_c2_p40","/mnt/personal/TT_FINAL/DATASETS/datasets_masivos/Dataset_Termico_MasivoFIN1.mat","Doble_slot","2ant",2,2,40
"/mnt/personal/TT_FINAL/DATASETS/datasets_masivos_por_metadata/Doble_slot/2ant/Caso_2/Potencia_45W/modelo_Doble_slot_2ant_pendientes_dset_c2_p45.mat","/mnt/personal/TT_FINAL/DATASETS/datasets_masivos/Dataset_Termico_MasivoFIN1.mat","modelo_Doble_slot_2ant_pendientes","dset_c2_p45","modelo_Doble_slot_2ant_pendientes__dset_c2_p45","/mnt/personal/TT_FINAL/DATASETS/datasets_masivos/Dataset_Termico_MasivoFIN1.mat","Doble_slot","2ant",2,2,45
"/mnt/personal/TT_FINAL/DATASETS/datasets_masivos_por_metadata/Doble_slot/2ant/Caso_2/Potencia_5W/modelo_Doble_slot_2ant_pendientes_dset_c2_p5.mat","/mnt/personal/TT_FINAL/DATASETS/datasets_masivos/Dataset_Termico_MasivoFIN1.mat","modelo_Doble_slot_2ant_pendientes","dset_c2_p5","modelo_Doble_slot_2ant_pendientes__dset_c2_p5","/mnt/personal/TT_FINAL/DATASETS/datasets_masivos/Dataset_Termico_MasivoFIN1.mat","Doble_slot","2ant",2,2,5
"/mnt/personal/TT_FINAL/DATASETS/datasets_masivos_por_metadata/Doble_slot/2ant/Caso_2/Potencia_50W/modelo_Doble_slot_2ant_pendientes_dset_c2_p50.mat","/mnt/personal/TT_FINAL/DATASETS/datasets_masivos/Dataset_Termico_MasivoFIN1.mat","modelo_Doble_slot_2ant_pendientes","dset_c2_p50","modelo_Doble_slot_2ant_pendientes__dset_c2_p50","/mnt/personal/TT_FINAL/DATASETS/datasets_masivos/Dataset_Termico_MasivoFIN1.mat","Doble_slot","2ant",2,2,50
"/mnt/personal/TT_FINAL/DATASETS/datasets_masivos_por_metadata/Doble_slot/2ant/Caso_4/Potencia_10W/modelo_Doble_slot_2ant_pendientes_dset_c4_p10.mat","/mnt/personal/TT_FINAL/DATASETS/datasets_masivos/Dataset_Termico_MasivoFIN1.mat","modelo_Doble_slot_2ant_pendientes","dset_c4_p10","modelo_Doble_slot_2ant_pendientes__dset_c4_p10","/mnt/personal/TT_FINAL/DATASETS/datasets_masivos/Dataset_Termico_MasivoFIN1.mat","Doble_slot","2ant",2,4,10
"/mnt/personal/TT_FINAL/DATASETS/datasets_masivos_por_metadata/Doble_slot/2ant/Caso_4/Potencia_15W/modelo_Doble_slot_2ant_pendientes_dset_c4_p15.mat","/mnt/personal/TT_FINAL/DATASETS/datasets_masivos/Dataset_Termico_MasivoFIN1.mat","modelo_Doble_slot_2ant_pendientes","dset_c4_p15","modelo_Doble_slot_2ant_pendientes__dset_c4_p15","/mnt/personal/TT_FINAL/DATASETS/datasets_masivos/Dataset_Termico_MasivoFIN1.mat","Doble_slot","2ant",2,4,15
"/mnt/personal/TT_FINAL/DATASETS/datasets_masivos_por_metadata/Doble_slot/2ant/Caso_4/Potencia_20W/modelo_Doble_slot_2ant_pendientes_dset_c4_p20.mat","/mnt/personal/TT_FINAL/DATASETS/datasets_masivos/Dataset_Termico_MasivoFIN1.mat","modelo_Doble_slot_2ant_pendientes","dset_c4_p20","modelo_Doble_slot_2ant_pendientes__dset_c4_p20","/mnt/personal/TT_FINAL/DATASETS/datasets_masivos/Dataset_Termico_MasivoFIN1.mat","Doble_slot","2ant",2,4,20
"/mnt/personal/TT_FINAL/DATASETS/datasets_masivos_por_metadata/Doble_slot/2ant/Caso_4/Potencia_25W/modelo_Doble_slot_2ant_pendientes_dset_c4_p25.mat","/mnt/personal/TT_FINAL/DATASETS/datasets_masivos/Dataset_Termico_MasivoFIN1.mat","modelo_Doble_slot_2ant_pendientes","dset_c4_p25","modelo_Doble_slot_2ant_pendientes__dset_c4_p25","/mnt/personal/TT_FINAL/DATASETS/datasets_masivos/Dataset_Termico_MasivoFIN1.mat","Doble_slot","2ant",2,4,25
"/mnt/personal/TT_FINAL/DATASETS/datasets_masivos_por_metadata/Doble_slot/2ant/Caso_4/Potencia_30W/modelo_Doble_slot_2ant_pendientes_dset_c4_p30.mat","/mnt/personal/TT_FINAL/DATASETS/datasets_masivos/Dataset_Termico_MasivoFIN1.mat","modelo_Doble_slot_2ant_pendientes","dset_c4_p30","modelo_Doble_slot_2ant_pendientes__dset_c4_p30","/mnt/personal/TT_FINAL/DATASETS/datasets_masivos/Dataset_Termico_MasivoFIN1.mat","Doble_slot","2ant",2,4,30
"/mnt/personal/TT_FINAL/DATASETS/datasets_masivos_por_metadata/Doble_slot/2ant/Caso_4/Potencia_35W/modelo_Doble_slot_2ant_pendientes_dset_c4_p35.mat","/mnt/personal/TT_FINAL/DATASETS/datasets_masivos/Dataset_Termico_MasivoFIN1.mat","modelo_Doble_slot_2ant_pendientes","dset_c4_p35","modelo_Doble_slot_2ant_pendientes__dset_c4_p35","/mnt/personal/TT_FINAL/DATASETS/datasets_masivos/Dataset_Termico_MasivoFIN1.mat","Doble_slot","2ant",2,4,35
"/mnt/personal/TT_FINAL/DATASETS/datasets_masivos_por_metadata/Doble_slot/2ant/Caso_4/Potencia_40W/modelo_Doble_slot_2ant_pendientes_dset_c4_p40.mat","/mnt/personal/TT_FINAL/DATASETS/datasets_masivos/Dataset_Termico_MasivoFIN1.mat","modelo_Doble_slot_2ant_pendientes","dset_c4_p40","modelo_Doble_slot_2ant_pendientes__dset_c4_p40","/mnt/personal/TT_FINAL/DATASETS/datasets_masivos/Dataset_Termico_MasivoFIN1.mat","Doble_slot","2ant",2,4,40
"/mnt/personal/TT_FINAL/DATASETS/datasets_masivos_por_metadata/Doble_slot/2ant/Caso_4/Potencia_45W/modelo_Doble_slot_2ant_pendientes_dset_c4_p45.mat","/mnt/personal/TT_FINAL/DATASETS/datasets_masivos/Dataset_Termico_MasivoFIN1.mat","modelo_Doble_slot_2ant_pendientes","dset_c4_p45","modelo_Doble_slot_2ant_pendientes__dset_c4_p45","/mnt/personal/TT_FINAL/DATASETS/datasets_masivos/Dataset_Termico_MasivoFIN1.mat","Doble_slot","2ant",2,4,45
"/mnt/personal/TT_FINAL/DATASETS/datasets_masivos_por_metadata/Doble_slot/2ant/Caso_4/Potencia_5W/modelo_Doble_slot_2ant_pendientes_dset_c4_p5.mat","/mnt/personal/TT_FINAL/DATASETS/datasets_masivos/Dataset_Termico_MasivoFIN1.mat","modelo_Doble_slot_2ant_pendientes","dset_c4_p5","modelo_Doble_slot_2ant_pendientes__dset_c4_p5","/mnt/personal/TT_FINAL/DATASETS/datasets_masivos/Dataset_Termico_MasivoFIN1.mat","Doble_slot","2ant",2,4,5
"/mnt/personal/TT_FINAL/DATASETS/datasets_masivos_por_metadata/Doble_slot/2ant/Caso_4/Potencia_50W/modelo_Doble_slot_2ant_pendientes_dset_c4_p50.mat","/mnt/personal/TT_FINAL/DATASETS/datasets_masivos/Dataset_Termico_MasivoFIN1.mat","modelo_Doble_slot_2ant_pendientes","dset_c4_p50","modelo_Doble_slot_2ant_pendientes__dset_c4_p50","/mnt/personal/TT_FINAL/DATASETS/datasets_masivos/Dataset_Termico_MasivoFIN1.mat","Doble_slot","2ant",2,4,50
"/mnt/personal/TT_FINAL/DATASETS/datasets_masivos_por_metadata/Doble_slot/2ant/Caso_5/Potencia_20W/modelo_Doble_slot_2ant_pendientes_dset_c5_p20.mat","/mnt/personal/TT_FINAL/DATASETS/datasets_masivos/Dataset_Termico_MasivoFIN1.mat","modelo_Doble_slot_2ant_pendientes","dset_c5_p20","modelo_Doble_slot_2ant_pendientes__dset_c5_p20","/mnt/personal/TT_FINAL/DATASETS/datasets_masivos/Dataset_Termico_MasivoFIN1.mat","Doble_slot","2ant",2,5,20
"/mnt/personal/TT_FINAL/DATASETS/datasets_masivos_por_metadata/Doble_slot/2ant/Caso_5/Potencia_25W/modelo_Doble_slot_2ant_pendientes_dset_c5_p25.mat","/mnt/personal/TT_FINAL/DATASETS/datasets_masivos/Dataset_Termico_MasivoFIN1.mat","modelo_Doble_slot_2ant_pendientes","dset_c5_p25","modelo_Doble_slot_2ant_pendientes__dset_c5_p25","/mnt/personal/TT_FINAL/DATASETS/datasets_masivos/Dataset_Termico_MasivoFIN1.mat","Doble_slot","2ant",2,5,25
"/mnt/personal/TT_FINAL/DATASETS/datasets_masivos_por_metadata/Doble_slot/2ant/Caso_5/Potencia_30W/modelo_Doble_slot_2ant_pendientes_dset_c5_p30.mat","/mnt/personal/TT_FINAL/DATASETS/datasets_masivos/Dataset_Termico_MasivoFIN1.mat","modelo_Doble_slot_2ant_pendientes","dset_c5_p30","modelo_Doble_slot_2ant_pendientes__dset_c5_p30","/mnt/personal/TT_FINAL/DATASETS/datasets_masivos/Dataset_Termico_MasivoFIN1.mat","Doble_slot","2ant",2,5,30
"/mnt/personal/TT_FINAL/DATASETS/datasets_masivos_por_metadata/Doble_slot/2ant/Caso_5/Potencia_35W/modelo_Doble_slot_2ant_pendientes_dset_c5_p35.mat","/mnt/personal/TT_FINAL/DATASETS/datasets_masivos/Dataset_Termico_MasivoFIN1.mat","modelo_Doble_slot_2ant_pendientes","dset_c5_p35","modelo_Doble_slot_2ant_pendientes__dset_c5_p35","/mnt/personal/TT_FINAL/DATASETS/datasets_masivos/Dataset_Termico_MasivoFIN1.mat","Doble_slot","2ant",2,5,35
"/mnt/personal/TT_FINAL/DATASETS/datasets_masivos_por_metadata/Doble_slot/2ant/Caso_5/Potencia_40W/modelo_Doble_slot_2ant_pendientes_dset_c5_p40.mat","/mnt/personal/TT_FINAL/DATASETS/datasets_masivos/Dataset_Termico_MasivoFIN1.mat","modelo_Doble_slot_2ant_pendientes","dset_c5_p40","modelo_Doble_slot_2ant_pendientes__dset_c5_p40","/mnt/personal/TT_FINAL/DATASETS/datasets_masivos/Dataset_Termico_MasivoFIN1.mat","Doble_slot","2ant",2,5,40
"/mnt/personal/TT_FINAL/DATASETS/datasets_masivos_por_metadata/Doble_slot/2ant/Caso_5/Potencia_45W/modelo_Doble_slot_2ant_pendientes_dset_c5_p45.mat","/mnt/personal/TT_FINAL/DATASETS/datasets_masivos/Dataset_Termico_MasivoFIN1.mat","modelo_Doble_slot_2ant_pendientes","dset_c5_p45","modelo_Doble_slot_2ant_pendientes__dset_c5_p45","/mnt/personal/TT_FINAL/DATASETS/datasets_masivos/Dataset_Termico_MasivoFIN1.mat","Doble_slot","2ant",2,5,45
"/mnt/personal/TT_FINAL/DATASETS/datasets_masivos_por_metadata/Doble_slot/2ant/Caso_5/Potencia_50W/modelo_Doble_slot_2ant_pendientes_dset_c5_p50.mat","/mnt/personal/TT_FINAL/DATASETS/datasets_masivos/Dataset_Termico_MasivoFIN1.mat","modelo_Doble_slot_2ant_pendientes","dset_c5_p50","modelo_Doble_slot_2ant_pendientes__dset_c5_p50","/mnt/personal/TT_FINAL/DATASETS/datasets_masivos/Dataset_Termico_MasivoFIN1.mat","Doble_slot","2ant",2,5,50
"/mnt/personal/TT_FINAL/DATASETS/datasets_masivos_por_metadata/Doble_slot/2ant/Caso_6/Potencia_10W/modelo_Doble_slot_2ant_pendientes_dset_c6_p10.mat","/mnt/personal/TT_FINAL/DATASETS/datasets_masivos/Dataset_Termico_MasivoFIN1.mat","modelo_Doble_slot_2ant_pendientes","dset_c6_p10","modelo_Doble_slot_2ant_pendientes__dset_c6_p10","/mnt/personal/TT_FINAL/DATASETS/datasets_masivos/Dataset_Termico_MasivoFIN1.mat","Doble_slot","2ant",2,6,10
"/mnt/personal/TT_FINAL/DATASETS/datasets_masivos_por_metadata/Doble_slot/2ant/Caso_6/Potencia_15W/modelo_Doble_slot_2ant_pendientes_dset_c6_p15.mat","/mnt/personal/TT_FINAL/DATASETS/datasets_masivos/Dataset_Termico_MasivoFIN1.mat","modelo_Doble_slot_2ant_pendientes","dset_c6_p15","modelo_Doble_slot_2ant_pendientes__dset_c6_p15","/mnt/personal/TT_FINAL/DATASETS/datasets_masivos/Dataset_Termico_MasivoFIN1.mat","Doble_slot","2ant",2,6,15
"/mnt/personal/TT_FINAL/DATASETS/datasets_masivos_por_metadata/Doble_slot/2ant/Caso_6/Potencia_20W/modelo_Doble_slot_2ant_pendientes_dset_c6_p20.mat","/mnt/personal/TT_FINAL/DATASETS/datasets_masivos/Dataset_Termico_MasivoFIN1.mat","modelo_Doble_slot_2ant_pendientes","dset_c6_p20","modelo_Doble_slot_2ant_pendientes__dset_c6_p20","/mnt/personal/TT_FINAL/DATASETS/datasets_masivos/Dataset_Termico_MasivoFIN1.mat","Doble_slot","2ant",2,6,20
"/mnt/personal/TT_FINAL/DATASETS/datasets_masivos_por_metadata/Doble_slot/2ant/Caso_6/Potencia_25W/modelo_Doble_slot_2ant_pendientes_dset_c6_p25.mat","/mnt/personal/TT_FINAL/DATASETS/datasets_masivos/Dataset_Termico_MasivoFIN1.mat","modelo_Doble_slot_2ant_pendientes","dset_c6_p25","modelo_Doble_slot_2ant_pendientes__dset_c6_p25","/mnt/personal/TT_FINAL/DATASETS/datasets_masivos/Dataset_Termico_MasivoFIN1.mat","Doble_slot","2ant",2,6,25
"/mnt/personal/TT_FINAL/DATASETS/datasets_masivos_por_metadata/Doble_slot/2ant/Caso_6/Potencia_30W/modelo_Doble_slot_2ant_pendientes_dset_c6_p30.mat","/mnt/personal/TT_FINAL/DATASETS/datasets_masivos/Dataset_Termico_MasivoFIN1.mat","modelo_Doble_slot_2ant_pendientes","dset_c6_p30","modelo_Doble_slot_2ant_pendientes__dset_c6_p30","/mnt/personal/TT_FINAL/DATASETS/datasets_masivos/Dataset_Termico_MasivoFIN1.mat","Doble_slot","2ant",2,6,30
"/mnt/personal/TT_FINAL/DATASETS/datasets_masivos_por_metadata/Doble_slot/2ant/Caso_6/Potencia_35W/modelo_Doble_slot_2ant_pendientes_dset_c6_p35.mat","/mnt/personal/TT_FINAL/DATASETS/datasets_masivos/Dataset_Termico_MasivoFIN1.mat","modelo_Doble_slot_2ant_pendientes","dset_c6_p35","modelo_Doble_slot_2ant_pendientes__dset_c6_p35","/mnt/personal/TT_FINAL/DATASETS/datasets_masivos/Dataset_Termico_MasivoFIN1.mat","Doble_slot","2ant",2,6,35
"/mnt/personal/TT_FINAL/DATASETS/datasets_masivos_por_metadata/Doble_slot/2ant/Caso_6/Potencia_40W/modelo_Doble_slot_2ant_pendientes_dset_c6_p40.mat","/mnt/personal/TT_FINAL/DATASETS/datasets_masivos/Dataset_Termico_MasivoFIN1.mat","modelo_Doble_slot_2ant_pendientes","dset_c6_p40","modelo_Doble_slot_2ant_pendientes__dset_c6_p40","/mnt/personal/TT_FINAL/DATASETS/datasets_masivos/Dataset_Termico_MasivoFIN1.mat","Doble_slot","2ant",2,6,40
"/mnt/personal/TT_FINAL/DATASETS/datasets_masivos_por_metadata/Doble_slot/2ant/Caso_6/Potencia_45W/modelo_Doble_slot_2ant_pendientes_dset_c6_p45.mat","/mnt/personal/TT_FINAL/DATASETS/datasets_masivos/Dataset_Termico_MasivoFIN1.mat","modelo_Doble_slot_2ant_pendientes","dset_c6_p45","modelo_Doble_slot_2ant_pendientes__dset_c6_p45","/mnt/personal/TT_FINAL/DATASETS/datasets_masivos/Dataset_Termico_MasivoFIN1.mat","Doble_slot","2ant",2,6,45
"/mnt/personal/TT_FINAL/DATASETS/datasets_masivos_por_metadata/Doble_slot/2ant/Caso_6/Potencia_5W/modelo_Doble_slot_2ant_pendientes_dset_c6_p5.mat","/mnt/personal/TT_FINAL/DATASETS/datasets_masivos/Dataset_Termico_MasivoFIN1.mat","modelo_Doble_slot_2ant_pendientes","dset_c6_p5","modelo_Doble_slot_2ant_pendientes__dset_c6_p5","/mnt/personal/TT_FINAL/DATASETS/datasets_masivos/Dataset_Termico_MasivoFIN1.mat","Doble_slot","2ant",2,6,5
"/mnt/personal/TT_FINAL/DATASETS/datasets_masivos_por_metadata/Doble_slot/2ant/Caso_6/Potencia_50W/modelo_Doble_slot_2ant_pendientes_dset_c6_p50.mat","/mnt/personal/TT_FINAL/DATASETS/datasets_masivos/Dataset_Termico_MasivoFIN1.mat","modelo_Doble_slot_2ant_pendientes","dset_c6_p50","modelo_Doble_slot_2ant_pendientes__dset_c6_p50","/mnt/personal/TT_FINAL/DATASETS/datasets_masivos/Dataset_Termico_MasivoFIN1.mat","Doble_slot","2ant",2,6,50
"/mnt/personal/TT_FINAL/DATASETS/datasets_masivos_por_metadata/Doble_slot/2ant/Caso_7/Potencia_35W/modelo_Doble_slot_2ant_pendientes_dset_c7_p35.mat","/mnt/personal/TT_FINAL/DATASETS/datasets_masivos/Dataset_Termico_MasivoFIN1.mat","modelo_Doble_slot_2ant_pendientes","dset_c7_p35","modelo_Doble_slot_2ant_pendientes__dset_c7_p35","/mnt/personal/TT_FINAL/DATASETS/datasets_masivos/Dataset_Termico_MasivoFIN1.mat","Doble_slot","2ant",2,7,35
"/mnt/personal/TT_FINAL/DATASETS/datasets_masivos_por_metadata/Doble_slot/2ant/Caso_7/Potencia_40W/modelo_Doble_slot_2ant_pendientes_dset_c7_p40.mat","/mnt/personal/TT_FINAL/DATASETS/datasets_masivos/Dataset_Termico_MasivoFIN1.mat","modelo_Doble_slot_2ant_pendientes","dset_c7_p40","modelo_Doble_slot_2ant_pendientes__dset_c7_p40","/mnt/personal/TT_FINAL/DATASETS/datasets_masivos/Dataset_Termico_MasivoFIN1.mat","Doble_slot","2ant",2,7,40
"/mnt/personal/TT_FINAL/DATASETS/datasets_masivos_por_metadata/Doble_slot/2ant/Caso_7/Potencia_45W/modelo_Doble_slot_2ant_pendientes_dset_c7_p45.mat","/mnt/personal/TT_FINAL/DATASETS/datasets_masivos/Dataset_Termico_MasivoFIN1.mat","modelo_Doble_slot_2ant_pendientes","dset_c7_p45","modelo_Doble_slot_2ant_pendientes__dset_c7_p45","/mnt/personal/TT_FINAL/DATASETS/datasets_masivos/Dataset_Termico_MasivoFIN1.mat","Doble_slot","2ant",2,7,45
"/mnt/personal/TT_FINAL/DATASETS/datasets_masivos_por_metadata/Doble_slot/2ant/Caso_7/Potencia_50W/modelo_Doble_slot_2ant_pendientes_dset_c7_p50.mat","/mnt/personal/TT_FINAL/DATASETS/datasets_masivos/Dataset_Termico_MasivoFIN1.mat","modelo_Doble_slot_2ant_pendientes","dset_c7_p50","modelo_Doble_slot_2ant_pendientes__dset_c7_p50","/mnt/personal/TT_FINAL/DATASETS/datasets_masivos/Dataset_Termico_MasivoFIN1.mat","Doble_slot","2ant",2,7,50
"/mnt/personal/TT_FINAL/DATASETS/datasets_masivos_por_metadata/Doble_slot/2ant/Caso_8/Potencia_10W/modelo_Doble_slot_2ant_pendientes_dset_c8_p10.mat","/mnt/personal/TT_FINAL/DATASETS/datasets_masivos/Dataset_Termico_MasivoFIN1.mat","modelo_Doble_slot_2ant_pendientes","dset_c8_p10","modelo_Doble_slot_2ant_pendientes__dset_c8_p10","/mnt/personal/TT_FINAL/DATASETS/datasets_masivos/Dataset_Termico_MasivoFIN1.mat","Doble_slot","2ant",2,8,10
"/mnt/personal/TT_FINAL/DATASETS/datasets_masivos_por_metadata/Doble_slot/2ant/Caso_8/Potencia_15W/modelo_Doble_slot_2ant_pendientes_dset_c8_p15.mat","/mnt/personal/TT_FINAL/DATASETS/datasets_masivos/Dataset_Termico_MasivoFIN1.mat","modelo_Doble_slot_2ant_pendientes","dset_c8_p15","modelo_Doble_slot_2ant_pendientes__dset_c8_p15","/mnt/personal/TT_FINAL/DATASETS/datasets_masivos/Dataset_Termico_MasivoFIN1.mat","Doble_slot","2ant",2,8,15
"/mnt/personal/TT_FINAL/DATASETS/datasets_masivos_por_metadata/Doble_slot/2ant/Caso_8/Potencia_20W/modelo_Doble_slot_2ant_pendientes_dset_c8_p20.mat","/mnt/personal/TT_FINAL/DATASETS/datasets_masivos/Dataset_Termico_MasivoFIN1.mat","modelo_Doble_slot_2ant_pendientes","dset_c8_p20","modelo_Doble_slot_2ant_pendientes__dset_c8_p20","/mnt/personal/TT_FINAL/DATASETS/datasets_masivos/Dataset_Termico_MasivoFIN1.mat","Doble_slot","2ant",2,8,20
"/mnt/personal/TT_FINAL/DATASETS/datasets_masivos_por_metadata/Doble_slot/2ant/Caso_8/Potencia_25W/modelo_Doble_slot_2ant_pendientes_dset_c8_p25.mat","/mnt/personal/TT_FINAL/DATASETS/datasets_masivos/Dataset_Termico_MasivoFIN1.mat","modelo_Doble_slot_2ant_pendientes","dset_c8_p25","modelo_Doble_slot_2ant_pendientes__dset_c8_p25","/mnt/personal/TT_FINAL/DATASETS/datasets_masivos/Dataset_Termico_MasivoFIN1.mat","Doble_slot","2ant",2,8,25
"/mnt/personal/TT_FINAL/DATASETS/datasets_masivos_por_metadata/Doble_slot/2ant/Caso_8/Potencia_30W/modelo_Doble_slot_2ant_pendientes_dset_c8_p30.mat","/mnt/personal/TT_FINAL/DATASETS/datasets_masivos/Dataset_Termico_MasivoFIN1.mat","modelo_Doble_slot_2ant_pendientes","dset_c8_p30","modelo_Doble_slot_2ant_pendientes__dset_c8_p30","/mnt/personal/TT_FINAL/DATASETS/datasets_masivos/Dataset_Termico_MasivoFIN1.mat","Doble_slot","2ant",2,8,30
"/mnt/personal/TT_FINAL/DATASETS/datasets_masivos_por_metadata/Doble_slot/2ant/Caso_8/Potencia_35W/modelo_Doble_slot_2ant_pendientes_dset_c8_p35.mat","/mnt/personal/TT_FINAL/DATASETS/datasets_masivos/Dataset_Termico_MasivoFIN1.mat","modelo_Doble_slot_2ant_pendientes","dset_c8_p35","modelo_Doble_slot_2ant_pendientes__dset_c8_p35","/mnt/personal/TT_FINAL/DATASETS/datasets_masivos/Dataset_Termico_MasivoFIN1.mat","Doble_slot","2ant",2,8,35
"/mnt/personal/TT_FINAL/DATASETS/datasets_masivos_por_metadata/Doble_slot/2ant/Caso_8/Potencia_40W/modelo_Doble_slot_2ant_pendientes_dset_c8_p40.mat","/mnt/personal/TT_FINAL/DATASETS/datasets_masivos/Dataset_Termico_MasivoFIN1.mat","modelo_Doble_slot_2ant_pendientes","dset_c8_p40","modelo_Doble_slot_2ant_pendientes__dset_c8_p40","/mnt/personal/TT_FINAL/DATASETS/datasets_masivos/Dataset_Termico_MasivoFIN1.mat","Doble_slot","2ant",2,8,40
"/mnt/personal/TT_FINAL/DATASETS/datasets_masivos_por_metadata/Doble_slot/2ant/Caso_8/Potencia_45W/modelo_Doble_slot_2ant_pendientes_dset_c8_p45.mat","/mnt/personal/TT_FINAL/DATASETS/datasets_masivos/Dataset_Termico_MasivoFIN1.mat","modelo_Doble_slot_2ant_pendientes","dset_c8_p45","modelo_Doble_slot_2ant_pendientes__dset_c8_p45","/mnt/personal/TT_FINAL/DATASETS/datasets_masivos/Dataset_Termico_MasivoFIN1.mat","Doble_slot","2ant",2,8,45
"/mnt/personal/TT_FINAL/DATASETS/datasets_masivos_por_metadata/Doble_slot/2ant/Caso_8/Potencia_5W/modelo_Doble_slot_2ant_pendientes_dset_c8_p5.mat","/mnt/personal/TT_FINAL/DATASETS/datasets_masivos/Dataset_Termico_MasivoFIN1.mat","modelo_Doble_slot_2ant_pendientes","dset_c8_p5","modelo_Doble_slot_2ant_pendientes__dset_c8_p5","/mnt/personal/TT_FINAL/DATASETS/datasets_masivos/Dataset_Termico_MasivoFIN1.mat","Doble_slot","2ant",2,8,5
"/mnt/personal/TT_FINAL/DATASETS/datasets_masivos_por_metadata/Doble_slot/2ant/Caso_8/Potencia_50W/modelo_Doble_slot_2ant_pendientes_dset_c8_p50.mat","/mnt/personal/TT_FINAL/DATASETS/datasets_masivos/Dataset_Termico_MasivoFIN1.mat","modelo_Doble_slot_2ant_pendientes","dset_c8_p50","modelo_Doble_slot_2ant_pendientes__dset_c8_p50","/mnt/personal/TT_FINAL/DATASETS/datasets_masivos/Dataset_Termico_MasivoFIN1.mat","Doble_slot","2ant",2,8,50
"/mnt/personal/TT_FINAL/DATASETS/datasets_masivos_por_metadata/Doble_slot/3ant/Caso_3/Potencia_10W/modelo_Doble_slot_3ant_dset_c3_p10.mat","/mnt/personal/TT_FINAL/DATASETS/datasets_masivos/Dataset_Termico_Masivo2.mat","modelo_Doble_slot_3ant","dset_c3_p10","modelo_Doble_slot_3ant__dset_c3_p10","/mnt/personal/TT_FINAL/DATASETS/datasets_masivos/Dataset_Termico_MasivoFIN1.mat|/mnt/personal/TT_FINAL/DATASETS/datasets_masivos/Dataset_Termico_Masivo.mat|/mnt/personal/TT_FINAL/DATASETS/datasets_masivos/Dataset_Termico_Masivo4.mat|/mnt/personal/TT_FINAL/DATASETS/datasets_masivos/Dataset_Termico_Masivo2.mat","Doble_slot","3ant",3,3,10
"/mnt/personal/TT_FINAL/DATASETS/datasets_masivos_por_metadata/Doble_slot/3ant/Caso_3/Potencia_15W/modelo_Doble_slot_3ant_dset_c3_p15.mat","/mnt/personal/TT_FINAL/DATASETS/datasets_masivos/Dataset_Termico_Masivo2.mat","modelo_Doble_slot_3ant","dset_c3_p15","modelo_Doble_slot_3ant__dset_c3_p15","/mnt/personal/TT_FINAL/DATASETS/datasets_masivos/Dataset_Termico_MasivoFIN1.mat|/mnt/personal/TT_FINAL/DATASETS/datasets_masivos/Dataset_Termico_Masivo.mat|/mnt/personal/TT_FINAL/DATASETS/datasets_masivos/Dataset_Termico_Masivo4.mat|/mnt/personal/TT_FINAL/DATASETS/datasets_masivos/Dataset_Termico_Masivo2.mat","Doble_slot","3ant",3,3,15
"/mnt/personal/TT_FINAL/DATASETS/datasets_masivos_por_metadata/Doble_slot/3ant/Caso_3/Potencia_20W/modelo_Doble_slot_3ant_dset_c3_p20.mat","/mnt/personal/TT_FINAL/DATASETS/datasets_masivos/Dataset_Termico_Masivo2.mat","modelo_Doble_slot_3ant","dset_c3_p20","modelo_Doble_slot_3ant__dset_c3_p20","/mnt/personal/TT_FINAL/DATASETS/datasets_masivos/Dataset_Termico_MasivoFIN1.mat|/mnt/personal/TT_FINAL/DATASETS/datasets_masivos/Dataset_Termico_Masivo.mat|/mnt/personal/TT_FINAL/DATASETS/datasets_masivos/Dataset_Termico_Masivo4.mat|/mnt/personal/TT_FINAL/DATASETS/datasets_masivos/Dataset_Termico_Masivo2.mat","Doble_slot","3ant",3,3,20
"/mnt/personal/TT_FINAL/DATASETS/datasets_masivos_por_metadata/Doble_slot/3ant/Caso_3/Potencia_25W/modelo_Doble_slot_3ant_dset_c3_p25.mat","/mnt/personal/TT_FINAL/DATASETS/datasets_masivos/Dataset_Termico_Masivo2.mat","modelo_Doble_slot_3ant","dset_c3_p25","modelo_Doble_slot_3ant__dset_c3_p25","/mnt/personal/TT_FINAL/DATASETS/datasets_masivos/Dataset_Termico_MasivoFIN1.mat|/mnt/personal/TT_FINAL/DATASETS/datasets_masivos/Dataset_Termico_Masivo.mat|/mnt/personal/TT_FINAL/DATASETS/datasets_masivos/Dataset_Termico_Masivo4.mat|/mnt/personal/TT_FINAL/DATASETS/datasets_masivos/Dataset_Termico_Masivo2.mat","Doble_slot","3ant",3,3,25
"/mnt/personal/TT_FINAL/DATASETS/datasets_masivos_por_metadata/Doble_slot/3ant/Caso_3/Potencia_30W/modelo_Doble_slot_3ant_dset_c3_p30.mat","/mnt/personal/TT_FINAL/DATASETS/datasets_masivos/Dataset_Termico_Masivo2.mat","modelo_Doble_slot_3ant","dset_c3_p30","modelo_Doble_slot_3ant__dset_c3_p30","/mnt/personal/TT_FINAL/DATASETS/datasets_masivos/Dataset_Termico_MasivoFIN1.mat|/mnt/personal/TT_FINAL/DATASETS/datasets_masivos/Dataset_Termico_Masivo.mat|/mnt/personal/TT_FINAL/DATASETS/datasets_masivos/Dataset_Termico_Masivo4.mat|/mnt/personal/TT_FINAL/DATASETS/datasets_masivos/Dataset_Termico_Masivo2.mat","Doble_slot","3ant",3,3,30
"/mnt/personal/TT_FINAL/DATASETS/datasets_masivos_por_metadata/Doble_slot/3ant/Caso_3/Potencia_5W/modelo_Doble_slot_3ant_dset_c3_p5.mat","/mnt/personal/TT_FINAL/DATASETS/datasets_masivos/Dataset_Termico_Masivo2.mat","modelo_Doble_slot_3ant","dset_c3_p5","modelo_Doble_slot_3ant__dset_c3_p5","/mnt/personal/TT_FINAL/DATASETS/datasets_masivos/Dataset_Termico_MasivoFIN1.mat|/mnt/personal/TT_FINAL/DATASETS/datasets_masivos/Dataset_Termico_Masivo.mat|/mnt/personal/TT_FINAL/DATASETS/datasets_masivos/Dataset_Termico_Masivo4.mat|/mnt/personal/TT_FINAL/DATASETS/datasets_masivos/Dataset_Termico_Masivo2.mat","Doble_slot","3ant",3,3,5
"/mnt/personal/TT_FINAL/DATASETS/datasets_masivos_por_metadata/Doble_slot/3ant/Caso_0/Potencia_10W/modelo_Doble_slot_3ant_src_000EB14F_dset_c0_p10.mat","/mnt/personal/TT_FINAL/DATASETS/datasets_masivos/Dataset_Termico_MasivoFIN1.mat","modelo_Doble_slot_3ant__src_000EB14F","dset_c0_p10","modelo_Doble_slot_3ant__src_000EB14F__dset_c0_p10","/mnt/personal/TT_FINAL/DATASETS/datasets_masivos/Dataset_Termico_MasivoFIN1.mat","Doble_slot","3ant",3,0,10
"/mnt/personal/TT_FINAL/DATASETS/datasets_masivos_por_metadata/Doble_slot/3ant/Caso_0/Potencia_5W/modelo_Doble_slot_3ant_src_000EB14F_dset_c0_p5.mat","/mnt/personal/TT_FINAL/DATASETS/datasets_masivos/Dataset_Termico_MasivoFIN1.mat","modelo_Doble_slot_3ant__src_000EB14F","dset_c0_p5","modelo_Doble_slot_3ant__src_000EB14F__dset_c0_p5","/mnt/personal/TT_FINAL/DATASETS/datasets_masivos/Dataset_Termico_MasivoFIN1.mat","Doble_slot","3ant",3,0,5
"/mnt/personal/TT_FINAL/DATASETS/datasets_masivos_por_metadata/Doble_slot/3ant/Caso_1/Potencia_10W/modelo_Doble_slot_3ant_src_000EB14F_dset_c1_p10.mat","/mnt/personal/TT_FINAL/DATASETS/datasets_masivos/Dataset_Termico_MasivoFIN1.mat","modelo_Doble_slot_3ant__src_000EB14F","dset_c1_p10","modelo_Doble_slot_3ant__src_000EB14F__dset_c1_p10","/mnt/personal/TT_FINAL/DATASETS/datasets_masivos/Dataset_Termico_MasivoFIN1.mat","Doble_slot","3ant",3,1,10
"/mnt/personal/TT_FINAL/DATASETS/datasets_masivos_por_metadata/Doble_slot/3ant/Caso_1/Potencia_5W/modelo_Doble_slot_3ant_src_000EB14F_dset_c1_p5.mat","/mnt/personal/TT_FINAL/DATASETS/datasets_masivos/Dataset_Termico_MasivoFIN1.mat","modelo_Doble_slot_3ant__src_000EB14F","dset_c1_p5","modelo_Doble_slot_3ant__src_000EB14F__dset_c1_p5","/mnt/personal/TT_FINAL/DATASETS/datasets_masivos/Dataset_Termico_MasivoFIN1.mat","Doble_slot","3ant",3,1,5
"/mnt/personal/TT_FINAL/DATASETS/datasets_masivos_por_metadata/Doble_slot/3ant/Caso_3/Potencia_10W/modelo_Doble_slot_3ant_src_000EB14F_dset_c3_p10.mat","/mnt/personal/TT_FINAL/DATASETS/datasets_masivos/Dataset_Termico_MasivoFIN1.mat","modelo_Doble_slot_3ant__src_000EB14F","dset_c3_p10","modelo_Doble_slot_3ant__src_000EB14F__dset_c3_p10","/mnt/personal/TT_FINAL/DATASETS/datasets_masivos/Dataset_Termico_MasivoFIN1.mat","Doble_slot","3ant",3,3,10
"/mnt/personal/TT_FINAL/DATASETS/datasets_masivos_por_metadata/Doble_slot/3ant/Caso_3/Potencia_15W/modelo_Doble_slot_3ant_src_000EB14F_dset_c3_p15.mat","/mnt/personal/TT_FINAL/DATASETS/datasets_masivos/Dataset_Termico_MasivoFIN1.mat","modelo_Doble_slot_3ant__src_000EB14F","dset_c3_p15","modelo_Doble_slot_3ant__src_000EB14F__dset_c3_p15","/mnt/personal/TT_FINAL/DATASETS/datasets_masivos/Dataset_Termico_MasivoFIN1.mat","Doble_slot","3ant",3,3,15
"/mnt/personal/TT_FINAL/DATASETS/datasets_masivos_por_metadata/Doble_slot/3ant/Caso_3/Potencia_20W/modelo_Doble_slot_3ant_src_000EB14F_dset_c3_p20.mat","/mnt/personal/TT_FINAL/DATASETS/datasets_masivos/Dataset_Termico_MasivoFIN1.mat","modelo_Doble_slot_3ant__src_000EB14F","dset_c3_p20","modelo_Doble_slot_3ant__src_000EB14F__dset_c3_p20","/mnt/personal/TT_FINAL/DATASETS/datasets_masivos/Dataset_Termico_MasivoFIN1.mat","Doble_slot","3ant",3,3,20
"/mnt/personal/TT_FINAL/DATASETS/datasets_masivos_por_metadata/Doble_slot/3ant/Caso_3/Potencia_25W/modelo_Doble_slot_3ant_src_000EB14F_dset_c3_p25.mat","/mnt/personal/TT_FINAL/DATASETS/datasets_masivos/Dataset_Termico_MasivoFIN1.mat","modelo_Doble_slot_3ant__src_000EB14F","dset_c3_p25","modelo_Doble_slot_3ant__src_000EB14F__dset_c3_p25","/mnt/personal/TT_FINAL/DATASETS/datasets_masivos/Dataset_Termico_MasivoFIN1.mat","Doble_slot","3ant",3,3,25
"/mnt/personal/TT_FINAL/DATASETS/datasets_masivos_por_metadata/Doble_slot/3ant/Caso_3/Potencia_30W/modelo_Doble_slot_3ant_src_000EB14F_dset_c3_p30.mat","/mnt/personal/TT_FINAL/DATASETS/datasets_masivos/Dataset_Termico_MasivoFIN1.mat","modelo_Doble_slot_3ant__src_000EB14F","dset_c3_p30","modelo_Doble_slot_3ant__src_000EB14F__dset_c3_p30","/mnt/personal/TT_FINAL/DATASETS/datasets_masivos/Dataset_Termico_MasivoFIN1.mat","Doble_slot","3ant",3,3,30
"/mnt/personal/TT_FINAL/DATASETS/datasets_masivos_por_metadata/Doble_slot/3ant/Caso_3/Potencia_5W/modelo_Doble_slot_3ant_src_000EB14F_dset_c3_p5.mat","/mnt/personal/TT_FINAL/DATASETS/datasets_masivos/Dataset_Termico_MasivoFIN1.mat","modelo_Doble_slot_3ant__src_000EB14F","dset_c3_p5","modelo_Doble_slot_3ant__src_000EB14F__dset_c3_p5","/mnt/personal/TT_FINAL/DATASETS/datasets_masivos/Dataset_Termico_MasivoFIN1.mat","Doble_slot","3ant",3,3,5
"/mnt/personal/TT_FINAL/DATASETS/datasets_masivos_por_metadata/Doble_slot/3ant/Caso_5/Potencia_10W/modelo_Doble_slot_3ant_src_000EB862_dset_c5_p10.mat","/mnt/personal/TT_FINAL/DATASETS/datasets_masivos/Dataset_Termico_MasivoFIN1.mat","modelo_Doble_slot_3ant__src_000EB862","dset_c5_p10","modelo_Doble_slot_3ant__src_000EB862__dset_c5_p10","/mnt/personal/TT_FINAL/DATASETS/datasets_masivos/Dataset_Termico_MasivoFIN1.mat","Doble_slot","3ant",3,5,10
"/mnt/personal/TT_FINAL/DATASETS/datasets_masivos_por_metadata/Doble_slot/3ant/Caso_5/Potencia_15W/modelo_Doble_slot_3ant_src_000EB862_dset_c5_p15.mat","/mnt/personal/TT_FINAL/DATASETS/datasets_masivos/Dataset_Termico_MasivoFIN1.mat","modelo_Doble_slot_3ant__src_000EB862","dset_c5_p15","modelo_Doble_slot_3ant__src_000EB862__dset_c5_p15","/mnt/personal/TT_FINAL/DATASETS/datasets_masivos/Dataset_Termico_MasivoFIN1.mat","Doble_slot","3ant",3,5,15
"/mnt/personal/TT_FINAL/DATASETS/datasets_masivos_por_metadata/Doble_slot/3ant/Caso_5/Potencia_5W/modelo_Doble_slot_3ant_src_000EB862_dset_c5_p5.mat","/mnt/personal/TT_FINAL/DATASETS/datasets_masivos/Dataset_Termico_MasivoFIN1.mat","modelo_Doble_slot_3ant__src_000EB862","dset_c5_p5","modelo_Doble_slot_3ant__src_000EB862__dset_c5_p5","/mnt/personal/TT_FINAL/DATASETS/datasets_masivos/Dataset_Termico_MasivoFIN1.mat","Doble_slot","3ant",3,5,5
"/mnt/personal/TT_FINAL/DATASETS/datasets_masivos_por_metadata/Doble_slot/3ant/Caso_7/Potencia_10W/modelo_Doble_slot_3ant_src_000EB862_dset_c7_p10.mat","/mnt/personal/TT_FINAL/DATASETS/datasets_masivos/Dataset_Termico_MasivoFIN1.mat","modelo_Doble_slot_3ant__src_000EB862","dset_c7_p10","modelo_Doble_slot_3ant__src_000EB862__dset_c7_p10","/mnt/personal/TT_FINAL/DATASETS/datasets_masivos/Dataset_Termico_MasivoFIN1.mat","Doble_slot","3ant",3,7,10
"/mnt/personal/TT_FINAL/DATASETS/datasets_masivos_por_metadata/Doble_slot/3ant/Caso_7/Potencia_5W/modelo_Doble_slot_3ant_src_000EB862_dset_c7_p5.mat","/mnt/personal/TT_FINAL/DATASETS/datasets_masivos/Dataset_Termico_MasivoFIN1.mat","modelo_Doble_slot_3ant__src_000EB862","dset_c7_p5","modelo_Doble_slot_3ant__src_000EB862__dset_c7_p5","/mnt/personal/TT_FINAL/DATASETS/datasets_masivos/Dataset_Termico_MasivoFIN1.mat","Doble_slot","3ant",3,7,5
"/mnt/personal/TT_FINAL/DATASETS/datasets_masivos_por_metadata/Doble_slot/3ant/Caso_1/Potencia_15W/modelo_Doble_slot_3ant_pendientes_dset_c1_p15.mat","/mnt/personal/TT_FINAL/DATASETS/datasets_masivos/Dataset_Termico_MasivoFIN1.mat","modelo_Doble_slot_3ant_pendientes","dset_c1_p15","modelo_Doble_slot_3ant_pendientes__dset_c1_p15","/mnt/personal/TT_FINAL/DATASETS/datasets_masivos/Dataset_Termico_MasivoFIN1.mat","Doble_slot","3ant",3,1,15
"/mnt/personal/TT_FINAL/DATASETS/datasets_masivos_por_metadata/Doble_slot/3ant/Caso_1/Potencia_20W/modelo_Doble_slot_3ant_pendientes_dset_c1_p20.mat","/mnt/personal/TT_FINAL/DATASETS/datasets_masivos/Dataset_Termico_MasivoFIN1.mat","modelo_Doble_slot_3ant_pendientes","dset_c1_p20","modelo_Doble_slot_3ant_pendientes__dset_c1_p20","/mnt/personal/TT_FINAL/DATASETS/datasets_masivos/Dataset_Termico_MasivoFIN1.mat","Doble_slot","3ant",3,1,20
"/mnt/personal/TT_FINAL/DATASETS/datasets_masivos_por_metadata/Doble_slot/3ant/Caso_1/Potencia_25W/modelo_Doble_slot_3ant_pendientes_dset_c1_p25.mat","/mnt/personal/TT_FINAL/DATASETS/datasets_masivos/Dataset_Termico_MasivoFIN1.mat","modelo_Doble_slot_3ant_pendientes","dset_c1_p25","modelo_Doble_slot_3ant_pendientes__dset_c1_p25","/mnt/personal/TT_FINAL/DATASETS/datasets_masivos/Dataset_Termico_MasivoFIN1.mat","Doble_slot","3ant",3,1,25
"/mnt/personal/TT_FINAL/DATASETS/datasets_masivos_por_metadata/Doble_slot/3ant/Caso_1/Potencia_30W/modelo_Doble_slot_3ant_pendientes_dset_c1_p30.mat","/mnt/personal/TT_FINAL/DATASETS/datasets_masivos/Dataset_Termico_MasivoFIN1.mat","modelo_Doble_slot_3ant_pendientes","dset_c1_p30","modelo_Doble_slot_3ant_pendientes__dset_c1_p30","/mnt/personal/TT_FINAL/DATASETS/datasets_masivos/Dataset_Termico_MasivoFIN1.mat","Doble_slot","3ant",3,1,30
"/mnt/personal/TT_FINAL/DATASETS/datasets_masivos_por_metadata/Doble_slot/3ant/Caso_2/Potencia_10W/modelo_Doble_slot_3ant_pendientes_dset_c2_p10.mat","/mnt/personal/TT_FINAL/DATASETS/datasets_masivos/Dataset_Termico_MasivoFIN1.mat","modelo_Doble_slot_3ant_pendientes","dset_c2_p10","modelo_Doble_slot_3ant_pendientes__dset_c2_p10","/mnt/personal/TT_FINAL/DATASETS/datasets_masivos/Dataset_Termico_MasivoFIN1.mat","Doble_slot","3ant",3,2,10
"/mnt/personal/TT_FINAL/DATASETS/datasets_masivos_por_metadata/Doble_slot/3ant/Caso_2/Potencia_15W/modelo_Doble_slot_3ant_pendientes_dset_c2_p15.mat","/mnt/personal/TT_FINAL/DATASETS/datasets_masivos/Dataset_Termico_MasivoFIN1.mat","modelo_Doble_slot_3ant_pendientes","dset_c2_p15","modelo_Doble_slot_3ant_pendientes__dset_c2_p15","/mnt/personal/TT_FINAL/DATASETS/datasets_masivos/Dataset_Termico_MasivoFIN1.mat","Doble_slot","3ant",3,2,15
"/mnt/personal/TT_FINAL/DATASETS/datasets_masivos_por_metadata/Doble_slot/3ant/Caso_2/Potencia_20W/modelo_Doble_slot_3ant_pendientes_dset_c2_p20.mat","/mnt/personal/TT_FINAL/DATASETS/datasets_masivos/Dataset_Termico_MasivoFIN1.mat","modelo_Doble_slot_3ant_pendientes","dset_c2_p20","modelo_Doble_slot_3ant_pendientes__dset_c2_p20","/mnt/personal/TT_FINAL/DATASETS/datasets_masivos/Dataset_Termico_MasivoFIN1.mat","Doble_slot","3ant",3,2,20
"/mnt/personal/TT_FINAL/DATASETS/datasets_masivos_por_metadata/Doble_slot/3ant/Caso_2/Potencia_25W/modelo_Doble_slot_3ant_pendientes_dset_c2_p25.mat","/mnt/personal/TT_FINAL/DATASETS/datasets_masivos/Dataset_Termico_MasivoFIN1.mat","modelo_Doble_slot_3ant_pendientes","dset_c2_p25","modelo_Doble_slot_3ant_pendientes__dset_c2_p25","/mnt/personal/TT_FINAL/DATASETS/datasets_masivos/Dataset_Termico_MasivoFIN1.mat","Doble_slot","3ant",3,2,25
"/mnt/personal/TT_FINAL/DATASETS/datasets_masivos_por_metadata/Doble_slot/3ant/Caso_2/Potencia_30W/modelo_Doble_slot_3ant_pendientes_dset_c2_p30.mat","/mnt/personal/TT_FINAL/DATASETS/datasets_masivos/Dataset_Termico_MasivoFIN1.mat","modelo_Doble_slot_3ant_pendientes","dset_c2_p30","modelo_Doble_slot_3ant_pendientes__dset_c2_p30","/mnt/personal/TT_FINAL/DATASETS/datasets_masivos/Dataset_Termico_MasivoFIN1.mat","Doble_slot","3ant",3,2,30
"/mnt/personal/TT_FINAL/DATASETS/datasets_masivos_por_metadata/Doble_slot/3ant/Caso_2/Potencia_5W/modelo_Doble_slot_3ant_pendientes_dset_c2_p5.mat","/mnt/personal/TT_FINAL/DATASETS/datasets_masivos/Dataset_Termico_MasivoFIN1.mat","modelo_Doble_slot_3ant_pendientes","dset_c2_p5","modelo_Doble_slot_3ant_pendientes__dset_c2_p5","/mnt/personal/TT_FINAL/DATASETS/datasets_masivos/Dataset_Termico_MasivoFIN1.mat","Doble_slot","3ant",3,2,5
"/mnt/personal/TT_FINAL/DATASETS/datasets_masivos_por_metadata/Doble_slot/4ant/Caso_3/Potencia_10W/modelo_Doble_slot_4ant_dset_c3_p10.mat","/mnt/personal/TT_FINAL/DATASETS/datasets_masivos/Dataset_Termico_Masivo2.mat","modelo_Doble_slot_4ant","dset_c3_p10","modelo_Doble_slot_4ant__dset_c3_p10","/mnt/personal/TT_FINAL/DATASETS/datasets_masivos/Dataset_Termico_MasivoFIN1.mat|/mnt/personal/TT_FINAL/DATASETS/datasets_masivos/Dataset_Termico_Masivo.mat|/mnt/personal/TT_FINAL/DATASETS/datasets_masivos/Dataset_Termico_Masivo4.mat|/mnt/personal/TT_FINAL/DATASETS/datasets_masivos/Dataset_Termico_Masivo2.mat","Doble_slot","4ant",4,3,10
"/mnt/personal/TT_FINAL/DATASETS/datasets_masivos_por_metadata/Doble_slot/4ant/Caso_3/Potencia_5W/modelo_Doble_slot_4ant_dset_c3_p5.mat","/mnt/personal/TT_FINAL/DATASETS/datasets_masivos/Dataset_Termico_Masivo2.mat","modelo_Doble_slot_4ant","dset_c3_p5","modelo_Doble_slot_4ant__dset_c3_p5","/mnt/personal/TT_FINAL/DATASETS/datasets_masivos/Dataset_Termico_MasivoFIN1.mat|/mnt/personal/TT_FINAL/DATASETS/datasets_masivos/Dataset_Termico_Masivo.mat|/mnt/personal/TT_FINAL/DATASETS/datasets_masivos/Dataset_Termico_Masivo4.mat|/mnt/personal/TT_FINAL/DATASETS/datasets_masivos/Dataset_Termico_Masivo2.mat","Doble_slot","4ant",4,3,5
"/mnt/personal/TT_FINAL/DATASETS/datasets_masivos_por_metadata/Doble_slot/4ant/Caso_0/Potencia_10W/modelo_Doble_slot_4ant_src_000EB1D9_dset_c0_p10.mat","/mnt/personal/TT_FINAL/DATASETS/datasets_masivos/Dataset_Termico_MasivoFIN1.mat","modelo_Doble_slot_4ant__src_000EB1D9","dset_c0_p10","modelo_Doble_slot_4ant__src_000EB1D9__dset_c0_p10","/mnt/personal/TT_FINAL/DATASETS/datasets_masivos/Dataset_Termico_MasivoFIN1.mat","Doble_slot","4ant",4,0,10
"/mnt/personal/TT_FINAL/DATASETS/datasets_masivos_por_metadata/Doble_slot/4ant/Caso_0/Potencia_5W/modelo_Doble_slot_4ant_src_000EB1D9_dset_c0_p5.mat","/mnt/personal/TT_FINAL/DATASETS/datasets_masivos/Dataset_Termico_MasivoFIN1.mat","modelo_Doble_slot_4ant__src_000EB1D9","dset_c0_p5","modelo_Doble_slot_4ant__src_000EB1D9__dset_c0_p5","/mnt/personal/TT_FINAL/DATASETS/datasets_masivos/Dataset_Termico_MasivoFIN1.mat","Doble_slot","4ant",4,0,5
"/mnt/personal/TT_FINAL/DATASETS/datasets_masivos_por_metadata/Doble_slot/4ant/Caso_1/Potencia_10W/modelo_Doble_slot_4ant_src_000EB1D9_dset_c1_p10.mat","/mnt/personal/TT_FINAL/DATASETS/datasets_masivos/Dataset_Termico_MasivoFIN1.mat","modelo_Doble_slot_4ant__src_000EB1D9","dset_c1_p10","modelo_Doble_slot_4ant__src_000EB1D9__dset_c1_p10","/mnt/personal/TT_FINAL/DATASETS/datasets_masivos/Dataset_Termico_MasivoFIN1.mat","Doble_slot","4ant",4,1,10
"/mnt/personal/TT_FINAL/DATASETS/datasets_masivos_por_metadata/Doble_slot/4ant/Caso_1/Potencia_5W/modelo_Doble_slot_4ant_src_000EB1D9_dset_c1_p5.mat","/mnt/personal/TT_FINAL/DATASETS/datasets_masivos/Dataset_Termico_MasivoFIN1.mat","modelo_Doble_slot_4ant__src_000EB1D9","dset_c1_p5","modelo_Doble_slot_4ant__src_000EB1D9__dset_c1_p5","/mnt/personal/TT_FINAL/DATASETS/datasets_masivos/Dataset_Termico_MasivoFIN1.mat","Doble_slot","4ant",4,1,5
"/mnt/personal/TT_FINAL/DATASETS/datasets_masivos_por_metadata/Doble_slot/4ant/Caso_3/Potencia_10W/modelo_Doble_slot_4ant_src_000EB1D9_dset_c3_p10.mat","/mnt/personal/TT_FINAL/DATASETS/datasets_masivos/Dataset_Termico_MasivoFIN1.mat","modelo_Doble_slot_4ant__src_000EB1D9","dset_c3_p10","modelo_Doble_slot_4ant__src_000EB1D9__dset_c3_p10","/mnt/personal/TT_FINAL/DATASETS/datasets_masivos/Dataset_Termico_MasivoFIN1.mat","Doble_slot","4ant",4,3,10
"/mnt/personal/TT_FINAL/DATASETS/datasets_masivos_por_metadata/Doble_slot/4ant/Caso_3/Potencia_5W/modelo_Doble_slot_4ant_src_000EB1D9_dset_c3_p5.mat","/mnt/personal/TT_FINAL/DATASETS/datasets_masivos/Dataset_Termico_MasivoFIN1.mat","modelo_Doble_slot_4ant__src_000EB1D9","dset_c3_p5","modelo_Doble_slot_4ant__src_000EB1D9__dset_c3_p5","/mnt/personal/TT_FINAL/DATASETS/datasets_masivos/Dataset_Termico_MasivoFIN1.mat","Doble_slot","4ant",4,3,5
"/mnt/personal/TT_FINAL/DATASETS/datasets_masivos_por_metadata/Doble_slot/4ant/Caso_5/Potencia_10W/modelo_Doble_slot_4ant_src_000EB8EC_dset_c5_p10.mat","/mnt/personal/TT_FINAL/DATASETS/datasets_masivos/Dataset_Termico_MasivoFIN1.mat","modelo_Doble_slot_4ant__src_000EB8EC","dset_c5_p10","modelo_Doble_slot_4ant__src_000EB8EC__dset_c5_p10","/mnt/personal/TT_FINAL/DATASETS/datasets_masivos/Dataset_Termico_MasivoFIN1.mat","Doble_slot","4ant",4,5,10
"/mnt/personal/TT_FINAL/DATASETS/datasets_masivos_por_metadata/Doble_slot/4ant/Caso_5/Potencia_15W/modelo_Doble_slot_4ant_src_000EB8EC_dset_c5_p15.mat","/mnt/personal/TT_FINAL/DATASETS/datasets_masivos/Dataset_Termico_MasivoFIN1.mat","modelo_Doble_slot_4ant__src_000EB8EC","dset_c5_p15","modelo_Doble_slot_4ant__src_000EB8EC__dset_c5_p15","/mnt/personal/TT_FINAL/DATASETS/datasets_masivos/Dataset_Termico_MasivoFIN1.mat","Doble_slot","4ant",4,5,15
"/mnt/personal/TT_FINAL/DATASETS/datasets_masivos_por_metadata/Doble_slot/4ant/Caso_5/Potencia_20W/modelo_Doble_slot_4ant_src_000EB8EC_dset_c5_p20.mat","/mnt/personal/TT_FINAL/DATASETS/datasets_masivos/Dataset_Termico_MasivoFIN1.mat","modelo_Doble_slot_4ant__src_000EB8EC","dset_c5_p20","modelo_Doble_slot_4ant__src_000EB8EC__dset_c5_p20","/mnt/personal/TT_FINAL/DATASETS/datasets_masivos/Dataset_Termico_MasivoFIN1.mat","Doble_slot","4ant",4,5,20
"/mnt/personal/TT_FINAL/DATASETS/datasets_masivos_por_metadata/Doble_slot/4ant/Caso_5/Potencia_25W/modelo_Doble_slot_4ant_src_000EB8EC_dset_c5_p25.mat","/mnt/personal/TT_FINAL/DATASETS/datasets_masivos/Dataset_Termico_MasivoFIN1.mat","modelo_Doble_slot_4ant__src_000EB8EC","dset_c5_p25","modelo_Doble_slot_4ant__src_000EB8EC__dset_c5_p25","/mnt/personal/TT_FINAL/DATASETS/datasets_masivos/Dataset_Termico_MasivoFIN1.mat","Doble_slot","4ant",4,5,25
"/mnt/personal/TT_FINAL/DATASETS/datasets_masivos_por_metadata/Doble_slot/4ant/Caso_5/Potencia_5W/modelo_Doble_slot_4ant_src_000EB8EC_dset_c5_p5.mat","/mnt/personal/TT_FINAL/DATASETS/datasets_masivos/Dataset_Termico_MasivoFIN1.mat","modelo_Doble_slot_4ant__src_000EB8EC","dset_c5_p5","modelo_Doble_slot_4ant__src_000EB8EC__dset_c5_p5","/mnt/personal/TT_FINAL/DATASETS/datasets_masivos/Dataset_Termico_MasivoFIN1.mat","Doble_slot","4ant",4,5,5
"/mnt/personal/TT_FINAL/DATASETS/datasets_masivos_por_metadata/Doble_slot/4ant/Caso_7/Potencia_10W/modelo_Doble_slot_4ant_src_000EB8EC_dset_c7_p10.mat","/mnt/personal/TT_FINAL/DATASETS/datasets_masivos/Dataset_Termico_MasivoFIN1.mat","modelo_Doble_slot_4ant__src_000EB8EC","dset_c7_p10","modelo_Doble_slot_4ant__src_000EB8EC__dset_c7_p10","/mnt/personal/TT_FINAL/DATASETS/datasets_masivos/Dataset_Termico_MasivoFIN1.mat","Doble_slot","4ant",4,7,10
"/mnt/personal/TT_FINAL/DATASETS/datasets_masivos_por_metadata/Doble_slot/4ant/Caso_7/Potencia_5W/modelo_Doble_slot_4ant_src_000EB8EC_dset_c7_p5.mat","/mnt/personal/TT_FINAL/DATASETS/datasets_masivos/Dataset_Termico_MasivoFIN1.mat","modelo_Doble_slot_4ant__src_000EB8EC","dset_c7_p5","modelo_Doble_slot_4ant__src_000EB8EC__dset_c7_p5","/mnt/personal/TT_FINAL/DATASETS/datasets_masivos/Dataset_Termico_MasivoFIN1.mat","Doble_slot","4ant",4,7,5
"/mnt/personal/TT_FINAL/DATASETS/datasets_masivos_por_metadata/Doble_slot/4ant/Caso_8/Potencia_10W/modelo_Doble_slot_4ant_src_000EB8EC_dset_c8_p10.mat","/mnt/personal/TT_FINAL/DATASETS/datasets_masivos/Dataset_Termico_MasivoFIN1.mat","modelo_Doble_slot_4ant__src_000EB8EC","dset_c8_p10","modelo_Doble_slot_4ant__src_000EB8EC__dset_c8_p10","/mnt/personal/TT_FINAL/DATASETS/datasets_masivos/Dataset_Termico_MasivoFIN1.mat","Doble_slot","4ant",4,8,10
"/mnt/personal/TT_FINAL/DATASETS/datasets_masivos_por_metadata/Doble_slot/4ant/Caso_8/Potencia_15W/modelo_Doble_slot_4ant_src_000EB8EC_dset_c8_p15.mat","/mnt/personal/TT_FINAL/DATASETS/datasets_masivos/Dataset_Termico_MasivoFIN1.mat","modelo_Doble_slot_4ant__src_000EB8EC","dset_c8_p15","modelo_Doble_slot_4ant__src_000EB8EC__dset_c8_p15","/mnt/personal/TT_FINAL/DATASETS/datasets_masivos/Dataset_Termico_MasivoFIN1.mat","Doble_slot","4ant",4,8,15
"/mnt/personal/TT_FINAL/DATASETS/datasets_masivos_por_metadata/Doble_slot/4ant/Caso_8/Potencia_20W/modelo_Doble_slot_4ant_src_000EB8EC_dset_c8_p20.mat","/mnt/personal/TT_FINAL/DATASETS/datasets_masivos/Dataset_Termico_MasivoFIN1.mat","modelo_Doble_slot_4ant__src_000EB8EC","dset_c8_p20","modelo_Doble_slot_4ant__src_000EB8EC__dset_c8_p20","/mnt/personal/TT_FINAL/DATASETS/datasets_masivos/Dataset_Termico_MasivoFIN1.mat","Doble_slot","4ant",4,8,20
"/mnt/personal/TT_FINAL/DATASETS/datasets_masivos_por_metadata/Doble_slot/4ant/Caso_8/Potencia_25W/modelo_Doble_slot_4ant_src_000EB8EC_dset_c8_p25.mat","/mnt/personal/TT_FINAL/DATASETS/datasets_masivos/Dataset_Termico_MasivoFIN1.mat","modelo_Doble_slot_4ant__src_000EB8EC","dset_c8_p25","modelo_Doble_slot_4ant__src_000EB8EC__dset_c8_p25","/mnt/personal/TT_FINAL/DATASETS/datasets_masivos/Dataset_Termico_MasivoFIN1.mat","Doble_slot","4ant",4,8,25
"/mnt/personal/TT_FINAL/DATASETS/datasets_masivos_por_metadata/Doble_slot/4ant/Caso_8/Potencia_5W/modelo_Doble_slot_4ant_src_000EB8EC_dset_c8_p5.mat","/mnt/personal/TT_FINAL/DATASETS/datasets_masivos/Dataset_Termico_MasivoFIN1.mat","modelo_Doble_slot_4ant__src_000EB8EC","dset_c8_p5","modelo_Doble_slot_4ant__src_000EB8EC__dset_c8_p5","/mnt/personal/TT_FINAL/DATASETS/datasets_masivos/Dataset_Termico_MasivoFIN1.mat","Doble_slot","4ant",4,8,5
"/mnt/personal/TT_FINAL/DATASETS/datasets_masivos_por_metadata/Monopolo/1ant/Caso_2/Potencia_30W/modelo_Monopolo_1ant_dset_c2_p30.mat","/mnt/personal/TT_FINAL/DATASETS/datasets_masivos/Dataset_Termico_Masivo5.mat","modelo_Monopolo_1ant","dset_c2_p30","modelo_Monopolo_1ant__dset_c2_p30","/mnt/personal/TT_FINAL/DATASETS/datasets_masivos/Dataset_Termico_MasivoFIN1.mat|/mnt/personal/TT_FINAL/DATASETS/datasets_masivos/Dataset_Termico_Masivo.mat|/mnt/personal/TT_FINAL/DATASETS/datasets_masivos/Dataset_Termico_Masivo_completo30WCopia.mat|/mnt/personal/TT_FINAL/DATASETS/datasets_masivos/Dataset_Termico_Masivo5.mat","Monopolo","1ant",1,2,30
"/mnt/personal/TT_FINAL/DATASETS/datasets_masivos_por_metadata/Monopolo/1ant/Caso_3/Potencia_30W/modelo_Monopolo_1ant_dset_c3_p30.mat","/mnt/personal/TT_FINAL/DATASETS/datasets_masivos/Dataset_Termico_Masivo5.mat","modelo_Monopolo_1ant","dset_c3_p30","modelo_Monopolo_1ant__dset_c3_p30","/mnt/personal/TT_FINAL/DATASETS/datasets_masivos/Dataset_Termico_MasivoFIN1.mat|/mnt/personal/TT_FINAL/DATASETS/datasets_masivos/Dataset_Termico_Masivo.mat|/mnt/personal/TT_FINAL/DATASETS/datasets_masivos/Dataset_Termico_Masivo_completo30WCopia.mat|/mnt/personal/TT_FINAL/DATASETS/datasets_masivos/Dataset_Termico_Masivo5.mat","Monopolo","1ant",1,3,30
"/mnt/personal/TT_FINAL/DATASETS/datasets_masivos_por_metadata/Monopolo/1ant/Caso_4/Potencia_30W/modelo_Monopolo_1ant_dset_c4_p30.mat","/mnt/personal/TT_FINAL/DATASETS/datasets_masivos/Dataset_Termico_Masivo5.mat","modelo_Monopolo_1ant","dset_c4_p30","modelo_Monopolo_1ant__dset_c4_p30","/mnt/personal/TT_FINAL/DATASETS/datasets_masivos/Dataset_Termico_MasivoFIN1.mat|/mnt/personal/TT_FINAL/DATASETS/datasets_masivos/Dataset_Termico_Masivo.mat|/mnt/personal/TT_FINAL/DATASETS/datasets_masivos/Dataset_Termico_Masivo4.mat|/mnt/personal/TT_FINAL/DATASETS/datasets_masivos/Dataset_Termico_Masivo3.mat|/mnt/personal/TT_FINAL/DATASETS/datasets_masivos/Dataset_Termico_Masivo_completo30WCopia.mat|/mnt/personal/TT_FINAL/DATASETS/datasets_masivos/Dataset_Termico_Masivo5.mat","Monopolo","1ant",1,4,30
"/mnt/personal/TT_FINAL/DATASETS/datasets_masivos_por_metadata/Monopolo/1ant/Caso_5/Potencia_30W/modelo_Monopolo_1ant_dset_c5_p30.mat","/mnt/personal/TT_FINAL/DATASETS/datasets_masivos/Dataset_Termico_Masivo5.mat","modelo_Monopolo_1ant","dset_c5_p30","modelo_Monopolo_1ant__dset_c5_p30","/mnt/personal/TT_FINAL/DATASETS/datasets_masivos/Dataset_Termico_MasivoFIN1.mat|/mnt/personal/TT_FINAL/DATASETS/datasets_masivos/Dataset_Termico_Masivo.mat|/mnt/personal/TT_FINAL/DATASETS/datasets_masivos/Dataset_Termico_Masivo_completo30WCopia.mat|/mnt/personal/TT_FINAL/DATASETS/datasets_masivos/Dataset_Termico_Masivo5.mat","Monopolo","1ant",1,5,30
"/mnt/personal/TT_FINAL/DATASETS/datasets_masivos_por_metadata/Monopolo/1ant/Caso_6/Potencia_30W/modelo_Monopolo_1ant_dset_c6_p30.mat","/mnt/personal/TT_FINAL/DATASETS/datasets_masivos/Dataset_Termico_Masivo5.mat","modelo_Monopolo_1ant","dset_c6_p30","modelo_Monopolo_1ant__dset_c6_p30","/mnt/personal/TT_FINAL/DATASETS/datasets_masivos/Dataset_Termico_MasivoFIN1.mat|/mnt/personal/TT_FINAL/DATASETS/datasets_masivos/Dataset_Termico_Masivo.mat|/mnt/personal/TT_FINAL/DATASETS/datasets_masivos/Dataset_Termico_Masivo_completo30WCopia.mat|/mnt/personal/TT_FINAL/DATASETS/datasets_masivos/Dataset_Termico_Masivo5.mat","Monopolo","1ant",1,6,30
"/mnt/personal/TT_FINAL/DATASETS/datasets_masivos_por_metadata/Monopolo/1ant/Caso_7/Potencia_30W/modelo_Monopolo_1ant_dset_c7_p30.mat","/mnt/personal/TT_FINAL/DATASETS/datasets_masivos/Dataset_Termico_Masivo5.mat","modelo_Monopolo_1ant","dset_c7_p30","modelo_Monopolo_1ant__dset_c7_p30","/mnt/personal/TT_FINAL/DATASETS/datasets_masivos/Dataset_Termico_MasivoFIN1.mat|/mnt/personal/TT_FINAL/DATASETS/datasets_masivos/Dataset_Termico_Masivo.mat|/mnt/personal/TT_FINAL/DATASETS/datasets_masivos/Dataset_Termico_Masivo_completo30WCopia.mat|/mnt/personal/TT_FINAL/DATASETS/datasets_masivos/Dataset_Termico_Masivo5.mat","Monopolo","1ant",1,7,30
"/mnt/personal/TT_FINAL/DATASETS/datasets_masivos_por_metadata/Monopolo/1ant/Caso_8/Potencia_30W/modelo_Monopolo_1ant_dset_c8_p30.mat","/mnt/personal/TT_FINAL/DATASETS/datasets_masivos/Dataset_Termico_Masivo5.mat","modelo_Monopolo_1ant","dset_c8_p30","modelo_Monopolo_1ant__dset_c8_p30","/mnt/personal/TT_FINAL/DATASETS/datasets_masivos/Dataset_Termico_MasivoFIN1.mat|/mnt/personal/TT_FINAL/DATASETS/datasets_masivos/Dataset_Termico_Masivo.mat|/mnt/personal/TT_FINAL/DATASETS/datasets_masivos/Dataset_Termico_Masivo6.mat|/mnt/personal/TT_FINAL/DATASETS/datasets_masivos/Dataset_Termico_Masivo_completo30WCopia.mat|/mnt/personal/TT_FINAL/DATASETS/datasets_masivos/Dataset_Termico_Masivo5.mat","Monopolo","1ant",1,8,30
"/mnt/personal/TT_FINAL/DATASETS/datasets_masivos_por_metadata/Monopolo/1ant/Caso_4/Potencia_10W/modelo_Monopolo_1ant_src_000E40D7_dset_c4_p10.mat","/mnt/personal/TT_FINAL/DATASETS/datasets_masivos/Dataset_Termico_MasivoFIN1.mat","modelo_Monopolo_1ant__src_000E40D7","dset_c4_p10","modelo_Monopolo_1ant__src_000E40D7__dset_c4_p10","/mnt/personal/TT_FINAL/DATASETS/datasets_masivos/Dataset_Termico_MasivoFIN1.mat","Monopolo","1ant",1,4,10
"/mnt/personal/TT_FINAL/DATASETS/datasets_masivos_por_metadata/Monopolo/1ant/Caso_4/Potencia_100W/modelo_Monopolo_1ant_src_000E40D7_dset_c4_p100.mat","/mnt/personal/TT_FINAL/DATASETS/datasets_masivos/Dataset_Termico_MasivoFIN1.mat","modelo_Monopolo_1ant__src_000E40D7","dset_c4_p100","modelo_Monopolo_1ant__src_000E40D7__dset_c4_p100","/mnt/personal/TT_FINAL/DATASETS/datasets_masivos/Dataset_Termico_MasivoFIN1.mat","Monopolo","1ant",1,4,100
"/mnt/personal/TT_FINAL/DATASETS/datasets_masivos_por_metadata/Monopolo/1ant/Caso_4/Potencia_15W/modelo_Monopolo_1ant_src_000E40D7_dset_c4_p15.mat","/mnt/personal/TT_FINAL/DATASETS/datasets_masivos/Dataset_Termico_MasivoFIN1.mat","modelo_Monopolo_1ant__src_000E40D7","dset_c4_p15","modelo_Monopolo_1ant__src_000E40D7__dset_c4_p15","/mnt/personal/TT_FINAL/DATASETS/datasets_masivos/Dataset_Termico_MasivoFIN1.mat","Monopolo","1ant",1,4,15
"/mnt/personal/TT_FINAL/DATASETS/datasets_masivos_por_metadata/Monopolo/1ant/Caso_4/Potencia_20W/modelo_Monopolo_1ant_src_000E40D7_dset_c4_p20.mat","/mnt/personal/TT_FINAL/DATASETS/datasets_masivos/Dataset_Termico_MasivoFIN1.mat","modelo_Monopolo_1ant__src_000E40D7","dset_c4_p20","modelo_Monopolo_1ant__src_000E40D7__dset_c4_p20","/mnt/personal/TT_FINAL/DATASETS/datasets_masivos/Dataset_Termico_MasivoFIN1.mat","Monopolo","1ant",1,4,20
"/mnt/personal/TT_FINAL/DATASETS/datasets_masivos_por_metadata/Monopolo/1ant/Caso_4/Potencia_25W/modelo_Monopolo_1ant_src_000E40D7_dset_c4_p25.mat","/mnt/personal/TT_FINAL/DATASETS/datasets_masivos/Dataset_Termico_MasivoFIN1.mat","modelo_Monopolo_1ant__src_000E40D7","dset_c4_p25","modelo_Monopolo_1ant__src_000E40D7__dset_c4_p25","/mnt/personal/TT_FINAL/DATASETS/datasets_masivos/Dataset_Termico_MasivoFIN1.mat","Monopolo","1ant",1,4,25
"/mnt/personal/TT_FINAL/DATASETS/datasets_masivos_por_metadata/Monopolo/1ant/Caso_4/Potencia_30W/modelo_Monopolo_1ant_src_000E40D7_dset_c4_p30.mat","/mnt/personal/TT_FINAL/DATASETS/datasets_masivos/Dataset_Termico_MasivoFIN1.mat","modelo_Monopolo_1ant__src_000E40D7","dset_c4_p30","modelo_Monopolo_1ant__src_000E40D7__dset_c4_p30","/mnt/personal/TT_FINAL/DATASETS/datasets_masivos/Dataset_Termico_MasivoFIN1.mat","Monopolo","1ant",1,4,30
"/mnt/personal/TT_FINAL/DATASETS/datasets_masivos_por_metadata/Monopolo/1ant/Caso_4/Potencia_35W/modelo_Monopolo_1ant_src_000E40D7_dset_c4_p35.mat","/mnt/personal/TT_FINAL/DATASETS/datasets_masivos/Dataset_Termico_MasivoFIN1.mat","modelo_Monopolo_1ant__src_000E40D7","dset_c4_p35","modelo_Monopolo_1ant__src_000E40D7__dset_c4_p35","/mnt/personal/TT_FINAL/DATASETS/datasets_masivos/Dataset_Termico_MasivoFIN1.mat","Monopolo","1ant",1,4,35
"/mnt/personal/TT_FINAL/DATASETS/datasets_masivos_por_metadata/Monopolo/1ant/Caso_4/Potencia_40W/modelo_Monopolo_1ant_src_000E40D7_dset_c4_p40.mat","/mnt/personal/TT_FINAL/DATASETS/datasets_masivos/Dataset_Termico_MasivoFIN1.mat","modelo_Monopolo_1ant__src_000E40D7","dset_c4_p40","modelo_Monopolo_1ant__src_000E40D7__dset_c4_p40","/mnt/personal/TT_FINAL/DATASETS/datasets_masivos/Dataset_Termico_MasivoFIN1.mat","Monopolo","1ant",1,4,40
"/mnt/personal/TT_FINAL/DATASETS/datasets_masivos_por_metadata/Monopolo/1ant/Caso_4/Potencia_45W/modelo_Monopolo_1ant_src_000E40D7_dset_c4_p45.mat","/mnt/personal/TT_FINAL/DATASETS/datasets_masivos/Dataset_Termico_MasivoFIN1.mat","modelo_Monopolo_1ant__src_000E40D7","dset_c4_p45","modelo_Monopolo_1ant__src_000E40D7__dset_c4_p45","/mnt/personal/TT_FINAL/DATASETS/datasets_masivos/Dataset_Termico_MasivoFIN1.mat","Monopolo","1ant",1,4,45
"/mnt/personal/TT_FINAL/DATASETS/datasets_masivos_por_metadata/Monopolo/1ant/Caso_4/Potencia_5W/modelo_Monopolo_1ant_src_000E40D7_dset_c4_p5.mat","/mnt/personal/TT_FINAL/DATASETS/datasets_masivos/Dataset_Termico_MasivoFIN1.mat","modelo_Monopolo_1ant__src_000E40D7","dset_c4_p5","modelo_Monopolo_1ant__src_000E40D7__dset_c4_p5","/mnt/personal/TT_FINAL/DATASETS/datasets_masivos/Dataset_Termico_MasivoFIN1.mat","Monopolo","1ant",1,4,5
"/mnt/personal/TT_FINAL/DATASETS/datasets_masivos_por_metadata/Monopolo/1ant/Caso_4/Potencia_50W/modelo_Monopolo_1ant_src_000E40D7_dset_c4_p50.mat","/mnt/personal/TT_FINAL/DATASETS/datasets_masivos/Dataset_Termico_MasivoFIN1.mat","modelo_Monopolo_1ant__src_000E40D7","dset_c4_p50","modelo_Monopolo_1ant__src_000E40D7__dset_c4_p50","/mnt/personal/TT_FINAL/DATASETS/datasets_masivos/Dataset_Termico_MasivoFIN1.mat","Monopolo","1ant",1,4,50
"/mnt/personal/TT_FINAL/DATASETS/datasets_masivos_por_metadata/Monopolo/1ant/Caso_4/Potencia_55W/modelo_Monopolo_1ant_src_000E40D7_dset_c4_p55.mat","/mnt/personal/TT_FINAL/DATASETS/datasets_masivos/Dataset_Termico_MasivoFIN1.mat","modelo_Monopolo_1ant__src_000E40D7","dset_c4_p55","modelo_Monopolo_1ant__src_000E40D7__dset_c4_p55","/mnt/personal/TT_FINAL/DATASETS/datasets_masivos/Dataset_Termico_MasivoFIN1.mat","Monopolo","1ant",1,4,55
"/mnt/personal/TT_FINAL/DATASETS/datasets_masivos_por_metadata/Monopolo/1ant/Caso_4/Potencia_60W/modelo_Monopolo_1ant_src_000E40D7_dset_c4_p60.mat","/mnt/personal/TT_FINAL/DATASETS/datasets_masivos/Dataset_Termico_MasivoFIN1.mat","modelo_Monopolo_1ant__src_000E40D7","dset_c4_p60","modelo_Monopolo_1ant__src_000E40D7__dset_c4_p60","/mnt/personal/TT_FINAL/DATASETS/datasets_masivos/Dataset_Termico_MasivoFIN1.mat","Monopolo","1ant",1,4,60
"/mnt/personal/TT_FINAL/DATASETS/datasets_masivos_por_metadata/Monopolo/1ant/Caso_4/Potencia_65W/modelo_Monopolo_1ant_src_000E40D7_dset_c4_p65.mat","/mnt/personal/TT_FINAL/DATASETS/datasets_masivos/Dataset_Termico_MasivoFIN1.mat","modelo_Monopolo_1ant__src_000E40D7","dset_c4_p65","modelo_Monopolo_1ant__src_000E40D7__dset_c4_p65","/mnt/personal/TT_FINAL/DATASETS/datasets_masivos/Dataset_Termico_MasivoFIN1.mat","Monopolo","1ant",1,4,65
"/mnt/personal/TT_FINAL/DATASETS/datasets_masivos_por_metadata/Monopolo/1ant/Caso_4/Potencia_70W/modelo_Monopolo_1ant_src_000E40D7_dset_c4_p70.mat","/mnt/personal/TT_FINAL/DATASETS/datasets_masivos/Dataset_Termico_MasivoFIN1.mat","modelo_Monopolo_1ant__src_000E40D7","dset_c4_p70","modelo_Monopolo_1ant__src_000E40D7__dset_c4_p70","/mnt/personal/TT_FINAL/DATASETS/datasets_masivos/Dataset_Termico_MasivoFIN1.mat","Monopolo","1ant",1,4,70
"/mnt/personal/TT_FINAL/DATASETS/datasets_masivos_por_metadata/Monopolo/1ant/Caso_4/Potencia_75W/modelo_Monopolo_1ant_src_000E40D7_dset_c4_p75.mat","/mnt/personal/TT_FINAL/DATASETS/datasets_masivos/Dataset_Termico_MasivoFIN1.mat","modelo_Monopolo_1ant__src_000E40D7","dset_c4_p75","modelo_Monopolo_1ant__src_000E40D7__dset_c4_p75","/mnt/personal/TT_FINAL/DATASETS/datasets_masivos/Dataset_Termico_MasivoFIN1.mat","Monopolo","1ant",1,4,75
"/mnt/personal/TT_FINAL/DATASETS/datasets_masivos_por_metadata/Monopolo/1ant/Caso_4/Potencia_80W/modelo_Monopolo_1ant_src_000E40D7_dset_c4_p80.mat","/mnt/personal/TT_FINAL/DATASETS/datasets_masivos/Dataset_Termico_MasivoFIN1.mat","modelo_Monopolo_1ant__src_000E40D7","dset_c4_p80","modelo_Monopolo_1ant__src_000E40D7__dset_c4_p80","/mnt/personal/TT_FINAL/DATASETS/datasets_masivos/Dataset_Termico_MasivoFIN1.mat","Monopolo","1ant",1,4,80
"/mnt/personal/TT_FINAL/DATASETS/datasets_masivos_por_metadata/Monopolo/1ant/Caso_4/Potencia_85W/modelo_Monopolo_1ant_src_000E40D7_dset_c4_p85.mat","/mnt/personal/TT_FINAL/DATASETS/datasets_masivos/Dataset_Termico_MasivoFIN1.mat","modelo_Monopolo_1ant__src_000E40D7","dset_c4_p85","modelo_Monopolo_1ant__src_000E40D7__dset_c4_p85","/mnt/personal/TT_FINAL/DATASETS/datasets_masivos/Dataset_Termico_MasivoFIN1.mat","Monopolo","1ant",1,4,85
"/mnt/personal/TT_FINAL/DATASETS/datasets_masivos_por_metadata/Monopolo/1ant/Caso_4/Potencia_90W/modelo_Monopolo_1ant_src_000E40D7_dset_c4_p90.mat","/mnt/personal/TT_FINAL/DATASETS/datasets_masivos/Dataset_Termico_MasivoFIN1.mat","modelo_Monopolo_1ant__src_000E40D7","dset_c4_p90","modelo_Monopolo_1ant__src_000E40D7__dset_c4_p90","/mnt/personal/TT_FINAL/DATASETS/datasets_masivos/Dataset_Termico_MasivoFIN1.mat","Monopolo","1ant",1,4,90
"/mnt/personal/TT_FINAL/DATASETS/datasets_masivos_por_metadata/Monopolo/1ant/Caso_4/Potencia_95W/modelo_Monopolo_1ant_src_000E40D7_dset_c4_p95.mat","/mnt/personal/TT_FINAL/DATASETS/datasets_masivos/Dataset_Termico_MasivoFIN1.mat","modelo_Monopolo_1ant__src_000E40D7","dset_c4_p95","modelo_Monopolo_1ant__src_000E40D7__dset_c4_p95","/mnt/personal/TT_FINAL/DATASETS/datasets_masivos/Dataset_Termico_MasivoFIN1.mat","Monopolo","1ant",1,4,95
"/mnt/personal/TT_FINAL/DATASETS/datasets_masivos_por_metadata/Monopolo/1ant/Caso_3/Potencia_10W/modelo_Monopolo_1ant_src_000E493C_dset_c3_p10.mat","/mnt/personal/TT_FINAL/DATASETS/datasets_masivos/Dataset_Termico_MasivoFIN1.mat","modelo_Monopolo_1ant__src_000E493C","dset_c3_p10","modelo_Monopolo_1ant__src_000E493C__dset_c3_p10","/mnt/personal/TT_FINAL/DATASETS/datasets_masivos/Dataset_Termico_MasivoFIN1.mat","Monopolo","1ant",1,3,10
"/mnt/personal/TT_FINAL/DATASETS/datasets_masivos_por_metadata/Monopolo/1ant/Caso_3/Potencia_15W/modelo_Monopolo_1ant_src_000E493C_dset_c3_p15.mat","/mnt/personal/TT_FINAL/DATASETS/datasets_masivos/Dataset_Termico_MasivoFIN1.mat","modelo_Monopolo_1ant__src_000E493C","dset_c3_p15","modelo_Monopolo_1ant__src_000E493C__dset_c3_p15","/mnt/personal/TT_FINAL/DATASETS/datasets_masivos/Dataset_Termico_MasivoFIN1.mat","Monopolo","1ant",1,3,15
"/mnt/personal/TT_FINAL/DATASETS/datasets_masivos_por_metadata/Monopolo/1ant/Caso_3/Potencia_5W/modelo_Monopolo_1ant_src_000E493C_dset_c3_p5.mat","/mnt/personal/TT_FINAL/DATASETS/datasets_masivos/Dataset_Termico_MasivoFIN1.mat","modelo_Monopolo_1ant__src_000E493C","dset_c3_p5","modelo_Monopolo_1ant__src_000E493C__dset_c3_p5","/mnt/personal/TT_FINAL/DATASETS/datasets_masivos/Dataset_Termico_MasivoFIN1.mat","Monopolo","1ant",1,3,5
"/mnt/personal/TT_FINAL/DATASETS/datasets_masivos_por_metadata/Monopolo/1ant/Caso_4/Potencia_10W/modelo_Monopolo_1ant_src_000E493C_dset_c4_p10.mat","/mnt/personal/TT_FINAL/DATASETS/datasets_masivos/Dataset_Termico_MasivoFIN1.mat","modelo_Monopolo_1ant__src_000E493C","dset_c4_p10","modelo_Monopolo_1ant__src_000E493C__dset_c4_p10","/mnt/personal/TT_FINAL/DATASETS/datasets_masivos/Dataset_Termico_MasivoFIN1.mat","Monopolo","1ant",1,4,10
"/mnt/personal/TT_FINAL/DATASETS/datasets_masivos_por_metadata/Monopolo/1ant/Caso_4/Potencia_15W/modelo_Monopolo_1ant_src_000E493C_dset_c4_p15.mat","/mnt/personal/TT_FINAL/DATASETS/datasets_masivos/Dataset_Termico_MasivoFIN1.mat","modelo_Monopolo_1ant__src_000E493C","dset_c4_p15","modelo_Monopolo_1ant__src_000E493C__dset_c4_p15","/mnt/personal/TT_FINAL/DATASETS/datasets_masivos/Dataset_Termico_MasivoFIN1.mat","Monopolo","1ant",1,4,15
"/mnt/personal/TT_FINAL/DATASETS/datasets_masivos_por_metadata/Monopolo/1ant/Caso_4/Potencia_20W/modelo_Monopolo_1ant_src_000E493C_dset_c4_p20.mat","/mnt/personal/TT_FINAL/DATASETS/datasets_masivos/Dataset_Termico_MasivoFIN1.mat","modelo_Monopolo_1ant__src_000E493C","dset_c4_p20","modelo_Monopolo_1ant__src_000E493C__dset_c4_p20","/mnt/personal/TT_FINAL/DATASETS/datasets_masivos/Dataset_Termico_MasivoFIN1.mat","Monopolo","1ant",1,4,20
"/mnt/personal/TT_FINAL/DATASETS/datasets_masivos_por_metadata/Monopolo/1ant/Caso_4/Potencia_25W/modelo_Monopolo_1ant_src_000E493C_dset_c4_p25.mat","/mnt/personal/TT_FINAL/DATASETS/datasets_masivos/Dataset_Termico_MasivoFIN1.mat","modelo_Monopolo_1ant__src_000E493C","dset_c4_p25","modelo_Monopolo_1ant__src_000E493C__dset_c4_p25","/mnt/personal/TT_FINAL/DATASETS/datasets_masivos/Dataset_Termico_MasivoFIN1.mat","Monopolo","1ant",1,4,25
"/mnt/personal/TT_FINAL/DATASETS/datasets_masivos_por_metadata/Monopolo/1ant/Caso_4/Potencia_30W/modelo_Monopolo_1ant_src_000E493C_dset_c4_p30.mat","/mnt/personal/TT_FINAL/DATASETS/datasets_masivos/Dataset_Termico_MasivoFIN1.mat","modelo_Monopolo_1ant__src_000E493C","dset_c4_p30","modelo_Monopolo_1ant__src_000E493C__dset_c4_p30","/mnt/personal/TT_FINAL/DATASETS/datasets_masivos/Dataset_Termico_MasivoFIN1.mat","Monopolo","1ant",1,4,30
"/mnt/personal/TT_FINAL/DATASETS/datasets_masivos_por_metadata/Monopolo/1ant/Caso_4/Potencia_35W/modelo_Monopolo_1ant_src_000E493C_dset_c4_p35.mat","/mnt/personal/TT_FINAL/DATASETS/datasets_masivos/Dataset_Termico_MasivoFIN1.mat","modelo_Monopolo_1ant__src_000E493C","dset_c4_p35","modelo_Monopolo_1ant__src_000E493C__dset_c4_p35","/mnt/personal/TT_FINAL/DATASETS/datasets_masivos/Dataset_Termico_MasivoFIN1.mat","Monopolo","1ant",1,4,35
"/mnt/personal/TT_FINAL/DATASETS/datasets_masivos_por_metadata/Monopolo/1ant/Caso_4/Potencia_40W/modelo_Monopolo_1ant_src_000E493C_dset_c4_p40.mat","/mnt/personal/TT_FINAL/DATASETS/datasets_masivos/Dataset_Termico_MasivoFIN1.mat","modelo_Monopolo_1ant__src_000E493C","dset_c4_p40","modelo_Monopolo_1ant__src_000E493C__dset_c4_p40","/mnt/personal/TT_FINAL/DATASETS/datasets_masivos/Dataset_Termico_MasivoFIN1.mat","Monopolo","1ant",1,4,40
"/mnt/personal/TT_FINAL/DATASETS/datasets_masivos_por_metadata/Monopolo/1ant/Caso_4/Potencia_45W/modelo_Monopolo_1ant_src_000E493C_dset_c4_p45.mat","/mnt/personal/TT_FINAL/DATASETS/datasets_masivos/Dataset_Termico_MasivoFIN1.mat","modelo_Monopolo_1ant__src_000E493C","dset_c4_p45","modelo_Monopolo_1ant__src_000E493C__dset_c4_p45","/mnt/personal/TT_FINAL/DATASETS/datasets_masivos/Dataset_Termico_MasivoFIN1.mat","Monopolo","1ant",1,4,45
"/mnt/personal/TT_FINAL/DATASETS/datasets_masivos_por_metadata/Monopolo/1ant/Caso_4/Potencia_5W/modelo_Monopolo_1ant_src_000E493C_dset_c4_p5.mat","/mnt/personal/TT_FINAL/DATASETS/datasets_masivos/Dataset_Termico_MasivoFIN1.mat","modelo_Monopolo_1ant__src_000E493C","dset_c4_p5","modelo_Monopolo_1ant__src_000E493C__dset_c4_p5","/mnt/personal/TT_FINAL/DATASETS/datasets_masivos/Dataset_Termico_MasivoFIN1.mat","Monopolo","1ant",1,4,5
"/mnt/personal/TT_FINAL/DATASETS/datasets_masivos_por_metadata/Monopolo/1ant/Caso_4/Potencia_50W/modelo_Monopolo_1ant_src_000E493C_dset_c4_p50.mat","/mnt/personal/TT_FINAL/DATASETS/datasets_masivos/Dataset_Termico_MasivoFIN1.mat","modelo_Monopolo_1ant__src_000E493C","dset_c4_p50","modelo_Monopolo_1ant__src_000E493C__dset_c4_p50","/mnt/personal/TT_FINAL/DATASETS/datasets_masivos/Dataset_Termico_MasivoFIN1.mat","Monopolo","1ant",1,4,50
"/mnt/personal/TT_FINAL/DATASETS/datasets_masivos_por_metadata/Monopolo/1ant/Caso_4/Potencia_55W/modelo_Monopolo_1ant_src_000E493C_dset_c4_p55.mat","/mnt/personal/TT_FINAL/DATASETS/datasets_masivos/Dataset_Termico_MasivoFIN1.mat","modelo_Monopolo_1ant__src_000E493C","dset_c4_p55","modelo_Monopolo_1ant__src_000E493C__dset_c4_p55","/mnt/personal/TT_FINAL/DATASETS/datasets_masivos/Dataset_Termico_MasivoFIN1.mat","Monopolo","1ant",1,4,55
"/mnt/personal/TT_FINAL/DATASETS/datasets_masivos_por_metadata/Monopolo/1ant/Caso_4/Potencia_60W/modelo_Monopolo_1ant_src_000E493C_dset_c4_p60.mat","/mnt/personal/TT_FINAL/DATASETS/datasets_masivos/Dataset_Termico_MasivoFIN1.mat","modelo_Monopolo_1ant__src_000E493C","dset_c4_p60","modelo_Monopolo_1ant__src_000E493C__dset_c4_p60","/mnt/personal/TT_FINAL/DATASETS/datasets_masivos/Dataset_Termico_MasivoFIN1.mat","Monopolo","1ant",1,4,60
"/mnt/personal/TT_FINAL/DATASETS/datasets_masivos_por_metadata/Monopolo/1ant/Caso_4/Potencia_65W/modelo_Monopolo_1ant_src_000E493C_dset_c4_p65.mat","/mnt/personal/TT_FINAL/DATASETS/datasets_masivos/Dataset_Termico_MasivoFIN1.mat","modelo_Monopolo_1ant__src_000E493C","dset_c4_p65","modelo_Monopolo_1ant__src_000E493C__dset_c4_p65","/mnt/personal/TT_FINAL/DATASETS/datasets_masivos/Dataset_Termico_MasivoFIN1.mat","Monopolo","1ant",1,4,65
"/mnt/personal/TT_FINAL/DATASETS/datasets_masivos_por_metadata/Monopolo/1ant/Caso_4/Potencia_70W/modelo_Monopolo_1ant_src_000E493C_dset_c4_p70.mat","/mnt/personal/TT_FINAL/DATASETS/datasets_masivos/Dataset_Termico_MasivoFIN1.mat","modelo_Monopolo_1ant__src_000E493C","dset_c4_p70","modelo_Monopolo_1ant__src_000E493C__dset_c4_p70","/mnt/personal/TT_FINAL/DATASETS/datasets_masivos/Dataset_Termico_MasivoFIN1.mat","Monopolo","1ant",1,4,70
"/mnt/personal/TT_FINAL/DATASETS/datasets_masivos_por_metadata/Monopolo/1ant/Caso_4/Potencia_75W/modelo_Monopolo_1ant_src_000E493C_dset_c4_p75.mat","/mnt/personal/TT_FINAL/DATASETS/datasets_masivos/Dataset_Termico_MasivoFIN1.mat","modelo_Monopolo_1ant__src_000E493C","dset_c4_p75","modelo_Monopolo_1ant__src_000E493C__dset_c4_p75","/mnt/personal/TT_FINAL/DATASETS/datasets_masivos/Dataset_Termico_MasivoFIN1.mat","Monopolo","1ant",1,4,75
"/mnt/personal/TT_FINAL/DATASETS/datasets_masivos_por_metadata/Monopolo/1ant/Caso_4/Potencia_80W/modelo_Monopolo_1ant_src_000E493C_dset_c4_p80.mat","/mnt/personal/TT_FINAL/DATASETS/datasets_masivos/Dataset_Termico_MasivoFIN1.mat","modelo_Monopolo_1ant__src_000E493C","dset_c4_p80","modelo_Monopolo_1ant__src_000E493C__dset_c4_p80","/mnt/personal/TT_FINAL/DATASETS/datasets_masivos/Dataset_Termico_MasivoFIN1.mat","Monopolo","1ant",1,4,80
"/mnt/personal/TT_FINAL/DATASETS/datasets_masivos_por_metadata/Monopolo/1ant/Caso_4/Potencia_85W/modelo_Monopolo_1ant_src_000E493C_dset_c4_p85.mat","/mnt/personal/TT_FINAL/DATASETS/datasets_masivos/Dataset_Termico_MasivoFIN1.mat","modelo_Monopolo_1ant__src_000E493C","dset_c4_p85","modelo_Monopolo_1ant__src_000E493C__dset_c4_p85","/mnt/personal/TT_FINAL/DATASETS/datasets_masivos/Dataset_Termico_MasivoFIN1.mat","Monopolo","1ant",1,4,85
"/mnt/personal/TT_FINAL/DATASETS/datasets_masivos_por_metadata/Monopolo/1ant/Caso_0/Potencia_10W/modelo_Monopolo_1ant_src_000E4C45_dset_c0_p10.mat","/mnt/personal/TT_FINAL/DATASETS/datasets_masivos/Dataset_Termico_MasivoFIN1.mat","modelo_Monopolo_1ant__src_000E4C45","dset_c0_p10","modelo_Monopolo_1ant__src_000E4C45__dset_c0_p10","/mnt/personal/TT_FINAL/DATASETS/datasets_masivos/Dataset_Termico_MasivoFIN1.mat","Monopolo","1ant",1,0,10
"/mnt/personal/TT_FINAL/DATASETS/datasets_masivos_por_metadata/Monopolo/1ant/Caso_0/Potencia_15W/modelo_Monopolo_1ant_src_000E4C45_dset_c0_p15.mat","/mnt/personal/TT_FINAL/DATASETS/datasets_masivos/Dataset_Termico_MasivoFIN1.mat","modelo_Monopolo_1ant__src_000E4C45","dset_c0_p15","modelo_Monopolo_1ant__src_000E4C45__dset_c0_p15","/mnt/personal/TT_FINAL/DATASETS/datasets_masivos/Dataset_Termico_MasivoFIN1.mat","Monopolo","1ant",1,0,15
"/mnt/personal/TT_FINAL/DATASETS/datasets_masivos_por_metadata/Monopolo/1ant/Caso_0/Potencia_5W/modelo_Monopolo_1ant_src_000E4C45_dset_c0_p5.mat","/mnt/personal/TT_FINAL/DATASETS/datasets_masivos/Dataset_Termico_MasivoFIN1.mat","modelo_Monopolo_1ant__src_000E4C45","dset_c0_p5","modelo_Monopolo_1ant__src_000E4C45__dset_c0_p5","/mnt/personal/TT_FINAL/DATASETS/datasets_masivos/Dataset_Termico_MasivoFIN1.mat","Monopolo","1ant",1,0,5
"/mnt/personal/TT_FINAL/DATASETS/datasets_masivos_por_metadata/Monopolo/1ant/Caso_1/Potencia_10W/modelo_Monopolo_1ant_src_000E4C45_dset_c1_p10.mat","/mnt/personal/TT_FINAL/DATASETS/datasets_masivos/Dataset_Termico_MasivoFIN1.mat","modelo_Monopolo_1ant__src_000E4C45","dset_c1_p10","modelo_Monopolo_1ant__src_000E4C45__dset_c1_p10","/mnt/personal/TT_FINAL/DATASETS/datasets_masivos/Dataset_Termico_MasivoFIN1.mat","Monopolo","1ant",1,1,10
"/mnt/personal/TT_FINAL/DATASETS/datasets_masivos_por_metadata/Monopolo/1ant/Caso_1/Potencia_15W/modelo_Monopolo_1ant_src_000E4C45_dset_c1_p15.mat","/mnt/personal/TT_FINAL/DATASETS/datasets_masivos/Dataset_Termico_MasivoFIN1.mat","modelo_Monopolo_1ant__src_000E4C45","dset_c1_p15","modelo_Monopolo_1ant__src_000E4C45__dset_c1_p15","/mnt/personal/TT_FINAL/DATASETS/datasets_masivos/Dataset_Termico_MasivoFIN1.mat","Monopolo","1ant",1,1,15
"/mnt/personal/TT_FINAL/DATASETS/datasets_masivos_por_metadata/Monopolo/1ant/Caso_1/Potencia_5W/modelo_Monopolo_1ant_src_000E4C45_dset_c1_p5.mat","/mnt/personal/TT_FINAL/DATASETS/datasets_masivos/Dataset_Termico_MasivoFIN1.mat","modelo_Monopolo_1ant__src_000E4C45","dset_c1_p5","modelo_Monopolo_1ant__src_000E4C45__dset_c1_p5","/mnt/personal/TT_FINAL/DATASETS/datasets_masivos/Dataset_Termico_MasivoFIN1.mat","Monopolo","1ant",1,1,5
"/mnt/personal/TT_FINAL/DATASETS/datasets_masivos_por_metadata/Monopolo/1ant/Caso_3/Potencia_10W/modelo_Monopolo_1ant_src_000E4C45_dset_c3_p10.mat","/mnt/personal/TT_FINAL/DATASETS/datasets_masivos/Dataset_Termico_MasivoFIN1.mat","modelo_Monopolo_1ant__src_000E4C45","dset_c3_p10","modelo_Monopolo_1ant__src_000E4C45__dset_c3_p10","/mnt/personal/TT_FINAL/DATASETS/datasets_masivos/Dataset_Termico_MasivoFIN1.mat","Monopolo","1ant",1,3,10
"/mnt/personal/TT_FINAL/DATASETS/datasets_masivos_por_metadata/Monopolo/1ant/Caso_3/Potencia_15W/modelo_Monopolo_1ant_src_000E4C45_dset_c3_p15.mat","/mnt/personal/TT_FINAL/DATASETS/datasets_masivos/Dataset_Termico_MasivoFIN1.mat","modelo_Monopolo_1ant__src_000E4C45","dset_c3_p15","modelo_Monopolo_1ant__src_000E4C45__dset_c3_p15","/mnt/personal/TT_FINAL/DATASETS/datasets_masivos/Dataset_Termico_MasivoFIN1.mat","Monopolo","1ant",1,3,15
"/mnt/personal/TT_FINAL/DATASETS/datasets_masivos_por_metadata/Monopolo/1ant/Caso_3/Potencia_5W/modelo_Monopolo_1ant_src_000E4C45_dset_c3_p5.mat","/mnt/personal/TT_FINAL/DATASETS/datasets_masivos/Dataset_Termico_MasivoFIN1.mat","modelo_Monopolo_1ant__src_000E4C45","dset_c3_p5","modelo_Monopolo_1ant__src_000E4C45__dset_c3_p5","/mnt/personal/TT_FINAL/DATASETS/datasets_masivos/Dataset_Termico_MasivoFIN1.mat","Monopolo","1ant",1,3,5
"/mnt/personal/TT_FINAL/DATASETS/datasets_masivos_por_metadata/Monopolo/1ant/Caso_5/Potencia_10W/modelo_Monopolo_1ant_src_000E5358_dset_c5_p10.mat","/mnt/personal/TT_FINAL/DATASETS/datasets_masivos/Dataset_Termico_MasivoFIN1.mat","modelo_Monopolo_1ant__src_000E5358","dset_c5_p10","modelo_Monopolo_1ant__src_000E5358__dset_c5_p10","/mnt/personal/TT_FINAL/DATASETS/datasets_masivos/Dataset_Termico_MasivoFIN1.mat","Monopolo","1ant",1,5,10
"/mnt/personal/TT_FINAL/DATASETS/datasets_masivos_por_metadata/Monopolo/1ant/Caso_5/Potencia_15W/modelo_Monopolo_1ant_src_000E5358_dset_c5_p15.mat","/mnt/personal/TT_FINAL/DATASETS/datasets_masivos/Dataset_Termico_MasivoFIN1.mat","modelo_Monopolo_1ant__src_000E5358","dset_c5_p15","modelo_Monopolo_1ant__src_000E5358__dset_c5_p15","/mnt/personal/TT_FINAL/DATASETS/datasets_masivos/Dataset_Termico_MasivoFIN1.mat","Monopolo","1ant",1,5,15
"/mnt/personal/TT_FINAL/DATASETS/datasets_masivos_por_metadata/Monopolo/1ant/Caso_5/Potencia_20W/modelo_Monopolo_1ant_src_000E5358_dset_c5_p20.mat","/mnt/personal/TT_FINAL/DATASETS/datasets_masivos/Dataset_Termico_MasivoFIN1.mat","modelo_Monopolo_1ant__src_000E5358","dset_c5_p20","modelo_Monopolo_1ant__src_000E5358__dset_c5_p20","/mnt/personal/TT_FINAL/DATASETS/datasets_masivos/Dataset_Termico_MasivoFIN1.mat","Monopolo","1ant",1,5,20
"/mnt/personal/TT_FINAL/DATASETS/datasets_masivos_por_metadata/Monopolo/1ant/Caso_5/Potencia_5W/modelo_Monopolo_1ant_src_000E5358_dset_c5_p5.mat","/mnt/personal/TT_FINAL/DATASETS/datasets_masivos/Dataset_Termico_MasivoFIN1.mat","modelo_Monopolo_1ant__src_000E5358","dset_c5_p5","modelo_Monopolo_1ant__src_000E5358__dset_c5_p5","/mnt/personal/TT_FINAL/DATASETS/datasets_masivos/Dataset_Termico_MasivoFIN1.mat","Monopolo","1ant",1,5,5
"/mnt/personal/TT_FINAL/DATASETS/datasets_masivos_por_metadata/Monopolo/1ant/Caso_6/Potencia_10W/modelo_Monopolo_1ant_src_000E5358_dset_c6_p10.mat","/mnt/personal/TT_FINAL/DATASETS/datasets_masivos/Dataset_Termico_MasivoFIN1.mat","modelo_Monopolo_1ant__src_000E5358","dset_c6_p10","modelo_Monopolo_1ant__src_000E5358__dset_c6_p10","/mnt/personal/TT_FINAL/DATASETS/datasets_masivos/Dataset_Termico_MasivoFIN1.mat","Monopolo","1ant",1,6,10
"/mnt/personal/TT_FINAL/DATASETS/datasets_masivos_por_metadata/Monopolo/1ant/Caso_6/Potencia_5W/modelo_Monopolo_1ant_src_000E5358_dset_c6_p5.mat","/mnt/personal/TT_FINAL/DATASETS/datasets_masivos/Dataset_Termico_MasivoFIN1.mat","modelo_Monopolo_1ant__src_000E5358","dset_c6_p5","modelo_Monopolo_1ant__src_000E5358__dset_c6_p5","/mnt/personal/TT_FINAL/DATASETS/datasets_masivos/Dataset_Termico_MasivoFIN1.mat","Monopolo","1ant",1,6,5
"/mnt/personal/TT_FINAL/DATASETS/datasets_masivos_por_metadata/Monopolo/1ant/Caso_7/Potencia_10W/modelo_Monopolo_1ant_src_000E5358_dset_c7_p10.mat","/mnt/personal/TT_FINAL/DATASETS/datasets_masivos/Dataset_Termico_MasivoFIN1.mat","modelo_Monopolo_1ant__src_000E5358","dset_c7_p10","modelo_Monopolo_1ant__src_000E5358__dset_c7_p10","/mnt/personal/TT_FINAL/DATASETS/datasets_masivos/Dataset_Termico_MasivoFIN1.mat","Monopolo","1ant",1,7,10
"/mnt/personal/TT_FINAL/DATASETS/datasets_masivos_por_metadata/Monopolo/1ant/Caso_7/Potencia_15W/modelo_Monopolo_1ant_src_000E5358_dset_c7_p15.mat","/mnt/personal/TT_FINAL/DATASETS/datasets_masivos/Dataset_Termico_MasivoFIN1.mat","modelo_Monopolo_1ant__src_000E5358","dset_c7_p15","modelo_Monopolo_1ant__src_000E5358__dset_c7_p15","/mnt/personal/TT_FINAL/DATASETS/datasets_masivos/Dataset_Termico_MasivoFIN1.mat","Monopolo","1ant",1,7,15
"/mnt/personal/TT_FINAL/DATASETS/datasets_masivos_por_metadata/Monopolo/1ant/Caso_7/Potencia_20W/modelo_Monopolo_1ant_src_000E5358_dset_c7_p20.mat","/mnt/personal/TT_FINAL/DATASETS/datasets_masivos/Dataset_Termico_MasivoFIN1.mat","modelo_Monopolo_1ant__src_000E5358","dset_c7_p20","modelo_Monopolo_1ant__src_000E5358__dset_c7_p20","/mnt/personal/TT_FINAL/DATASETS/datasets_masivos/Dataset_Termico_MasivoFIN1.mat","Monopolo","1ant",1,7,20
"/mnt/personal/TT_FINAL/DATASETS/datasets_masivos_por_metadata/Monopolo/1ant/Caso_7/Potencia_5W/modelo_Monopolo_1ant_src_000E5358_dset_c7_p5.mat","/mnt/personal/TT_FINAL/DATASETS/datasets_masivos/Dataset_Termico_MasivoFIN1.mat","modelo_Monopolo_1ant__src_000E5358","dset_c7_p5","modelo_Monopolo_1ant__src_000E5358__dset_c7_p5","/mnt/personal/TT_FINAL/DATASETS/datasets_masivos/Dataset_Termico_MasivoFIN1.mat","Monopolo","1ant",1,7,5
"/mnt/personal/TT_FINAL/DATASETS/datasets_masivos_por_metadata/Monopolo/1ant/Caso_8/Potencia_10W/modelo_Monopolo_1ant_src_000E5358_dset_c8_p10.mat","/mnt/personal/TT_FINAL/DATASETS/datasets_masivos/Dataset_Termico_MasivoFIN1.mat","modelo_Monopolo_1ant__src_000E5358","dset_c8_p10","modelo_Monopolo_1ant__src_000E5358__dset_c8_p10","/mnt/personal/TT_FINAL/DATASETS/datasets_masivos/Dataset_Termico_MasivoFIN1.mat","Monopolo","1ant",1,8,10
"/mnt/personal/TT_FINAL/DATASETS/datasets_masivos_por_metadata/Monopolo/1ant/Caso_8/Potencia_100W/modelo_Monopolo_1ant_src_000E5358_dset_c8_p100.mat","/mnt/personal/TT_FINAL/DATASETS/datasets_masivos/Dataset_Termico_MasivoFIN1.mat","modelo_Monopolo_1ant__src_000E5358","dset_c8_p100","modelo_Monopolo_1ant__src_000E5358__dset_c8_p100","/mnt/personal/TT_FINAL/DATASETS/datasets_masivos/Dataset_Termico_MasivoFIN1.mat","Monopolo","1ant",1,8,100
"/mnt/personal/TT_FINAL/DATASETS/datasets_masivos_por_metadata/Monopolo/1ant/Caso_8/Potencia_15W/modelo_Monopolo_1ant_src_000E5358_dset_c8_p15.mat","/mnt/personal/TT_FINAL/DATASETS/datasets_masivos/Dataset_Termico_MasivoFIN1.mat","modelo_Monopolo_1ant__src_000E5358","dset_c8_p15","modelo_Monopolo_1ant__src_000E5358__dset_c8_p15","/mnt/personal/TT_FINAL/DATASETS/datasets_masivos/Dataset_Termico_MasivoFIN1.mat","Monopolo","1ant",1,8,15
"/mnt/personal/TT_FINAL/DATASETS/datasets_masivos_por_metadata/Monopolo/1ant/Caso_8/Potencia_20W/modelo_Monopolo_1ant_src_000E5358_dset_c8_p20.mat","/mnt/personal/TT_FINAL/DATASETS/datasets_masivos/Dataset_Termico_MasivoFIN1.mat","modelo_Monopolo_1ant__src_000E5358","dset_c8_p20","modelo_Monopolo_1ant__src_000E5358__dset_c8_p20","/mnt/personal/TT_FINAL/DATASETS/datasets_masivos/Dataset_Termico_MasivoFIN1.mat","Monopolo","1ant",1,8,20
"/mnt/personal/TT_FINAL/DATASETS/datasets_masivos_por_metadata/Monopolo/1ant/Caso_8/Potencia_25W/modelo_Monopolo_1ant_src_000E5358_dset_c8_p25.mat","/mnt/personal/TT_FINAL/DATASETS/datasets_masivos/Dataset_Termico_MasivoFIN1.mat","modelo_Monopolo_1ant__src_000E5358","dset_c8_p25","modelo_Monopolo_1ant__src_000E5358__dset_c8_p25","/mnt/personal/TT_FINAL/DATASETS/datasets_masivos/Dataset_Termico_MasivoFIN1.mat","Monopolo","1ant",1,8,25
"/mnt/personal/TT_FINAL/DATASETS/datasets_masivos_por_metadata/Monopolo/1ant/Caso_8/Potencia_30W/modelo_Monopolo_1ant_src_000E5358_dset_c8_p30.mat","/mnt/personal/TT_FINAL/DATASETS/datasets_masivos/Dataset_Termico_MasivoFIN1.mat","modelo_Monopolo_1ant__src_000E5358","dset_c8_p30","modelo_Monopolo_1ant__src_000E5358__dset_c8_p30","/mnt/personal/TT_FINAL/DATASETS/datasets_masivos/Dataset_Termico_MasivoFIN1.mat","Monopolo","1ant",1,8,30
"/mnt/personal/TT_FINAL/DATASETS/datasets_masivos_por_metadata/Monopolo/1ant/Caso_8/Potencia_35W/modelo_Monopolo_1ant_src_000E5358_dset_c8_p35.mat","/mnt/personal/TT_FINAL/DATASETS/datasets_masivos/Dataset_Termico_MasivoFIN1.mat","modelo_Monopolo_1ant__src_000E5358","dset_c8_p35","modelo_Monopolo_1ant__src_000E5358__dset_c8_p35","/mnt/personal/TT_FINAL/DATASETS/datasets_masivos/Dataset_Termico_MasivoFIN1.mat","Monopolo","1ant",1,8,35
"/mnt/personal/TT_FINAL/DATASETS/datasets_masivos_por_metadata/Monopolo/1ant/Caso_8/Potencia_40W/modelo_Monopolo_1ant_src_000E5358_dset_c8_p40.mat","/mnt/personal/TT_FINAL/DATASETS/datasets_masivos/Dataset_Termico_MasivoFIN1.mat","modelo_Monopolo_1ant__src_000E5358","dset_c8_p40","modelo_Monopolo_1ant__src_000E5358__dset_c8_p40","/mnt/personal/TT_FINAL/DATASETS/datasets_masivos/Dataset_Termico_MasivoFIN1.mat","Monopolo","1ant",1,8,40
"/mnt/personal/TT_FINAL/DATASETS/datasets_masivos_por_metadata/Monopolo/1ant/Caso_8/Potencia_45W/modelo_Monopolo_1ant_src_000E5358_dset_c8_p45.mat","/mnt/personal/TT_FINAL/DATASETS/datasets_masivos/Dataset_Termico_MasivoFIN1.mat","modelo_Monopolo_1ant__src_000E5358","dset_c8_p45","modelo_Monopolo_1ant__src_000E5358__dset_c8_p45","/mnt/personal/TT_FINAL/DATASETS/datasets_masivos/Dataset_Termico_MasivoFIN1.mat","Monopolo","1ant",1,8,45
"/mnt/personal/TT_FINAL/DATASETS/datasets_masivos_por_metadata/Monopolo/1ant/Caso_8/Potencia_5W/modelo_Monopolo_1ant_src_000E5358_dset_c8_p5.mat","/mnt/personal/TT_FINAL/DATASETS/datasets_masivos/Dataset_Termico_MasivoFIN1.mat","modelo_Monopolo_1ant__src_000E5358","dset_c8_p5","modelo_Monopolo_1ant__src_000E5358__dset_c8_p5","/mnt/personal/TT_FINAL/DATASETS/datasets_masivos/Dataset_Termico_MasivoFIN1.mat","Monopolo","1ant",1,8,5
"/mnt/personal/TT_FINAL/DATASETS/datasets_masivos_por_metadata/Monopolo/1ant/Caso_8/Potencia_50W/modelo_Monopolo_1ant_src_000E5358_dset_c8_p50.mat","/mnt/personal/TT_FINAL/DATASETS/datasets_masivos/Dataset_Termico_MasivoFIN1.mat","modelo_Monopolo_1ant__src_000E5358","dset_c8_p50","modelo_Monopolo_1ant__src_000E5358__dset_c8_p50","/mnt/personal/TT_FINAL/DATASETS/datasets_masivos/Dataset_Termico_MasivoFIN1.mat","Monopolo","1ant",1,8,50
"/mnt/personal/TT_FINAL/DATASETS/datasets_masivos_por_metadata/Monopolo/1ant/Caso_8/Potencia_55W/modelo_Monopolo_1ant_src_000E5358_dset_c8_p55.mat","/mnt/personal/TT_FINAL/DATASETS/datasets_masivos/Dataset_Termico_MasivoFIN1.mat","modelo_Monopolo_1ant__src_000E5358","dset_c8_p55","modelo_Monopolo_1ant__src_000E5358__dset_c8_p55","/mnt/personal/TT_FINAL/DATASETS/datasets_masivos/Dataset_Termico_MasivoFIN1.mat","Monopolo","1ant",1,8,55
"/mnt/personal/TT_FINAL/DATASETS/datasets_masivos_por_metadata/Monopolo/1ant/Caso_8/Potencia_60W/modelo_Monopolo_1ant_src_000E5358_dset_c8_p60.mat","/mnt/personal/TT_FINAL/DATASETS/datasets_masivos/Dataset_Termico_MasivoFIN1.mat","modelo_Monopolo_1ant__src_000E5358","dset_c8_p60","modelo_Monopolo_1ant__src_000E5358__dset_c8_p60","/mnt/personal/TT_FINAL/DATASETS/datasets_masivos/Dataset_Termico_MasivoFIN1.mat","Monopolo","1ant",1,8,60
"/mnt/personal/TT_FINAL/DATASETS/datasets_masivos_por_metadata/Monopolo/1ant/Caso_8/Potencia_65W/modelo_Monopolo_1ant_src_000E5358_dset_c8_p65.mat","/mnt/personal/TT_FINAL/DATASETS/datasets_masivos/Dataset_Termico_MasivoFIN1.mat","modelo_Monopolo_1ant__src_000E5358","dset_c8_p65","modelo_Monopolo_1ant__src_000E5358__dset_c8_p65","/mnt/personal/TT_FINAL/DATASETS/datasets_masivos/Dataset_Termico_MasivoFIN1.mat","Monopolo","1ant",1,8,65
"/mnt/personal/TT_FINAL/DATASETS/datasets_masivos_por_metadata/Monopolo/1ant/Caso_8/Potencia_70W/modelo_Monopolo_1ant_src_000E5358_dset_c8_p70.mat","/mnt/personal/TT_FINAL/DATASETS/datasets_masivos/Dataset_Termico_MasivoFIN1.mat","modelo_Monopolo_1ant__src_000E5358","dset_c8_p70","modelo_Monopolo_1ant__src_000E5358__dset_c8_p70","/mnt/personal/TT_FINAL/DATASETS/datasets_masivos/Dataset_Termico_MasivoFIN1.mat","Monopolo","1ant",1,8,70
"/mnt/personal/TT_FINAL/DATASETS/datasets_masivos_por_metadata/Monopolo/1ant/Caso_8/Potencia_75W/modelo_Monopolo_1ant_src_000E5358_dset_c8_p75.mat","/mnt/personal/TT_FINAL/DATASETS/datasets_masivos/Dataset_Termico_MasivoFIN1.mat","modelo_Monopolo_1ant__src_000E5358","dset_c8_p75","modelo_Monopolo_1ant__src_000E5358__dset_c8_p75","/mnt/personal/TT_FINAL/DATASETS/datasets_masivos/Dataset_Termico_MasivoFIN1.mat","Monopolo","1ant",1,8,75
"/mnt/personal/TT_FINAL/DATASETS/datasets_masivos_por_metadata/Monopolo/1ant/Caso_8/Potencia_80W/modelo_Monopolo_1ant_src_000E5358_dset_c8_p80.mat","/mnt/personal/TT_FINAL/DATASETS/datasets_masivos/Dataset_Termico_MasivoFIN1.mat","modelo_Monopolo_1ant__src_000E5358","dset_c8_p80","modelo_Monopolo_1ant__src_000E5358__dset_c8_p80","/mnt/personal/TT_FINAL/DATASETS/datasets_masivos/Dataset_Termico_MasivoFIN1.mat","Monopolo","1ant",1,8,80
"/mnt/personal/TT_FINAL/DATASETS/datasets_masivos_por_metadata/Monopolo/1ant/Caso_8/Potencia_85W/modelo_Monopolo_1ant_src_000E5358_dset_c8_p85.mat","/mnt/personal/TT_FINAL/DATASETS/datasets_masivos/Dataset_Termico_MasivoFIN1.mat","modelo_Monopolo_1ant__src_000E5358","dset_c8_p85","modelo_Monopolo_1ant__src_000E5358__dset_c8_p85","/mnt/personal/TT_FINAL/DATASETS/datasets_masivos/Dataset_Termico_MasivoFIN1.mat","Monopolo","1ant",1,8,85
"/mnt/personal/TT_FINAL/DATASETS/datasets_masivos_por_metadata/Monopolo/1ant/Caso_8/Potencia_90W/modelo_Monopolo_1ant_src_000E5358_dset_c8_p90.mat","/mnt/personal/TT_FINAL/DATASETS/datasets_masivos/Dataset_Termico_MasivoFIN1.mat","modelo_Monopolo_1ant__src_000E5358","dset_c8_p90","modelo_Monopolo_1ant__src_000E5358__dset_c8_p90","/mnt/personal/TT_FINAL/DATASETS/datasets_masivos/Dataset_Termico_MasivoFIN1.mat","Monopolo","1ant",1,8,90
"/mnt/personal/TT_FINAL/DATASETS/datasets_masivos_por_metadata/Monopolo/1ant/Caso_8/Potencia_95W/modelo_Monopolo_1ant_src_000E5358_dset_c8_p95.mat","/mnt/personal/TT_FINAL/DATASETS/datasets_masivos/Dataset_Termico_MasivoFIN1.mat","modelo_Monopolo_1ant__src_000E5358","dset_c8_p95","modelo_Monopolo_1ant__src_000E5358__dset_c8_p95","/mnt/personal/TT_FINAL/DATASETS/datasets_masivos/Dataset_Termico_MasivoFIN1.mat","Monopolo","1ant",1,8,95
"/mnt/personal/TT_FINAL/DATASETS/datasets_masivos_por_metadata/Monopolo/2ant/Caso_1/Potencia_30W/modelo_Monopolo_2ant_dset_c1_p30.mat","/mnt/personal/TT_FINAL/DATASETS/datasets_masivos/Dataset_Termico_Masivo5.mat","modelo_Monopolo_2ant","dset_c1_p30","modelo_Monopolo_2ant__dset_c1_p30","/mnt/personal/TT_FINAL/DATASETS/datasets_masivos/Dataset_Termico_MasivoFIN1.mat|/mnt/personal/TT_FINAL/DATASETS/datasets_masivos/Dataset_Termico_Masivo.mat|/mnt/personal/TT_FINAL/DATASETS/datasets_masivos/Dataset_Termico_Masivo_completo30WCopia.mat|/mnt/personal/TT_FINAL/DATASETS/datasets_masivos/Dataset_Termico_Masivo5.mat","Monopolo","2ant",2,1,30
"/mnt/personal/TT_FINAL/DATASETS/datasets_masivos_por_metadata/Monopolo/2ant/Caso_2/Potencia_30W/modelo_Monopolo_2ant_dset_c2_p30.mat","/mnt/personal/TT_FINAL/DATASETS/datasets_masivos/Dataset_Termico_Masivo5.mat","modelo_Monopolo_2ant","dset_c2_p30","modelo_Monopolo_2ant__dset_c2_p30","/mnt/personal/TT_FINAL/DATASETS/datasets_masivos/Dataset_Termico_MasivoFIN1.mat|/mnt/personal/TT_FINAL/DATASETS/datasets_masivos/Dataset_Termico_Masivo.mat|/mnt/personal/TT_FINAL/DATASETS/datasets_masivos/Dataset_Termico_Masivo_completo30WCopia.mat|/mnt/personal/TT_FINAL/DATASETS/datasets_masivos/Dataset_Termico_Masivo5.mat","Monopolo","2ant",2,2,30
"/mnt/personal/TT_FINAL/DATASETS/datasets_masivos_por_metadata/Monopolo/2ant/Caso_3/Potencia_30W/modelo_Monopolo_2ant_dset_c3_p30.mat","/mnt/personal/TT_FINAL/DATASETS/datasets_masivos/Dataset_Termico_Masivo5.mat","modelo_Monopolo_2ant","dset_c3_p30","modelo_Monopolo_2ant__dset_c3_p30","/mnt/personal/TT_FINAL/DATASETS/datasets_masivos/Dataset_Termico_MasivoFIN1.mat|/mnt/personal/TT_FINAL/DATASETS/datasets_masivos/Dataset_Termico_Masivo.mat|/mnt/personal/TT_FINAL/DATASETS/datasets_masivos/Dataset_Termico_Masivo_completo30WCopia.mat|/mnt/personal/TT_FINAL/DATASETS/datasets_masivos/Dataset_Termico_Masivo5.mat","Monopolo","2ant",2,3,30
"/mnt/personal/TT_FINAL/DATASETS/datasets_masivos_por_metadata/Monopolo/2ant/Caso_4/Potencia_30W/modelo_Monopolo_2ant_dset_c4_p30.mat","/mnt/personal/TT_FINAL/DATASETS/datasets_masivos/Dataset_Termico_Masivo5.mat","modelo_Monopolo_2ant","dset_c4_p30","modelo_Monopolo_2ant__dset_c4_p30","/mnt/personal/TT_FINAL/DATASETS/datasets_masivos/Dataset_Termico_MasivoFIN1.mat|/mnt/personal/TT_FINAL/DATASETS/datasets_masivos/Dataset_Termico_Masivo.mat|/mnt/personal/TT_FINAL/DATASETS/datasets_masivos/Dataset_Termico_Masivo_completo30WCopia.mat|/mnt/personal/TT_FINAL/DATASETS/datasets_masivos/Dataset_Termico_Masivo5.mat","Monopolo","2ant",2,4,30
"/mnt/personal/TT_FINAL/DATASETS/datasets_masivos_por_metadata/Monopolo/2ant/Caso_5/Potencia_30W/modelo_Monopolo_2ant_dset_c5_p30.mat","/mnt/personal/TT_FINAL/DATASETS/datasets_masivos/Dataset_Termico_Masivo5.mat","modelo_Monopolo_2ant","dset_c5_p30","modelo_Monopolo_2ant__dset_c5_p30","/mnt/personal/TT_FINAL/DATASETS/datasets_masivos/Dataset_Termico_MasivoFIN1.mat|/mnt/personal/TT_FINAL/DATASETS/datasets_masivos/Dataset_Termico_Masivo.mat|/mnt/personal/TT_FINAL/DATASETS/datasets_masivos/Dataset_Termico_Masivo_completo30WCopia.mat|/mnt/personal/TT_FINAL/DATASETS/datasets_masivos/Dataset_Termico_Masivo5.mat","Monopolo","2ant",2,5,30
"/mnt/personal/TT_FINAL/DATASETS/datasets_masivos_por_metadata/Monopolo/2ant/Caso_6/Potencia_30W/modelo_Monopolo_2ant_dset_c6_p30.mat","/mnt/personal/TT_FINAL/DATASETS/datasets_masivos/Dataset_Termico_Masivo5.mat","modelo_Monopolo_2ant","dset_c6_p30","modelo_Monopolo_2ant__dset_c6_p30","/mnt/personal/TT_FINAL/DATASETS/datasets_masivos/Dataset_Termico_MasivoFIN1.mat|/mnt/personal/TT_FINAL/DATASETS/datasets_masivos/Dataset_Termico_Masivo.mat|/mnt/personal/TT_FINAL/DATASETS/datasets_masivos/Dataset_Termico_Masivo_completo30WCopia.mat|/mnt/personal/TT_FINAL/DATASETS/datasets_masivos/Dataset_Termico_Masivo5.mat","Monopolo","2ant",2,6,30
"/mnt/personal/TT_FINAL/DATASETS/datasets_masivos_por_metadata/Monopolo/2ant/Caso_7/Potencia_30W/modelo_Monopolo_2ant_dset_c7_p30.mat","/mnt/personal/TT_FINAL/DATASETS/datasets_masivos/Dataset_Termico_Masivo5.mat","modelo_Monopolo_2ant","dset_c7_p30","modelo_Monopolo_2ant__dset_c7_p30","/mnt/personal/TT_FINAL/DATASETS/datasets_masivos/Dataset_Termico_MasivoFIN1.mat|/mnt/personal/TT_FINAL/DATASETS/datasets_masivos/Dataset_Termico_Masivo.mat|/mnt/personal/TT_FINAL/DATASETS/datasets_masivos/Dataset_Termico_Masivo_completo30WCopia.mat|/mnt/personal/TT_FINAL/DATASETS/datasets_masivos/Dataset_Termico_Masivo5.mat","Monopolo","2ant",2,7,30
"/mnt/personal/TT_FINAL/DATASETS/datasets_masivos_por_metadata/Monopolo/2ant/Caso_8/Potencia_30W/modelo_Monopolo_2ant_dset_c8_p30.mat","/mnt/personal/TT_FINAL/DATASETS/datasets_masivos/Dataset_Termico_Masivo5.mat","modelo_Monopolo_2ant","dset_c8_p30","modelo_Monopolo_2ant__dset_c8_p30","/mnt/personal/TT_FINAL/DATASETS/datasets_masivos/Dataset_Termico_MasivoFIN1.mat|/mnt/personal/TT_FINAL/DATASETS/datasets_masivos/Dataset_Termico_Masivo.mat|/mnt/personal/TT_FINAL/DATASETS/datasets_masivos/Dataset_Termico_Masivo_completo30WCopia.mat|/mnt/personal/TT_FINAL/DATASETS/datasets_masivos/Dataset_Termico_Masivo5.mat","Monopolo","2ant",2,8,30
"/mnt/personal/TT_FINAL/DATASETS/datasets_masivos_por_metadata/Monopolo/2ant/Caso_3/Potencia_10W/modelo_Monopolo_2ant_src_000E49C4_dset_c3_p10.mat","/mnt/personal/TT_FINAL/DATASETS/datasets_masivos/Dataset_Termico_MasivoFIN1.mat","modelo_Monopolo_2ant__src_000E49C4","dset_c3_p10","modelo_Monopolo_2ant__src_000E49C4__dset_c3_p10","/mnt/personal/TT_FINAL/DATASETS/datasets_masivos/Dataset_Termico_MasivoFIN1.mat","Monopolo","2ant",2,3,10
"/mnt/personal/TT_FINAL/DATASETS/datasets_masivos_por_metadata/Monopolo/2ant/Caso_3/Potencia_15W/modelo_Monopolo_2ant_src_000E49C4_dset_c3_p15.mat","/mnt/personal/TT_FINAL/DATASETS/datasets_masivos/Dataset_Termico_MasivoFIN1.mat","modelo_Monopolo_2ant__src_000E49C4","dset_c3_p15","modelo_Monopolo_2ant__src_000E49C4__dset_c3_p15","/mnt/personal/TT_FINAL/DATASETS/datasets_masivos/Dataset_Termico_MasivoFIN1.mat","Monopolo","2ant",2,3,15
"/mnt/personal/TT_FINAL/DATASETS/datasets_masivos_por_metadata/Monopolo/2ant/Caso_3/Potencia_5W/modelo_Monopolo_2ant_src_000E49C4_dset_c3_p5.mat","/mnt/personal/TT_FINAL/DATASETS/datasets_masivos/Dataset_Termico_MasivoFIN1.mat","modelo_Monopolo_2ant__src_000E49C4","dset_c3_p5","modelo_Monopolo_2ant__src_000E49C4__dset_c3_p5","/mnt/personal/TT_FINAL/DATASETS/datasets_masivos/Dataset_Termico_MasivoFIN1.mat","Monopolo","2ant",2,3,5
"/mnt/personal/TT_FINAL/DATASETS/datasets_masivos_por_metadata/Monopolo/2ant/Caso_5/Potencia_10W/modelo_Monopolo_2ant_src_000E53E0_dset_c5_p10.mat","/mnt/personal/TT_FINAL/DATASETS/datasets_masivos/Dataset_Termico_MasivoFIN1.mat","modelo_Monopolo_2ant__src_000E53E0","dset_c5_p10","modelo_Monopolo_2ant__src_000E53E0__dset_c5_p10","/mnt/personal/TT_FINAL/DATASETS/datasets_masivos/Dataset_Termico_MasivoFIN1.mat","Monopolo","2ant",2,5,10
"/mnt/personal/TT_FINAL/DATASETS/datasets_masivos_por_metadata/Monopolo/2ant/Caso_5/Potencia_15W/modelo_Monopolo_2ant_src_000E53E0_dset_c5_p15.mat","/mnt/personal/TT_FINAL/DATASETS/datasets_masivos/Dataset_Termico_MasivoFIN1.mat","modelo_Monopolo_2ant__src_000E53E0","dset_c5_p15","modelo_Monopolo_2ant__src_000E53E0__dset_c5_p15","/mnt/personal/TT_FINAL/DATASETS/datasets_masivos/Dataset_Termico_MasivoFIN1.mat","Monopolo","2ant",2,5,15
"/mnt/personal/TT_FINAL/DATASETS/datasets_masivos_por_metadata/Monopolo/2ant/Caso_5/Potencia_20W/modelo_Monopolo_2ant_src_000E53E0_dset_c5_p20.mat","/mnt/personal/TT_FINAL/DATASETS/datasets_masivos/Dataset_Termico_MasivoFIN1.mat","modelo_Monopolo_2ant__src_000E53E0","dset_c5_p20","modelo_Monopolo_2ant__src_000E53E0__dset_c5_p20","/mnt/personal/TT_FINAL/DATASETS/datasets_masivos/Dataset_Termico_MasivoFIN1.mat","Monopolo","2ant",2,5,20
"/mnt/personal/TT_FINAL/DATASETS/datasets_masivos_por_metadata/Monopolo/2ant/Caso_5/Potencia_5W/modelo_Monopolo_2ant_src_000E53E0_dset_c5_p5.mat","/mnt/personal/TT_FINAL/DATASETS/datasets_masivos/Dataset_Termico_MasivoFIN1.mat","modelo_Monopolo_2ant__src_000E53E0","dset_c5_p5","modelo_Monopolo_2ant__src_000E53E0__dset_c5_p5","/mnt/personal/TT_FINAL/DATASETS/datasets_masivos/Dataset_Termico_MasivoFIN1.mat","Monopolo","2ant",2,5,5
"/mnt/personal/TT_FINAL/DATASETS/datasets_masivos_por_metadata/Monopolo/2ant/Caso_6/Potencia_5W/modelo_Monopolo_2ant_src_000E53E0_dset_c6_p5.mat","/mnt/personal/TT_FINAL/DATASETS/datasets_masivos/Dataset_Termico_MasivoFIN1.mat","modelo_Monopolo_2ant__src_000E53E0","dset_c6_p5","modelo_Monopolo_2ant__src_000E53E0__dset_c6_p5","/mnt/personal/TT_FINAL/DATASETS/datasets_masivos/Dataset_Termico_MasivoFIN1.mat","Monopolo","2ant",2,6,5
"/mnt/personal/TT_FINAL/DATASETS/datasets_masivos_por_metadata/Monopolo/2ant/Caso_7/Potencia_10W/modelo_Monopolo_2ant_src_000E53E0_dset_c7_p10.mat","/mnt/personal/TT_FINAL/DATASETS/datasets_masivos/Dataset_Termico_MasivoFIN1.mat","modelo_Monopolo_2ant__src_000E53E0","dset_c7_p10","modelo_Monopolo_2ant__src_000E53E0__dset_c7_p10","/mnt/personal/TT_FINAL/DATASETS/datasets_masivos/Dataset_Termico_MasivoFIN1.mat","Monopolo","2ant",2,7,10
"/mnt/personal/TT_FINAL/DATASETS/datasets_masivos_por_metadata/Monopolo/2ant/Caso_7/Potencia_15W/modelo_Monopolo_2ant_src_000E53E0_dset_c7_p15.mat","/mnt/personal/TT_FINAL/DATASETS/datasets_masivos/Dataset_Termico_MasivoFIN1.mat","modelo_Monopolo_2ant__src_000E53E0","dset_c7_p15","modelo_Monopolo_2ant__src_000E53E0__dset_c7_p15","/mnt/personal/TT_FINAL/DATASETS/datasets_masivos/Dataset_Termico_MasivoFIN1.mat","Monopolo","2ant",2,7,15
"/mnt/personal/TT_FINAL/DATASETS/datasets_masivos_por_metadata/Monopolo/2ant/Caso_7/Potencia_20W/modelo_Monopolo_2ant_src_000E53E0_dset_c7_p20.mat","/mnt/personal/TT_FINAL/DATASETS/datasets_masivos/Dataset_Termico_MasivoFIN1.mat","modelo_Monopolo_2ant__src_000E53E0","dset_c7_p20","modelo_Monopolo_2ant__src_000E53E0__dset_c7_p20","/mnt/personal/TT_FINAL/DATASETS/datasets_masivos/Dataset_Termico_MasivoFIN1.mat","Monopolo","2ant",2,7,20
"/mnt/personal/TT_FINAL/DATASETS/datasets_masivos_por_metadata/Monopolo/2ant/Caso_7/Potencia_5W/modelo_Monopolo_2ant_src_000E53E0_dset_c7_p5.mat","/mnt/personal/TT_FINAL/DATASETS/datasets_masivos/Dataset_Termico_MasivoFIN1.mat","modelo_Monopolo_2ant__src_000E53E0","dset_c7_p5","modelo_Monopolo_2ant__src_000E53E0__dset_c7_p5","/mnt/personal/TT_FINAL/DATASETS/datasets_masivos/Dataset_Termico_MasivoFIN1.mat","Monopolo","2ant",2,7,5
"/mnt/personal/TT_FINAL/DATASETS/datasets_masivos_por_metadata/Monopolo/2ant/Caso_8/Potencia_5W/modelo_Monopolo_2ant_src_000E53E0_dset_c8_p5.mat","/mnt/personal/TT_FINAL/DATASETS/datasets_masivos/Dataset_Termico_MasivoFIN1.mat","modelo_Monopolo_2ant__src_000E53E0","dset_c8_p5","modelo_Monopolo_2ant__src_000E53E0__dset_c8_p5","/mnt/personal/TT_FINAL/DATASETS/datasets_masivos/Dataset_Termico_MasivoFIN1.mat","Monopolo","2ant",2,8,5
"/mnt/personal/TT_FINAL/DATASETS/datasets_masivos_por_metadata/Monopolo/3ant/Caso_1/Potencia_30W/modelo_Monopolo_3ant_dset_c1_p30.mat","/mnt/personal/TT_FINAL/DATASETS/datasets_masivos/Dataset_Termico_Masivo5.mat","modelo_Monopolo_3ant","dset_c1_p30","modelo_Monopolo_3ant__dset_c1_p30","/mnt/personal/TT_FINAL/DATASETS/datasets_masivos/Dataset_Termico_MasivoFIN1.mat|/mnt/personal/TT_FINAL/DATASETS/datasets_masivos/Dataset_Termico_Masivo.mat|/mnt/personal/TT_FINAL/DATASETS/datasets_masivos/Dataset_Termico_Masivo_completo30WCopia.mat|/mnt/personal/TT_FINAL/DATASETS/datasets_masivos/Dataset_Termico_Masivo5.mat","Monopolo","3ant",3,1,30
"/mnt/personal/TT_FINAL/DATASETS/datasets_masivos_por_metadata/Monopolo/3ant/Caso_2/Potencia_30W/modelo_Monopolo_3ant_dset_c2_p30.mat","/mnt/personal/TT_FINAL/DATASETS/datasets_masivos/Dataset_Termico_Masivo5.mat","modelo_Monopolo_3ant","dset_c2_p30","modelo_Monopolo_3ant__dset_c2_p30","/mnt/personal/TT_FINAL/DATASETS/datasets_masivos/Dataset_Termico_MasivoFIN1.mat|/mnt/personal/TT_FINAL/DATASETS/datasets_masivos/Dataset_Termico_Masivo.mat|/mnt/personal/TT_FINAL/DATASETS/datasets_masivos/Dataset_Termico_Masivo_completo30WCopia.mat|/mnt/personal/TT_FINAL/DATASETS/datasets_masivos/Dataset_Termico_Masivo5.mat","Monopolo","3ant",3,2,30
"/mnt/personal/TT_FINAL/DATASETS/datasets_masivos_por_metadata/Monopolo/3ant/Caso_3/Potencia_30W/modelo_Monopolo_3ant_dset_c3_p30.mat","/mnt/personal/TT_FINAL/DATASETS/datasets_masivos/Dataset_Termico_Masivo5.mat","modelo_Monopolo_3ant","dset_c3_p30","modelo_Monopolo_3ant__dset_c3_p30","/mnt/personal/TT_FINAL/DATASETS/datasets_masivos/Dataset_Termico_MasivoFIN1.mat|/mnt/personal/TT_FINAL/DATASETS/datasets_masivos/Dataset_Termico_Masivo.mat|/mnt/personal/TT_FINAL/DATASETS/datasets_masivos/Dataset_Termico_Masivo_completo30WCopia.mat|/mnt/personal/TT_FINAL/DATASETS/datasets_masivos/Dataset_Termico_Masivo5.mat","Monopolo","3ant",3,3,30
"/mnt/personal/TT_FINAL/DATASETS/datasets_masivos_por_metadata/Monopolo/3ant/Caso_4/Potencia_30W/modelo_Monopolo_3ant_dset_c4_p30.mat","/mnt/personal/TT_FINAL/DATASETS/datasets_masivos/Dataset_Termico_Masivo5.mat","modelo_Monopolo_3ant","dset_c4_p30","modelo_Monopolo_3ant__dset_c4_p30","/mnt/personal/TT_FINAL/DATASETS/datasets_masivos/Dataset_Termico_MasivoFIN1.mat|/mnt/personal/TT_FINAL/DATASETS/datasets_masivos/Dataset_Termico_Masivo.mat|/mnt/personal/TT_FINAL/DATASETS/datasets_masivos/Dataset_Termico_Masivo_completo30WCopia.mat|/mnt/personal/TT_FINAL/DATASETS/datasets_masivos/Dataset_Termico_Masivo5.mat","Monopolo","3ant",3,4,30
"/mnt/personal/TT_FINAL/DATASETS/datasets_masivos_por_metadata/Monopolo/3ant/Caso_5/Potencia_30W/modelo_Monopolo_3ant_dset_c5_p30.mat","/mnt/personal/TT_FINAL/DATASETS/datasets_masivos/Dataset_Termico_Masivo5.mat","modelo_Monopolo_3ant","dset_c5_p30","modelo_Monopolo_3ant__dset_c5_p30","/mnt/personal/TT_FINAL/DATASETS/datasets_masivos/Dataset_Termico_MasivoFIN1.mat|/mnt/personal/TT_FINAL/DATASETS/datasets_masivos/Dataset_Termico_Masivo.mat|/mnt/personal/TT_FINAL/DATASETS/datasets_masivos/Dataset_Termico_Masivo_completo30WCopia.mat|/mnt/personal/TT_FINAL/DATASETS/datasets_masivos/Dataset_Termico_Masivo5.mat","Monopolo","3ant",3,5,30
"/mnt/personal/TT_FINAL/DATASETS/datasets_masivos_por_metadata/Monopolo/3ant/Caso_6/Potencia_30W/modelo_Monopolo_3ant_dset_c6_p30.mat","/mnt/personal/TT_FINAL/DATASETS/datasets_masivos/Dataset_Termico_Masivo5.mat","modelo_Monopolo_3ant","dset_c6_p30","modelo_Monopolo_3ant__dset_c6_p30","/mnt/personal/TT_FINAL/DATASETS/datasets_masivos/Dataset_Termico_MasivoFIN1.mat|/mnt/personal/TT_FINAL/DATASETS/datasets_masivos/Dataset_Termico_Masivo.mat|/mnt/personal/TT_FINAL/DATASETS/datasets_masivos/Dataset_Termico_Masivo6.mat|/mnt/personal/TT_FINAL/DATASETS/datasets_masivos/Dataset_Termico_Masivo_completo30WCopia.mat|/mnt/personal/TT_FINAL/DATASETS/datasets_masivos/Dataset_Termico_Masivo5.mat","Monopolo","3ant",3,6,30
"/mnt/personal/TT_FINAL/DATASETS/datasets_masivos_por_metadata/Monopolo/3ant/Caso_7/Potencia_30W/modelo_Monopolo_3ant_dset_c7_p30.mat","/mnt/personal/TT_FINAL/DATASETS/datasets_masivos/Dataset_Termico_Masivo5.mat","modelo_Monopolo_3ant","dset_c7_p30","modelo_Monopolo_3ant__dset_c7_p30","/mnt/personal/TT_FINAL/DATASETS/datasets_masivos/Dataset_Termico_MasivoFIN1.mat|/mnt/personal/TT_FINAL/DATASETS/datasets_masivos/Dataset_Termico_Masivo.mat|/mnt/personal/TT_FINAL/DATASETS/datasets_masivos/Dataset_Termico_Masivo_completo30WCopia.mat|/mnt/personal/TT_FINAL/DATASETS/datasets_masivos/Dataset_Termico_Masivo5.mat","Monopolo","3ant",3,7,30
"/mnt/personal/TT_FINAL/DATASETS/datasets_masivos_por_metadata/Monopolo/3ant/Caso_8/Potencia_30W/modelo_Monopolo_3ant_dset_c8_p30.mat","/mnt/personal/TT_FINAL/DATASETS/datasets_masivos/Dataset_Termico_Masivo5.mat","modelo_Monopolo_3ant","dset_c8_p30","modelo_Monopolo_3ant__dset_c8_p30","/mnt/personal/TT_FINAL/DATASETS/datasets_masivos/Dataset_Termico_MasivoFIN1.mat|/mnt/personal/TT_FINAL/DATASETS/datasets_masivos/Dataset_Termico_Masivo.mat|/mnt/personal/TT_FINAL/DATASETS/datasets_masivos/Dataset_Termico_Masivo_completo30WCopia.mat|/mnt/personal/TT_FINAL/DATASETS/datasets_masivos/Dataset_Termico_Masivo5.mat","Monopolo","3ant",3,8,30
"/mnt/personal/TT_FINAL/DATASETS/datasets_masivos_por_metadata/Monopolo/3ant/Caso_3/Potencia_10W/modelo_Monopolo_3ant_src_000E4A4C_dset_c3_p10.mat","/mnt/personal/TT_FINAL/DATASETS/datasets_masivos/Dataset_Termico_MasivoFIN1.mat","modelo_Monopolo_3ant__src_000E4A4C","dset_c3_p10","modelo_Monopolo_3ant__src_000E4A4C__dset_c3_p10","/mnt/personal/TT_FINAL/DATASETS/datasets_masivos/Dataset_Termico_MasivoFIN1.mat","Monopolo","3ant",3,3,10
"/mnt/personal/TT_FINAL/DATASETS/datasets_masivos_por_metadata/Monopolo/3ant/Caso_3/Potencia_5W/modelo_Monopolo_3ant_src_000E4A4C_dset_c3_p5.mat","/mnt/personal/TT_FINAL/DATASETS/datasets_masivos/Dataset_Termico_MasivoFIN1.mat","modelo_Monopolo_3ant__src_000E4A4C","dset_c3_p5","modelo_Monopolo_3ant__src_000E4A4C__dset_c3_p5","/mnt/personal/TT_FINAL/DATASETS/datasets_masivos/Dataset_Termico_MasivoFIN1.mat","Monopolo","3ant",3,3,5
"/mnt/personal/TT_FINAL/DATASETS/datasets_masivos_por_metadata/Monopolo/3ant/Caso_0/Potencia_10W/modelo_Monopolo_3ant_src_000E4D55_dset_c0_p10.mat","/mnt/personal/TT_FINAL/DATASETS/datasets_masivos/Dataset_Termico_MasivoFIN1.mat","modelo_Monopolo_3ant__src_000E4D55","dset_c0_p10","modelo_Monopolo_3ant__src_000E4D55__dset_c0_p10","/mnt/personal/TT_FINAL/DATASETS/datasets_masivos/Dataset_Termico_MasivoFIN1.mat","Monopolo","3ant",3,0,10
"/mnt/personal/TT_FINAL/DATASETS/datasets_masivos_por_metadata/Monopolo/3ant/Caso_0/Potencia_15W/modelo_Monopolo_3ant_src_000E4D55_dset_c0_p15.mat","/mnt/personal/TT_FINAL/DATASETS/datasets_masivos/Dataset_Termico_MasivoFIN1.mat","modelo_Monopolo_3ant__src_000E4D55","dset_c0_p15","modelo_Monopolo_3ant__src_000E4D55__dset_c0_p15","/mnt/personal/TT_FINAL/DATASETS/datasets_masivos/Dataset_Termico_MasivoFIN1.mat","Monopolo","3ant",3,0,15
"/mnt/personal/TT_FINAL/DATASETS/datasets_masivos_por_metadata/Monopolo/3ant/Caso_0/Potencia_5W/modelo_Monopolo_3ant_src_000E4D55_dset_c0_p5.mat","/mnt/personal/TT_FINAL/DATASETS/datasets_masivos/Dataset_Termico_MasivoFIN1.mat","modelo_Monopolo_3ant__src_000E4D55","dset_c0_p5","modelo_Monopolo_3ant__src_000E4D55__dset_c0_p5","/mnt/personal/TT_FINAL/DATASETS/datasets_masivos/Dataset_Termico_MasivoFIN1.mat","Monopolo","3ant",3,0,5
"/mnt/personal/TT_FINAL/DATASETS/datasets_masivos_por_metadata/Monopolo/3ant/Caso_1/Potencia_10W/modelo_Monopolo_3ant_src_000E4D55_dset_c1_p10.mat","/mnt/personal/TT_FINAL/DATASETS/datasets_masivos/Dataset_Termico_MasivoFIN1.mat","modelo_Monopolo_3ant__src_000E4D55","dset_c1_p10","modelo_Monopolo_3ant__src_000E4D55__dset_c1_p10","/mnt/personal/TT_FINAL/DATASETS/datasets_masivos/Dataset_Termico_MasivoFIN1.mat","Monopolo","3ant",3,1,10
"/mnt/personal/TT_FINAL/DATASETS/datasets_masivos_por_metadata/Monopolo/3ant/Caso_1/Potencia_15W/modelo_Monopolo_3ant_src_000E4D55_dset_c1_p15.mat","/mnt/personal/TT_FINAL/DATASETS/datasets_masivos/Dataset_Termico_MasivoFIN1.mat","modelo_Monopolo_3ant__src_000E4D55","dset_c1_p15","modelo_Monopolo_3ant__src_000E4D55__dset_c1_p15","/mnt/personal/TT_FINAL/DATASETS/datasets_masivos/Dataset_Termico_MasivoFIN1.mat","Monopolo","3ant",3,1,15
"/mnt/personal/TT_FINAL/DATASETS/datasets_masivos_por_metadata/Monopolo/3ant/Caso_1/Potencia_5W/modelo_Monopolo_3ant_src_000E4D55_dset_c1_p5.mat","/mnt/personal/TT_FINAL/DATASETS/datasets_masivos/Dataset_Termico_MasivoFIN1.mat","modelo_Monopolo_3ant__src_000E4D55","dset_c1_p5","modelo_Monopolo_3ant__src_000E4D55__dset_c1_p5","/mnt/personal/TT_FINAL/DATASETS/datasets_masivos/Dataset_Termico_MasivoFIN1.mat","Monopolo","3ant",3,1,5
"/mnt/personal/TT_FINAL/DATASETS/datasets_masivos_por_metadata/Monopolo/3ant/Caso_3/Potencia_10W/modelo_Monopolo_3ant_src_000E4D55_dset_c3_p10.mat","/mnt/personal/TT_FINAL/DATASETS/datasets_masivos/Dataset_Termico_MasivoFIN1.mat","modelo_Monopolo_3ant__src_000E4D55","dset_c3_p10","modelo_Monopolo_3ant__src_000E4D55__dset_c3_p10","/mnt/personal/TT_FINAL/DATASETS/datasets_masivos/Dataset_Termico_MasivoFIN1.mat","Monopolo","3ant",3,3,10
"/mnt/personal/TT_FINAL/DATASETS/datasets_masivos_por_metadata/Monopolo/3ant/Caso_3/Potencia_5W/modelo_Monopolo_3ant_src_000E4D55_dset_c3_p5.mat","/mnt/personal/TT_FINAL/DATASETS/datasets_masivos/Dataset_Termico_MasivoFIN1.mat","modelo_Monopolo_3ant__src_000E4D55","dset_c3_p5","modelo_Monopolo_3ant__src_000E4D55__dset_c3_p5","/mnt/personal/TT_FINAL/DATASETS/datasets_masivos/Dataset_Termico_MasivoFIN1.mat","Monopolo","3ant",3,3,5
"/mnt/personal/TT_FINAL/DATASETS/datasets_masivos_por_metadata/Monopolo/3ant/Caso_5/Potencia_10W/modelo_Monopolo_3ant_src_000E5468_dset_c5_p10.mat","/mnt/personal/TT_FINAL/DATASETS/datasets_masivos/Dataset_Termico_MasivoFIN1.mat","modelo_Monopolo_3ant__src_000E5468","dset_c5_p10","modelo_Monopolo_3ant__src_000E5468__dset_c5_p10","/mnt/personal/TT_FINAL/DATASETS/datasets_masivos/Dataset_Termico_MasivoFIN1.mat","Monopolo","3ant",3,5,10
"/mnt/personal/TT_FINAL/DATASETS/datasets_masivos_por_metadata/Monopolo/3ant/Caso_5/Potencia_15W/modelo_Monopolo_3ant_src_000E5468_dset_c5_p15.mat","/mnt/personal/TT_FINAL/DATASETS/datasets_masivos/Dataset_Termico_MasivoFIN1.mat","modelo_Monopolo_3ant__src_000E5468","dset_c5_p15","modelo_Monopolo_3ant__src_000E5468__dset_c5_p15","/mnt/personal/TT_FINAL/DATASETS/datasets_masivos/Dataset_Termico_MasivoFIN1.mat","Monopolo","3ant",3,5,15
"/mnt/personal/TT_FINAL/DATASETS/datasets_masivos_por_metadata/Monopolo/3ant/Caso_5/Potencia_20W/modelo_Monopolo_3ant_src_000E5468_dset_c5_p20.mat","/mnt/personal/TT_FINAL/DATASETS/datasets_masivos/Dataset_Termico_MasivoFIN1.mat","modelo_Monopolo_3ant__src_000E5468","dset_c5_p20","modelo_Monopolo_3ant__src_000E5468__dset_c5_p20","/mnt/personal/TT_FINAL/DATASETS/datasets_masivos/Dataset_Termico_MasivoFIN1.mat","Monopolo","3ant",3,5,20
"/mnt/personal/TT_FINAL/DATASETS/datasets_masivos_por_metadata/Monopolo/3ant/Caso_5/Potencia_5W/modelo_Monopolo_3ant_src_000E5468_dset_c5_p5.mat","/mnt/personal/TT_FINAL/DATASETS/datasets_masivos/Dataset_Termico_MasivoFIN1.mat","modelo_Monopolo_3ant__src_000E5468","dset_c5_p5","modelo_Monopolo_3ant__src_000E5468__dset_c5_p5","/mnt/personal/TT_FINAL/DATASETS/datasets_masivos/Dataset_Termico_MasivoFIN1.mat","Monopolo","3ant",3,5,5
"/mnt/personal/TT_FINAL/DATASETS/datasets_masivos_por_metadata/Monopolo/3ant/Caso_6/Potencia_10W/modelo_Monopolo_3ant_src_000E5468_dset_c6_p10.mat","/mnt/personal/TT_FINAL/DATASETS/datasets_masivos/Dataset_Termico_MasivoFIN1.mat","modelo_Monopolo_3ant__src_000E5468","dset_c6_p10","modelo_Monopolo_3ant__src_000E5468__dset_c6_p10","/mnt/personal/TT_FINAL/DATASETS/datasets_masivos/Dataset_Termico_MasivoFIN1.mat","Monopolo","3ant",3,6,10
"/mnt/personal/TT_FINAL/DATASETS/datasets_masivos_por_metadata/Monopolo/3ant/Caso_6/Potencia_15W/modelo_Monopolo_3ant_src_000E5468_dset_c6_p15.mat","/mnt/personal/TT_FINAL/DATASETS/datasets_masivos/Dataset_Termico_MasivoFIN1.mat","modelo_Monopolo_3ant__src_000E5468","dset_c6_p15","modelo_Monopolo_3ant__src_000E5468__dset_c6_p15","/mnt/personal/TT_FINAL/DATASETS/datasets_masivos/Dataset_Termico_MasivoFIN1.mat","Monopolo","3ant",3,6,15
"/mnt/personal/TT_FINAL/DATASETS/datasets_masivos_por_metadata/Monopolo/3ant/Caso_6/Potencia_20W/modelo_Monopolo_3ant_src_000E5468_dset_c6_p20.mat","/mnt/personal/TT_FINAL/DATASETS/datasets_masivos/Dataset_Termico_MasivoFIN1.mat","modelo_Monopolo_3ant__src_000E5468","dset_c6_p20","modelo_Monopolo_3ant__src_000E5468__dset_c6_p20","/mnt/personal/TT_FINAL/DATASETS/datasets_masivos/Dataset_Termico_MasivoFIN1.mat","Monopolo","3ant",3,6,20
"/mnt/personal/TT_FINAL/DATASETS/datasets_masivos_por_metadata/Monopolo/3ant/Caso_6/Potencia_25W/modelo_Monopolo_3ant_src_000E5468_dset_c6_p25.mat","/mnt/personal/TT_FINAL/DATASETS/datasets_masivos/Dataset_Termico_MasivoFIN1.mat","modelo_Monopolo_3ant__src_000E5468","dset_c6_p25","modelo_Monopolo_3ant__src_000E5468__dset_c6_p25","/mnt/personal/TT_FINAL/DATASETS/datasets_masivos/Dataset_Termico_MasivoFIN1.mat","Monopolo","3ant",3,6,25
"/mnt/personal/TT_FINAL/DATASETS/datasets_masivos_por_metadata/Monopolo/3ant/Caso_6/Potencia_30W/modelo_Monopolo_3ant_src_000E5468_dset_c6_p30.mat","/mnt/personal/TT_FINAL/DATASETS/datasets_masivos/Dataset_Termico_MasivoFIN1.mat","modelo_Monopolo_3ant__src_000E5468","dset_c6_p30","modelo_Monopolo_3ant__src_000E5468__dset_c6_p30","/mnt/personal/TT_FINAL/DATASETS/datasets_masivos/Dataset_Termico_MasivoFIN1.mat","Monopolo","3ant",3,6,30
"/mnt/personal/TT_FINAL/DATASETS/datasets_masivos_por_metadata/Monopolo/3ant/Caso_6/Potencia_5W/modelo_Monopolo_3ant_src_000E5468_dset_c6_p5.mat","/mnt/personal/TT_FINAL/DATASETS/datasets_masivos/Dataset_Termico_MasivoFIN1.mat","modelo_Monopolo_3ant__src_000E5468","dset_c6_p5","modelo_Monopolo_3ant__src_000E5468__dset_c6_p5","/mnt/personal/TT_FINAL/DATASETS/datasets_masivos/Dataset_Termico_MasivoFIN1.mat","Monopolo","3ant",3,6,5
"/mnt/personal/TT_FINAL/DATASETS/datasets_masivos_por_metadata/Monopolo/3ant/Caso_7/Potencia_10W/modelo_Monopolo_3ant_src_000E5468_dset_c7_p10.mat","/mnt/personal/TT_FINAL/DATASETS/datasets_masivos/Dataset_Termico_MasivoFIN1.mat","modelo_Monopolo_3ant__src_000E5468","dset_c7_p10","modelo_Monopolo_3ant__src_000E5468__dset_c7_p10","/mnt/personal/TT_FINAL/DATASETS/datasets_masivos/Dataset_Termico_MasivoFIN1.mat","Monopolo","3ant",3,7,10
"/mnt/personal/TT_FINAL/DATASETS/datasets_masivos_por_metadata/Monopolo/3ant/Caso_7/Potencia_15W/modelo_Monopolo_3ant_src_000E5468_dset_c7_p15.mat","/mnt/personal/TT_FINAL/DATASETS/datasets_masivos/Dataset_Termico_MasivoFIN1.mat","modelo_Monopolo_3ant__src_000E5468","dset_c7_p15","modelo_Monopolo_3ant__src_000E5468__dset_c7_p15","/mnt/personal/TT_FINAL/DATASETS/datasets_masivos/Dataset_Termico_MasivoFIN1.mat","Monopolo","3ant",3,7,15
"/mnt/personal/TT_FINAL/DATASETS/datasets_masivos_por_metadata/Monopolo/3ant/Caso_7/Potencia_5W/modelo_Monopolo_3ant_src_000E5468_dset_c7_p5.mat","/mnt/personal/TT_FINAL/DATASETS/datasets_masivos/Dataset_Termico_MasivoFIN1.mat","modelo_Monopolo_3ant__src_000E5468","dset_c7_p5","modelo_Monopolo_3ant__src_000E5468__dset_c7_p5","/mnt/personal/TT_FINAL/DATASETS/datasets_masivos/Dataset_Termico_MasivoFIN1.mat","Monopolo","3ant",3,7,5
"/mnt/personal/TT_FINAL/DATASETS/datasets_masivos_por_metadata/Monopolo/4ant/Caso_1/Potencia_30W/modelo_Monopolo_4ant_dset_c1_p30.mat","/mnt/personal/TT_FINAL/DATASETS/datasets_masivos/Dataset_Termico_Masivo5.mat","modelo_Monopolo_4ant","dset_c1_p30","modelo_Monopolo_4ant__dset_c1_p30","/mnt/personal/TT_FINAL/DATASETS/datasets_masivos/Dataset_Termico_MasivoFIN1.mat|/mnt/personal/TT_FINAL/DATASETS/datasets_masivos/Dataset_Termico_Masivo.mat|/mnt/personal/TT_FINAL/DATASETS/datasets_masivos/Dataset_Termico_Masivo_completo30WCopia.mat|/mnt/personal/TT_FINAL/DATASETS/datasets_masivos/Dataset_Termico_Masivo5.mat","Monopolo","4ant",4,1,30
"/mnt/personal/TT_FINAL/DATASETS/datasets_masivos_por_metadata/Monopolo/4ant/Caso_2/Potencia_30W/modelo_Monopolo_4ant_dset_c2_p30.mat","/mnt/personal/TT_FINAL/DATASETS/datasets_masivos/Dataset_Termico_Masivo5.mat","modelo_Monopolo_4ant","dset_c2_p30","modelo_Monopolo_4ant__dset_c2_p30","/mnt/personal/TT_FINAL/DATASETS/datasets_masivos/Dataset_Termico_MasivoFIN1.mat|/mnt/personal/TT_FINAL/DATASETS/datasets_masivos/Dataset_Termico_Masivo.mat|/mnt/personal/TT_FINAL/DATASETS/datasets_masivos/Dataset_Termico_Masivo_completo30WCopia.mat|/mnt/personal/TT_FINAL/DATASETS/datasets_masivos/Dataset_Termico_Masivo5.mat","Monopolo","4ant",4,2,30
"/mnt/personal/TT_FINAL/DATASETS/datasets_masivos_por_metadata/Monopolo/4ant/Caso_3/Potencia_30W/modelo_Monopolo_4ant_dset_c3_p30.mat","/mnt/personal/TT_FINAL/DATASETS/datasets_masivos/Dataset_Termico_Masivo5.mat","modelo_Monopolo_4ant","dset_c3_p30","modelo_Monopolo_4ant__dset_c3_p30","/mnt/personal/TT_FINAL/DATASETS/datasets_masivos/Dataset_Termico_MasivoFIN1.mat|/mnt/personal/TT_FINAL/DATASETS/datasets_masivos/Dataset_Termico_Masivo.mat|/mnt/personal/TT_FINAL/DATASETS/datasets_masivos/Dataset_Termico_Masivo_completo30WCopia.mat|/mnt/personal/TT_FINAL/DATASETS/datasets_masivos/Dataset_Termico_Masivo5.mat","Monopolo","4ant",4,3,30
"/mnt/personal/TT_FINAL/DATASETS/datasets_masivos_por_metadata/Monopolo/4ant/Caso_4/Potencia_30W/modelo_Monopolo_4ant_dset_c4_p30.mat","/mnt/personal/TT_FINAL/DATASETS/datasets_masivos/Dataset_Termico_Masivo5.mat","modelo_Monopolo_4ant","dset_c4_p30","modelo_Monopolo_4ant__dset_c4_p30","/mnt/personal/TT_FINAL/DATASETS/datasets_masivos/Dataset_Termico_MasivoFIN1.mat|/mnt/personal/TT_FINAL/DATASETS/datasets_masivos/Dataset_Termico_Masivo.mat|/mnt/personal/TT_FINAL/DATASETS/datasets_masivos/Dataset_Termico_Masivo_completo30WCopia.mat|/mnt/personal/TT_FINAL/DATASETS/datasets_masivos/Dataset_Termico_Masivo5.mat","Monopolo","4ant",4,4,30
"/mnt/personal/TT_FINAL/DATASETS/datasets_masivos_por_metadata/Monopolo/4ant/Caso_5/Potencia_30W/modelo_Monopolo_4ant_dset_c5_p30.mat","/mnt/personal/TT_FINAL/DATASETS/datasets_masivos/Dataset_Termico_Masivo5.mat","modelo_Monopolo_4ant","dset_c5_p30","modelo_Monopolo_4ant__dset_c5_p30","/mnt/personal/TT_FINAL/DATASETS/datasets_masivos/Dataset_Termico_MasivoFIN1.mat|/mnt/personal/TT_FINAL/DATASETS/datasets_masivos/Dataset_Termico_Masivo.mat|/mnt/personal/TT_FINAL/DATASETS/datasets_masivos/Dataset_Termico_Masivo_completo30WCopia.mat|/mnt/personal/TT_FINAL/DATASETS/datasets_masivos/Dataset_Termico_Masivo5.mat","Monopolo","4ant",4,5,30
"/mnt/personal/TT_FINAL/DATASETS/datasets_masivos_por_metadata/Monopolo/4ant/Caso_6/Potencia_30W/modelo_Monopolo_4ant_dset_c6_p30.mat","/mnt/personal/TT_FINAL/DATASETS/datasets_masivos/Dataset_Termico_Masivo5.mat","modelo_Monopolo_4ant","dset_c6_p30","modelo_Monopolo_4ant__dset_c6_p30","/mnt/personal/TT_FINAL/DATASETS/datasets_masivos/Dataset_Termico_MasivoFIN1.mat|/mnt/personal/TT_FINAL/DATASETS/datasets_masivos/Dataset_Termico_Masivo.mat|/mnt/personal/TT_FINAL/DATASETS/datasets_masivos/Dataset_Termico_Masivo_completo30WCopia.mat|/mnt/personal/TT_FINAL/DATASETS/datasets_masivos/Dataset_Termico_Masivo5.mat","Monopolo","4ant",4,6,30
"/mnt/personal/TT_FINAL/DATASETS/datasets_masivos_por_metadata/Monopolo/4ant/Caso_7/Potencia_30W/modelo_Monopolo_4ant_dset_c7_p30.mat","/mnt/personal/TT_FINAL/DATASETS/datasets_masivos/Dataset_Termico_Masivo5.mat","modelo_Monopolo_4ant","dset_c7_p30","modelo_Monopolo_4ant__dset_c7_p30","/mnt/personal/TT_FINAL/DATASETS/datasets_masivos/Dataset_Termico_MasivoFIN1.mat|/mnt/personal/TT_FINAL/DATASETS/datasets_masivos/Dataset_Termico_Masivo.mat|/mnt/personal/TT_FINAL/DATASETS/datasets_masivos/Dataset_Termico_Masivo_completo30WCopia.mat|/mnt/personal/TT_FINAL/DATASETS/datasets_masivos/Dataset_Termico_Masivo5.mat","Monopolo","4ant",4,7,30
"/mnt/personal/TT_FINAL/DATASETS/datasets_masivos_por_metadata/Monopolo/4ant/Caso_8/Potencia_30W/modelo_Monopolo_4ant_dset_c8_p30.mat","/mnt/personal/TT_FINAL/DATASETS/datasets_masivos/Dataset_Termico_Masivo5.mat","modelo_Monopolo_4ant","dset_c8_p30","modelo_Monopolo_4ant__dset_c8_p30","/mnt/personal/TT_FINAL/DATASETS/datasets_masivos/Dataset_Termico_MasivoFIN1.mat|/mnt/personal/TT_FINAL/DATASETS/datasets_masivos/Dataset_Termico_Masivo.mat|/mnt/personal/TT_FINAL/DATASETS/datasets_masivos/Dataset_Termico_Masivo_completo30WCopia.mat|/mnt/personal/TT_FINAL/DATASETS/datasets_masivos/Dataset_Termico_Masivo5.mat","Monopolo","4ant",4,8,30
"/mnt/personal/TT_FINAL/DATASETS/datasets_masivos_por_metadata/Monopolo/4ant/Caso_3/Potencia_10W/modelo_Monopolo_4ant_src_000E4AD4_dset_c3_p10.mat","/mnt/personal/TT_FINAL/DATASETS/datasets_masivos/Dataset_Termico_MasivoFIN1.mat","modelo_Monopolo_4ant__src_000E4AD4","dset_c3_p10","modelo_Monopolo_4ant__src_000E4AD4__dset_c3_p10","/mnt/personal/TT_FINAL/DATASETS/datasets_masivos/Dataset_Termico_MasivoFIN1.mat","Monopolo","4ant",4,3,10
"/mnt/personal/TT_FINAL/DATASETS/datasets_masivos_por_metadata/Monopolo/4ant/Caso_3/Potencia_5W/modelo_Monopolo_4ant_src_000E4AD4_dset_c3_p5.mat","/mnt/personal/TT_FINAL/DATASETS/datasets_masivos/Dataset_Termico_MasivoFIN1.mat","modelo_Monopolo_4ant__src_000E4AD4","dset_c3_p5","modelo_Monopolo_4ant__src_000E4AD4__dset_c3_p5","/mnt/personal/TT_FINAL/DATASETS/datasets_masivos/Dataset_Termico_MasivoFIN1.mat","Monopolo","4ant",4,3,5
"/mnt/personal/TT_FINAL/DATASETS/datasets_masivos_por_metadata/Monopolo/4ant/Caso_0/Potencia_10W/modelo_Monopolo_4ant_src_000E4DDD_dset_c0_p10.mat","/mnt/personal/TT_FINAL/DATASETS/datasets_masivos/Dataset_Termico_MasivoFIN1.mat","modelo_Monopolo_4ant__src_000E4DDD","dset_c0_p10","modelo_Monopolo_4ant__src_000E4DDD__dset_c0_p10","/mnt/personal/TT_FINAL/DATASETS/datasets_masivos/Dataset_Termico_MasivoFIN1.mat","Monopolo","4ant",4,0,10
"/mnt/personal/TT_FINAL/DATASETS/datasets_masivos_por_metadata/Monopolo/4ant/Caso_0/Potencia_15W/modelo_Monopolo_4ant_src_000E4DDD_dset_c0_p15.mat","/mnt/personal/TT_FINAL/DATASETS/datasets_masivos/Dataset_Termico_MasivoFIN1.mat","modelo_Monopolo_4ant__src_000E4DDD","dset_c0_p15","modelo_Monopolo_4ant__src_000E4DDD__dset_c0_p15","/mnt/personal/TT_FINAL/DATASETS/datasets_masivos/Dataset_Termico_MasivoFIN1.mat","Monopolo","4ant",4,0,15
"/mnt/personal/TT_FINAL/DATASETS/datasets_masivos_por_metadata/Monopolo/4ant/Caso_0/Potencia_5W/modelo_Monopolo_4ant_src_000E4DDD_dset_c0_p5.mat","/mnt/personal/TT_FINAL/DATASETS/datasets_masivos/Dataset_Termico_MasivoFIN1.mat","modelo_Monopolo_4ant__src_000E4DDD","dset_c0_p5","modelo_Monopolo_4ant__src_000E4DDD__dset_c0_p5","/mnt/personal/TT_FINAL/DATASETS/datasets_masivos/Dataset_Termico_MasivoFIN1.mat","Monopolo","4ant",4,0,5
"/mnt/personal/TT_FINAL/DATASETS/datasets_masivos_por_metadata/Monopolo/4ant/Caso_1/Potencia_10W/modelo_Monopolo_4ant_src_000E4DDD_dset_c1_p10.mat","/mnt/personal/TT_FINAL/DATASETS/datasets_masivos/Dataset_Termico_MasivoFIN1.mat","modelo_Monopolo_4ant__src_000E4DDD","dset_c1_p10","modelo_Monopolo_4ant__src_000E4DDD__dset_c1_p10","/mnt/personal/TT_FINAL/DATASETS/datasets_masivos/Dataset_Termico_MasivoFIN1.mat","Monopolo","4ant",4,1,10
"/mnt/personal/TT_FINAL/DATASETS/datasets_masivos_por_metadata/Monopolo/4ant/Caso_1/Potencia_15W/modelo_Monopolo_4ant_src_000E4DDD_dset_c1_p15.mat","/mnt/personal/TT_FINAL/DATASETS/datasets_masivos/Dataset_Termico_MasivoFIN1.mat","modelo_Monopolo_4ant__src_000E4DDD","dset_c1_p15","modelo_Monopolo_4ant__src_000E4DDD__dset_c1_p15","/mnt/personal/TT_FINAL/DATASETS/datasets_masivos/Dataset_Termico_MasivoFIN1.mat","Monopolo","4ant",4,1,15
"/mnt/personal/TT_FINAL/DATASETS/datasets_masivos_por_metadata/Monopolo/4ant/Caso_1/Potencia_20W/modelo_Monopolo_4ant_src_000E4DDD_dset_c1_p20.mat","/mnt/personal/TT_FINAL/DATASETS/datasets_masivos/Dataset_Termico_MasivoFIN1.mat","modelo_Monopolo_4ant__src_000E4DDD","dset_c1_p20","modelo_Monopolo_4ant__src_000E4DDD__dset_c1_p20","/mnt/personal/TT_FINAL/DATASETS/datasets_masivos/Dataset_Termico_MasivoFIN1.mat","Monopolo","4ant",4,1,20
"/mnt/personal/TT_FINAL/DATASETS/datasets_masivos_por_metadata/Monopolo/4ant/Caso_1/Potencia_5W/modelo_Monopolo_4ant_src_000E4DDD_dset_c1_p5.mat","/mnt/personal/TT_FINAL/DATASETS/datasets_masivos/Dataset_Termico_MasivoFIN1.mat","modelo_Monopolo_4ant__src_000E4DDD","dset_c1_p5","modelo_Monopolo_4ant__src_000E4DDD__dset_c1_p5","/mnt/personal/TT_FINAL/DATASETS/datasets_masivos/Dataset_Termico_MasivoFIN1.mat","Monopolo","4ant",4,1,5
"/mnt/personal/TT_FINAL/DATASETS/datasets_masivos_por_metadata/Monopolo/4ant/Caso_3/Potencia_10W/modelo_Monopolo_4ant_src_000E4DDD_dset_c3_p10.mat","/mnt/personal/TT_FINAL/DATASETS/datasets_masivos/Dataset_Termico_MasivoFIN1.mat","modelo_Monopolo_4ant__src_000E4DDD","dset_c3_p10","modelo_Monopolo_4ant__src_000E4DDD__dset_c3_p10","/mnt/personal/TT_FINAL/DATASETS/datasets_masivos/Dataset_Termico_MasivoFIN1.mat","Monopolo","4ant",4,3,10
"/mnt/personal/TT_FINAL/DATASETS/datasets_masivos_por_metadata/Monopolo/4ant/Caso_3/Potencia_5W/modelo_Monopolo_4ant_src_000E4DDD_dset_c3_p5.mat","/mnt/personal/TT_FINAL/DATASETS/datasets_masivos/Dataset_Termico_MasivoFIN1.mat","modelo_Monopolo_4ant__src_000E4DDD","dset_c3_p5","modelo_Monopolo_4ant__src_000E4DDD__dset_c3_p5","/mnt/personal/TT_FINAL/DATASETS/datasets_masivos/Dataset_Termico_MasivoFIN1.mat","Monopolo","4ant",4,3,5
"/mnt/personal/TT_FINAL/DATASETS/datasets_masivos_por_metadata/Monopolo/4ant/Caso_5/Potencia_10W/modelo_Monopolo_4ant_src_000E54F0_dset_c5_p10.mat","/mnt/personal/TT_FINAL/DATASETS/datasets_masivos/Dataset_Termico_MasivoFIN1.mat","modelo_Monopolo_4ant__src_000E54F0","dset_c5_p10","modelo_Monopolo_4ant__src_000E54F0__dset_c5_p10","/mnt/personal/TT_FINAL/DATASETS/datasets_masivos/Dataset_Termico_MasivoFIN1.mat","Monopolo","4ant",4,5,10
"/mnt/personal/TT_FINAL/DATASETS/datasets_masivos_por_metadata/Monopolo/4ant/Caso_5/Potencia_15W/modelo_Monopolo_4ant_src_000E54F0_dset_c5_p15.mat","/mnt/personal/TT_FINAL/DATASETS/datasets_masivos/Dataset_Termico_MasivoFIN1.mat","modelo_Monopolo_4ant__src_000E54F0","dset_c5_p15","modelo_Monopolo_4ant__src_000E54F0__dset_c5_p15","/mnt/personal/TT_FINAL/DATASETS/datasets_masivos/Dataset_Termico_MasivoFIN1.mat","Monopolo","4ant",4,5,15
"/mnt/personal/TT_FINAL/DATASETS/datasets_masivos_por_metadata/Monopolo/4ant/Caso_5/Potencia_20W/modelo_Monopolo_4ant_src_000E54F0_dset_c5_p20.mat","/mnt/personal/TT_FINAL/DATASETS/datasets_masivos/Dataset_Termico_MasivoFIN1.mat","modelo_Monopolo_4ant__src_000E54F0","dset_c5_p20","modelo_Monopolo_4ant__src_000E54F0__dset_c5_p20","/mnt/personal/TT_FINAL/DATASETS/datasets_masivos/Dataset_Termico_MasivoFIN1.mat","Monopolo","4ant",4,5,20
"/mnt/personal/TT_FINAL/DATASETS/datasets_masivos_por_metadata/Monopolo/4ant/Caso_5/Potencia_5W/modelo_Monopolo_4ant_src_000E54F0_dset_c5_p5.mat","/mnt/personal/TT_FINAL/DATASETS/datasets_masivos/Dataset_Termico_MasivoFIN1.mat","modelo_Monopolo_4ant__src_000E54F0","dset_c5_p5","modelo_Monopolo_4ant__src_000E54F0__dset_c5_p5","/mnt/personal/TT_FINAL/DATASETS/datasets_masivos/Dataset_Termico_MasivoFIN1.mat","Monopolo","4ant",4,5,5
"/mnt/personal/TT_FINAL/DATASETS/datasets_masivos_por_metadata/Monopolo/4ant/Caso_6/Potencia_10W/modelo_Monopolo_4ant_src_000E54F0_dset_c6_p10.mat","/mnt/personal/TT_FINAL/DATASETS/datasets_masivos/Dataset_Termico_MasivoFIN1.mat","modelo_Monopolo_4ant__src_000E54F0","dset_c6_p10","modelo_Monopolo_4ant__src_000E54F0__dset_c6_p10","/mnt/personal/TT_FINAL/DATASETS/datasets_masivos/Dataset_Termico_MasivoFIN1.mat","Monopolo","4ant",4,6,10
"/mnt/personal/TT_FINAL/DATASETS/datasets_masivos_por_metadata/Monopolo/4ant/Caso_6/Potencia_15W/modelo_Monopolo_4ant_src_000E54F0_dset_c6_p15.mat","/mnt/personal/TT_FINAL/DATASETS/datasets_masivos/Dataset_Termico_MasivoFIN1.mat","modelo_Monopolo_4ant__src_000E54F0","dset_c6_p15","modelo_Monopolo_4ant__src_000E54F0__dset_c6_p15","/mnt/personal/TT_FINAL/DATASETS/datasets_masivos/Dataset_Termico_MasivoFIN1.mat","Monopolo","4ant",4,6,15
"/mnt/personal/TT_FINAL/DATASETS/datasets_masivos_por_metadata/Monopolo/4ant/Caso_6/Potencia_20W/modelo_Monopolo_4ant_src_000E54F0_dset_c6_p20.mat","/mnt/personal/TT_FINAL/DATASETS/datasets_masivos/Dataset_Termico_MasivoFIN1.mat","modelo_Monopolo_4ant__src_000E54F0","dset_c6_p20","modelo_Monopolo_4ant__src_000E54F0__dset_c6_p20","/mnt/personal/TT_FINAL/DATASETS/datasets_masivos/Dataset_Termico_MasivoFIN1.mat","Monopolo","4ant",4,6,20
"/mnt/personal/TT_FINAL/DATASETS/datasets_masivos_por_metadata/Monopolo/4ant/Caso_6/Potencia_25W/modelo_Monopolo_4ant_src_000E54F0_dset_c6_p25.mat","/mnt/personal/TT_FINAL/DATASETS/datasets_masivos/Dataset_Termico_MasivoFIN1.mat","modelo_Monopolo_4ant__src_000E54F0","dset_c6_p25","modelo_Monopolo_4ant__src_000E54F0__dset_c6_p25","/mnt/personal/TT_FINAL/DATASETS/datasets_masivos/Dataset_Termico_MasivoFIN1.mat","Monopolo","4ant",4,6,25
"/mnt/personal/TT_FINAL/DATASETS/datasets_masivos_por_metadata/Monopolo/4ant/Caso_6/Potencia_5W/modelo_Monopolo_4ant_src_000E54F0_dset_c6_p5.mat","/mnt/personal/TT_FINAL/DATASETS/datasets_masivos/Dataset_Termico_MasivoFIN1.mat","modelo_Monopolo_4ant__src_000E54F0","dset_c6_p5","modelo_Monopolo_4ant__src_000E54F0__dset_c6_p5","/mnt/personal/TT_FINAL/DATASETS/datasets_masivos/Dataset_Termico_MasivoFIN1.mat","Monopolo","4ant",4,6,5
"/mnt/personal/TT_FINAL/DATASETS/datasets_masivos_por_metadata/Monopolo/4ant/Caso_7/Potencia_10W/modelo_Monopolo_4ant_src_000E54F0_dset_c7_p10.mat","/mnt/personal/TT_FINAL/DATASETS/datasets_masivos/Dataset_Termico_MasivoFIN1.mat","modelo_Monopolo_4ant__src_000E54F0","dset_c7_p10","modelo_Monopolo_4ant__src_000E54F0__dset_c7_p10","/mnt/personal/TT_FINAL/DATASETS/datasets_masivos/Dataset_Termico_MasivoFIN1.mat","Monopolo","4ant",4,7,10
"/mnt/personal/TT_FINAL/DATASETS/datasets_masivos_por_metadata/Monopolo/4ant/Caso_7/Potencia_15W/modelo_Monopolo_4ant_src_000E54F0_dset_c7_p15.mat","/mnt/personal/TT_FINAL/DATASETS/datasets_masivos/Dataset_Termico_MasivoFIN1.mat","modelo_Monopolo_4ant__src_000E54F0","dset_c7_p15","modelo_Monopolo_4ant__src_000E54F0__dset_c7_p15","/mnt/personal/TT_FINAL/DATASETS/datasets_masivos/Dataset_Termico_MasivoFIN1.mat","Monopolo","4ant",4,7,15
"/mnt/personal/TT_FINAL/DATASETS/datasets_masivos_por_metadata/Monopolo/4ant/Caso_7/Potencia_5W/modelo_Monopolo_4ant_src_000E54F0_dset_c7_p5.mat","/mnt/personal/TT_FINAL/DATASETS/datasets_masivos/Dataset_Termico_MasivoFIN1.mat","modelo_Monopolo_4ant__src_000E54F0","dset_c7_p5","modelo_Monopolo_4ant__src_000E54F0__dset_c7_p5","/mnt/personal/TT_FINAL/DATASETS/datasets_masivos/Dataset_Termico_MasivoFIN1.mat","Monopolo","4ant",4,7,5
"/mnt/personal/TT_FINAL/DATASETS/datasets_masivos_por_metadata/Un_slot/1ant/Caso_3/Potencia_10W/modelo_Un_slot_1ant_dset_c3_p10.mat","/mnt/personal/TT_FINAL/DATASETS/datasets_masivos/Dataset_Termico_Masivo2.mat","modelo_Un_slot_1ant","dset_c3_p10","modelo_Un_slot_1ant__dset_c3_p10","/mnt/personal/TT_FINAL/DATASETS/datasets_masivos/Dataset_Termico_MasivoFIN1.mat|/mnt/personal/TT_FINAL/DATASETS/datasets_masivos/Dataset_Termico_Masivo.mat|/mnt/personal/TT_FINAL/DATASETS/datasets_masivos/Dataset_Termico_Masivo4.mat|/mnt/personal/TT_FINAL/DATASETS/datasets_masivos/Dataset_Termico_Masivo2.mat","Un_slot","1ant",1,3,10
"/mnt/personal/TT_FINAL/DATASETS/datasets_masivos_por_metadata/Un_slot/1ant/Caso_3/Potencia_5W/modelo_Un_slot_1ant_dset_c3_p5.mat","/mnt/personal/TT_FINAL/DATASETS/datasets_masivos/Dataset_Termico_Masivo2.mat","modelo_Un_slot_1ant","dset_c3_p5","modelo_Un_slot_1ant__dset_c3_p5","/mnt/personal/TT_FINAL/DATASETS/datasets_masivos/Dataset_Termico_MasivoFIN1.mat|/mnt/personal/TT_FINAL/DATASETS/datasets_masivos/Dataset_Termico_Masivo.mat|/mnt/personal/TT_FINAL/DATASETS/datasets_masivos/Dataset_Termico_Masivo4.mat|/mnt/personal/TT_FINAL/DATASETS/datasets_masivos/Dataset_Termico_Masivo2.mat","Un_slot","1ant",1,3,5
"/mnt/personal/TT_FINAL/DATASETS/datasets_masivos_por_metadata/Un_slot/1ant/Caso_0/Potencia_10W/modelo_Un_slot_1ant_src_000E1065_dset_c0_p10.mat","/mnt/personal/TT_FINAL/DATASETS/datasets_masivos/Dataset_Termico_MasivoFIN1.mat","modelo_Un_slot_1ant__src_000E1065","dset_c0_p10","modelo_Un_slot_1ant__src_000E1065__dset_c0_p10","/mnt/personal/TT_FINAL/DATASETS/datasets_masivos/Dataset_Termico_MasivoFIN1.mat","Un_slot","1ant",1,0,10
"/mnt/personal/TT_FINAL/DATASETS/datasets_masivos_por_metadata/Un_slot/1ant/Caso_0/Potencia_5W/modelo_Un_slot_1ant_src_000E1065_dset_c0_p5.mat","/mnt/personal/TT_FINAL/DATASETS/datasets_masivos/Dataset_Termico_MasivoFIN1.mat","modelo_Un_slot_1ant__src_000E1065","dset_c0_p5","modelo_Un_slot_1ant__src_000E1065__dset_c0_p5","/mnt/personal/TT_FINAL/DATASETS/datasets_masivos/Dataset_Termico_MasivoFIN1.mat","Un_slot","1ant",1,0,5
"/mnt/personal/TT_FINAL/DATASETS/datasets_masivos_por_metadata/Un_slot/1ant/Caso_3/Potencia_10W/modelo_Un_slot_1ant_src_000E1065_dset_c3_p10.mat","/mnt/personal/TT_FINAL/DATASETS/datasets_masivos/Dataset_Termico_MasivoFIN1.mat","modelo_Un_slot_1ant__src_000E1065","dset_c3_p10","modelo_Un_slot_1ant__src_000E1065__dset_c3_p10","/mnt/personal/TT_FINAL/DATASETS/datasets_masivos/Dataset_Termico_MasivoFIN1.mat","Un_slot","1ant",1,3,10
"/mnt/personal/TT_FINAL/DATASETS/datasets_masivos_por_metadata/Un_slot/1ant/Caso_3/Potencia_5W/modelo_Un_slot_1ant_src_000E1065_dset_c3_p5.mat","/mnt/personal/TT_FINAL/DATASETS/datasets_masivos/Dataset_Termico_MasivoFIN1.mat","modelo_Un_slot_1ant__src_000E1065","dset_c3_p5","modelo_Un_slot_1ant__src_000E1065__dset_c3_p5","/mnt/personal/TT_FINAL/DATASETS/datasets_masivos/Dataset_Termico_MasivoFIN1.mat","Un_slot","1ant",1,3,5
"/mnt/personal/TT_FINAL/DATASETS/datasets_masivos_por_metadata/Un_slot/1ant/Caso_0/Potencia_10W/modelo_Un_slot_1ant_src_000E128C_dset_c0_p10.mat","/mnt/personal/TT_FINAL/DATASETS/datasets_masivos/Dataset_Termico_MasivoFIN1.mat","modelo_Un_slot_1ant__src_000E128C","dset_c0_p10","modelo_Un_slot_1ant__src_000E128C__dset_c0_p10","/mnt/personal/TT_FINAL/DATASETS/datasets_masivos/Dataset_Termico_MasivoFIN1.mat","Un_slot","1ant",1,0,10
"/mnt/personal/TT_FINAL/DATASETS/datasets_masivos_por_metadata/Un_slot/1ant/Caso_0/Potencia_5W/modelo_Un_slot_1ant_src_000E128C_dset_c0_p5.mat","/mnt/personal/TT_FINAL/DATASETS/datasets_masivos/Dataset_Termico_MasivoFIN1.mat","modelo_Un_slot_1ant__src_000E128C","dset_c0_p5","modelo_Un_slot_1ant__src_000E128C__dset_c0_p5","/mnt/personal/TT_FINAL/DATASETS/datasets_masivos/Dataset_Termico_MasivoFIN1.mat","Un_slot","1ant",1,0,5
"/mnt/personal/TT_FINAL/DATASETS/datasets_masivos_por_metadata/Un_slot/1ant/Caso_3/Potencia_10W/modelo_Un_slot_1ant_src_000E128C_dset_c3_p10.mat","/mnt/personal/TT_FINAL/DATASETS/datasets_masivos/Dataset_Termico_MasivoFIN1.mat","modelo_Un_slot_1ant__src_000E128C","dset_c3_p10","modelo_Un_slot_1ant__src_000E128C__dset_c3_p10","/mnt/personal/TT_FINAL/DATASETS/datasets_masivos/Dataset_Termico_MasivoFIN1.mat","Un_slot","1ant",1,3,10
"/mnt/personal/TT_FINAL/DATASETS/datasets_masivos_por_metadata/Un_slot/1ant/Caso_3/Potencia_5W/modelo_Un_slot_1ant_src_000E128C_dset_c3_p5.mat","/mnt/personal/TT_FINAL/DATASETS/datasets_masivos/Dataset_Termico_MasivoFIN1.mat","modelo_Un_slot_1ant__src_000E128C","dset_c3_p5","modelo_Un_slot_1ant__src_000E128C__dset_c3_p5","/mnt/personal/TT_FINAL/DATASETS/datasets_masivos/Dataset_Termico_MasivoFIN1.mat","Un_slot","1ant",1,3,5
"/mnt/personal/TT_FINAL/DATASETS/datasets_masivos_por_metadata/Un_slot/1ant/Caso_5/Potencia_10W/modelo_Un_slot_1ant_src_000E1778_dset_c5_p10.mat","/mnt/personal/TT_FINAL/DATASETS/datasets_masivos/Dataset_Termico_MasivoFIN1.mat","modelo_Un_slot_1ant__src_000E1778","dset_c5_p10","modelo_Un_slot_1ant__src_000E1778__dset_c5_p10","/mnt/personal/TT_FINAL/DATASETS/datasets_masivos/Dataset_Termico_MasivoFIN1.mat","Un_slot","1ant",1,5,10
"/mnt/personal/TT_FINAL/DATASETS/datasets_masivos_por_metadata/Un_slot/1ant/Caso_5/Potencia_15W/modelo_Un_slot_1ant_src_000E1778_dset_c5_p15.mat","/mnt/personal/TT_FINAL/DATASETS/datasets_masivos/Dataset_Termico_MasivoFIN1.mat","modelo_Un_slot_1ant__src_000E1778","dset_c5_p15","modelo_Un_slot_1ant__src_000E1778__dset_c5_p15","/mnt/personal/TT_FINAL/DATASETS/datasets_masivos/Dataset_Termico_MasivoFIN1.mat","Un_slot","1ant",1,5,15
"/mnt/personal/TT_FINAL/DATASETS/datasets_masivos_por_metadata/Un_slot/1ant/Caso_5/Potencia_5W/modelo_Un_slot_1ant_src_000E1778_dset_c5_p5.mat","/mnt/personal/TT_FINAL/DATASETS/datasets_masivos/Dataset_Termico_MasivoFIN1.mat","modelo_Un_slot_1ant__src_000E1778","dset_c5_p5","modelo_Un_slot_1ant__src_000E1778__dset_c5_p5","/mnt/personal/TT_FINAL/DATASETS/datasets_masivos/Dataset_Termico_MasivoFIN1.mat","Un_slot","1ant",1,5,5
"/mnt/personal/TT_FINAL/DATASETS/datasets_masivos_por_metadata/Un_slot/1ant/Caso_6/Potencia_5W/modelo_Un_slot_1ant_src_000E1778_dset_c6_p5.mat","/mnt/personal/TT_FINAL/DATASETS/datasets_masivos/Dataset_Termico_MasivoFIN1.mat","modelo_Un_slot_1ant__src_000E1778","dset_c6_p5","modelo_Un_slot_1ant__src_000E1778__dset_c6_p5","/mnt/personal/TT_FINAL/DATASETS/datasets_masivos/Dataset_Termico_MasivoFIN1.mat","Un_slot","1ant",1,6,5
"/mnt/personal/TT_FINAL/DATASETS/datasets_masivos_por_metadata/Un_slot/1ant/Caso_7/Potencia_10W/modelo_Un_slot_1ant_src_000E1778_dset_c7_p10.mat","/mnt/personal/TT_FINAL/DATASETS/datasets_masivos/Dataset_Termico_MasivoFIN1.mat","modelo_Un_slot_1ant__src_000E1778","dset_c7_p10","modelo_Un_slot_1ant__src_000E1778__dset_c7_p10","/mnt/personal/TT_FINAL/DATASETS/datasets_masivos/Dataset_Termico_MasivoFIN1.mat","Un_slot","1ant",1,7,10
"/mnt/personal/TT_FINAL/DATASETS/datasets_masivos_por_metadata/Un_slot/1ant/Caso_7/Potencia_5W/modelo_Un_slot_1ant_src_000E1778_dset_c7_p5.mat","/mnt/personal/TT_FINAL/DATASETS/datasets_masivos/Dataset_Termico_MasivoFIN1.mat","modelo_Un_slot_1ant__src_000E1778","dset_c7_p5","modelo_Un_slot_1ant__src_000E1778__dset_c7_p5","/mnt/personal/TT_FINAL/DATASETS/datasets_masivos/Dataset_Termico_MasivoFIN1.mat","Un_slot","1ant",1,7,5
"/mnt/personal/TT_FINAL/DATASETS/datasets_masivos_por_metadata/Un_slot/2ant/Caso_3/Potencia_10W/modelo_Un_slot_2ant_dset_c3_p10.mat","/mnt/personal/TT_FINAL/DATASETS/datasets_masivos/Dataset_Termico_Masivo2.mat","modelo_Un_slot_2ant","dset_c3_p10","modelo_Un_slot_2ant__dset_c3_p10","/mnt/personal/TT_FINAL/DATASETS/datasets_masivos/Dataset_Termico_MasivoFIN1.mat|/mnt/personal/TT_FINAL/DATASETS/datasets_masivos/Dataset_Termico_Masivo.mat|/mnt/personal/TT_FINAL/DATASETS/datasets_masivos/Dataset_Termico_Masivo4.mat|/mnt/personal/TT_FINAL/DATASETS/datasets_masivos/Dataset_Termico_Masivo2.mat","Un_slot","2ant",2,3,10
"/mnt/personal/TT_FINAL/DATASETS/datasets_masivos_por_metadata/Un_slot/2ant/Caso_3/Potencia_5W/modelo_Un_slot_2ant_dset_c3_p5.mat","/mnt/personal/TT_FINAL/DATASETS/datasets_masivos/Dataset_Termico_Masivo2.mat","modelo_Un_slot_2ant","dset_c3_p5","modelo_Un_slot_2ant__dset_c3_p5","/mnt/personal/TT_FINAL/DATASETS/datasets_masivos/Dataset_Termico_MasivoFIN1.mat|/mnt/personal/TT_FINAL/DATASETS/datasets_masivos/Dataset_Termico_Masivo.mat|/mnt/personal/TT_FINAL/DATASETS/datasets_masivos/Dataset_Termico_Masivo4.mat|/mnt/personal/TT_FINAL/DATASETS/datasets_masivos/Dataset_Termico_Masivo2.mat","Un_slot","2ant",2,3,5
"/mnt/personal/TT_FINAL/DATASETS/datasets_masivos_por_metadata/Un_slot/2ant/Caso_4/Potencia_10W/modelo_Un_slot_2ant_src_000E057E_dset_c4_p10.mat","/mnt/personal/TT_FINAL/DATASETS/datasets_masivos/Dataset_Termico_MasivoFIN1.mat","modelo_Un_slot_2ant__src_000E057E","dset_c4_p10","modelo_Un_slot_2ant__src_000E057E__dset_c4_p10","/mnt/personal/TT_FINAL/DATASETS/datasets_masivos/Dataset_Termico_MasivoFIN1.mat","Un_slot","2ant",2,4,10
"/mnt/personal/TT_FINAL/DATASETS/datasets_masivos_por_metadata/Un_slot/2ant/Caso_4/Potencia_15W/modelo_Un_slot_2ant_src_000E057E_dset_c4_p15.mat","/mnt/personal/TT_FINAL/DATASETS/datasets_masivos/Dataset_Termico_MasivoFIN1.mat","modelo_Un_slot_2ant__src_000E057E","dset_c4_p15","modelo_Un_slot_2ant__src_000E057E__dset_c4_p15","/mnt/personal/TT_FINAL/DATASETS/datasets_masivos/Dataset_Termico_MasivoFIN1.mat","Un_slot","2ant",2,4,15
"/mnt/personal/TT_FINAL/DATASETS/datasets_masivos_por_metadata/Un_slot/2ant/Caso_4/Potencia_20W/modelo_Un_slot_2ant_src_000E057E_dset_c4_p20.mat","/mnt/personal/TT_FINAL/DATASETS/datasets_masivos/Dataset_Termico_MasivoFIN1.mat","modelo_Un_slot_2ant__src_000E057E","dset_c4_p20","modelo_Un_slot_2ant__src_000E057E__dset_c4_p20","/mnt/personal/TT_FINAL/DATASETS/datasets_masivos/Dataset_Termico_MasivoFIN1.mat","Un_slot","2ant",2,4,20
"/mnt/personal/TT_FINAL/DATASETS/datasets_masivos_por_metadata/Un_slot/2ant/Caso_4/Potencia_25W/modelo_Un_slot_2ant_src_000E057E_dset_c4_p25.mat","/mnt/personal/TT_FINAL/DATASETS/datasets_masivos/Dataset_Termico_MasivoFIN1.mat","modelo_Un_slot_2ant__src_000E057E","dset_c4_p25","modelo_Un_slot_2ant__src_000E057E__dset_c4_p25","/mnt/personal/TT_FINAL/DATASETS/datasets_masivos/Dataset_Termico_MasivoFIN1.mat","Un_slot","2ant",2,4,25
"/mnt/personal/TT_FINAL/DATASETS/datasets_masivos_por_metadata/Un_slot/2ant/Caso_4/Potencia_30W/modelo_Un_slot_2ant_src_000E057E_dset_c4_p30.mat","/mnt/personal/TT_FINAL/DATASETS/datasets_masivos/Dataset_Termico_MasivoFIN1.mat","modelo_Un_slot_2ant__src_000E057E","dset_c4_p30","modelo_Un_slot_2ant__src_000E057E__dset_c4_p30","/mnt/personal/TT_FINAL/DATASETS/datasets_masivos/Dataset_Termico_MasivoFIN1.mat","Un_slot","2ant",2,4,30
"/mnt/personal/TT_FINAL/DATASETS/datasets_masivos_por_metadata/Un_slot/2ant/Caso_4/Potencia_35W/modelo_Un_slot_2ant_src_000E057E_dset_c4_p35.mat","/mnt/personal/TT_FINAL/DATASETS/datasets_masivos/Dataset_Termico_MasivoFIN1.mat","modelo_Un_slot_2ant__src_000E057E","dset_c4_p35","modelo_Un_slot_2ant__src_000E057E__dset_c4_p35","/mnt/personal/TT_FINAL/DATASETS/datasets_masivos/Dataset_Termico_MasivoFIN1.mat","Un_slot","2ant",2,4,35
"/mnt/personal/TT_FINAL/DATASETS/datasets_masivos_por_metadata/Un_slot/2ant/Caso_4/Potencia_40W/modelo_Un_slot_2ant_src_000E057E_dset_c4_p40.mat","/mnt/personal/TT_FINAL/DATASETS/datasets_masivos/Dataset_Termico_MasivoFIN1.mat","modelo_Un_slot_2ant__src_000E057E","dset_c4_p40","modelo_Un_slot_2ant__src_000E057E__dset_c4_p40","/mnt/personal/TT_FINAL/DATASETS/datasets_masivos/Dataset_Termico_MasivoFIN1.mat","Un_slot","2ant",2,4,40
"/mnt/personal/TT_FINAL/DATASETS/datasets_masivos_por_metadata/Un_slot/2ant/Caso_4/Potencia_45W/modelo_Un_slot_2ant_src_000E057E_dset_c4_p45.mat","/mnt/personal/TT_FINAL/DATASETS/datasets_masivos/Dataset_Termico_MasivoFIN1.mat","modelo_Un_slot_2ant__src_000E057E","dset_c4_p45","modelo_Un_slot_2ant__src_000E057E__dset_c4_p45","/mnt/personal/TT_FINAL/DATASETS/datasets_masivos/Dataset_Termico_MasivoFIN1.mat","Un_slot","2ant",2,4,45
"/mnt/personal/TT_FINAL/DATASETS/datasets_masivos_por_metadata/Un_slot/2ant/Caso_4/Potencia_5W/modelo_Un_slot_2ant_src_000E057E_dset_c4_p5.mat","/mnt/personal/TT_FINAL/DATASETS/datasets_masivos/Dataset_Termico_MasivoFIN1.mat","modelo_Un_slot_2ant__src_000E057E","dset_c4_p5","modelo_Un_slot_2ant__src_000E057E__dset_c4_p5","/mnt/personal/TT_FINAL/DATASETS/datasets_masivos/Dataset_Termico_MasivoFIN1.mat","Un_slot","2ant",2,4,5
"/mnt/personal/TT_FINAL/DATASETS/datasets_masivos_por_metadata/Un_slot/2ant/Caso_4/Potencia_50W/modelo_Un_slot_2ant_src_000E057E_dset_c4_p50.mat","/mnt/personal/TT_FINAL/DATASETS/datasets_masivos/Dataset_Termico_MasivoFIN1.mat","modelo_Un_slot_2ant__src_000E057E","dset_c4_p50","modelo_Un_slot_2ant__src_000E057E__dset_c4_p50","/mnt/personal/TT_FINAL/DATASETS/datasets_masivos/Dataset_Termico_MasivoFIN1.mat","Un_slot","2ant",2,4,50
"/mnt/personal/TT_FINAL/DATASETS/datasets_masivos_por_metadata/Un_slot/2ant/Caso_0/Potencia_10W/modelo_Un_slot_2ant_src_000E10EC_dset_c0_p10.mat","/mnt/personal/TT_FINAL/DATASETS/datasets_masivos/Dataset_Termico_MasivoFIN1.mat","modelo_Un_slot_2ant__src_000E10EC","dset_c0_p10","modelo_Un_slot_2ant__src_000E10EC__dset_c0_p10","/mnt/personal/TT_FINAL/DATASETS/datasets_masivos/Dataset_Termico_MasivoFIN1.mat","Un_slot","2ant",2,0,10
"/mnt/personal/TT_FINAL/DATASETS/datasets_masivos_por_metadata/Un_slot/2ant/Caso_0/Potencia_5W/modelo_Un_slot_2ant_src_000E10EC_dset_c0_p5.mat","/mnt/personal/TT_FINAL/DATASETS/datasets_masivos/Dataset_Termico_MasivoFIN1.mat","modelo_Un_slot_2ant__src_000E10EC","dset_c0_p5","modelo_Un_slot_2ant__src_000E10EC__dset_c0_p5","/mnt/personal/TT_FINAL/DATASETS/datasets_masivos/Dataset_Termico_MasivoFIN1.mat","Un_slot","2ant",2,0,5
"/mnt/personal/TT_FINAL/DATASETS/datasets_masivos_por_metadata/Un_slot/2ant/Caso_3/Potencia_10W/modelo_Un_slot_2ant_src_000E10EC_dset_c3_p10.mat","/mnt/personal/TT_FINAL/DATASETS/datasets_masivos/Dataset_Termico_MasivoFIN1.mat","modelo_Un_slot_2ant__src_000E10EC","dset_c3_p10","modelo_Un_slot_2ant__src_000E10EC__dset_c3_p10","/mnt/personal/TT_FINAL/DATASETS/datasets_masivos/Dataset_Termico_MasivoFIN1.mat","Un_slot","2ant",2,3,10
"/mnt/personal/TT_FINAL/DATASETS/datasets_masivos_por_metadata/Un_slot/2ant/Caso_3/Potencia_5W/modelo_Un_slot_2ant_src_000E10EC_dset_c3_p5.mat","/mnt/personal/TT_FINAL/DATASETS/datasets_masivos/Dataset_Termico_MasivoFIN1.mat","modelo_Un_slot_2ant__src_000E10EC","dset_c3_p5","modelo_Un_slot_2ant__src_000E10EC__dset_c3_p5","/mnt/personal/TT_FINAL/DATASETS/datasets_masivos/Dataset_Termico_MasivoFIN1.mat","Un_slot","2ant",2,3,5
"/mnt/personal/TT_FINAL/DATASETS/datasets_masivos_por_metadata/Un_slot/2ant/Caso_0/Potencia_10W/modelo_Un_slot_2ant_src_000E1313_dset_c0_p10.mat","/mnt/personal/TT_FINAL/DATASETS/datasets_masivos/Dataset_Termico_MasivoFIN1.mat","modelo_Un_slot_2ant__src_000E1313","dset_c0_p10","modelo_Un_slot_2ant__src_000E1313__dset_c0_p10","/mnt/personal/TT_FINAL/DATASETS/datasets_masivos/Dataset_Termico_MasivoFIN1.mat","Un_slot","2ant",2,0,10
"/mnt/personal/TT_FINAL/DATASETS/datasets_masivos_por_metadata/Un_slot/2ant/Caso_0/Potencia_5W/modelo_Un_slot_2ant_src_000E1313_dset_c0_p5.mat","/mnt/personal/TT_FINAL/DATASETS/datasets_masivos/Dataset_Termico_MasivoFIN1.mat","modelo_Un_slot_2ant__src_000E1313","dset_c0_p5","modelo_Un_slot_2ant__src_000E1313__dset_c0_p5","/mnt/personal/TT_FINAL/DATASETS/datasets_masivos/Dataset_Termico_MasivoFIN1.mat","Un_slot","2ant",2,0,5
"/mnt/personal/TT_FINAL/DATASETS/datasets_masivos_por_metadata/Un_slot/2ant/Caso_3/Potencia_10W/modelo_Un_slot_2ant_src_000E1313_dset_c3_p10.mat","/mnt/personal/TT_FINAL/DATASETS/datasets_masivos/Dataset_Termico_MasivoFIN1.mat","modelo_Un_slot_2ant__src_000E1313","dset_c3_p10","modelo_Un_slot_2ant__src_000E1313__dset_c3_p10","/mnt/personal/TT_FINAL/DATASETS/datasets_masivos/Dataset_Termico_MasivoFIN1.mat","Un_slot","2ant",2,3,10
"/mnt/personal/TT_FINAL/DATASETS/datasets_masivos_por_metadata/Un_slot/2ant/Caso_3/Potencia_5W/modelo_Un_slot_2ant_src_000E1313_dset_c3_p5.mat","/mnt/personal/TT_FINAL/DATASETS/datasets_masivos/Dataset_Termico_MasivoFIN1.mat","modelo_Un_slot_2ant__src_000E1313","dset_c3_p5","modelo_Un_slot_2ant__src_000E1313__dset_c3_p5","/mnt/personal/TT_FINAL/DATASETS/datasets_masivos/Dataset_Termico_MasivoFIN1.mat","Un_slot","2ant",2,3,5
"/mnt/personal/TT_FINAL/DATASETS/datasets_masivos_por_metadata/Un_slot/2ant/Caso_5/Potencia_10W/modelo_Un_slot_2ant_src_000E17FF_dset_c5_p10.mat","/mnt/personal/TT_FINAL/DATASETS/datasets_masivos/Dataset_Termico_MasivoFIN1.mat","modelo_Un_slot_2ant__src_000E17FF","dset_c5_p10","modelo_Un_slot_2ant__src_000E17FF__dset_c5_p10","/mnt/personal/TT_FINAL/DATASETS/datasets_masivos/Dataset_Termico_MasivoFIN1.mat","Un_slot","2ant",2,5,10
"/mnt/personal/TT_FINAL/DATASETS/datasets_masivos_por_metadata/Un_slot/2ant/Caso_5/Potencia_15W/modelo_Un_slot_2ant_src_000E17FF_dset_c5_p15.mat","/mnt/personal/TT_FINAL/DATASETS/datasets_masivos/Dataset_Termico_MasivoFIN1.mat","modelo_Un_slot_2ant__src_000E17FF","dset_c5_p15","modelo_Un_slot_2ant__src_000E17FF__dset_c5_p15","/mnt/personal/TT_FINAL/DATASETS/datasets_masivos/Dataset_Termico_MasivoFIN1.mat","Un_slot","2ant",2,5,15
"/mnt/personal/TT_FINAL/DATASETS/datasets_masivos_por_metadata/Un_slot/2ant/Caso_5/Potencia_5W/modelo_Un_slot_2ant_src_000E17FF_dset_c5_p5.mat","/mnt/personal/TT_FINAL/DATASETS/datasets_masivos/Dataset_Termico_MasivoFIN1.mat","modelo_Un_slot_2ant__src_000E17FF","dset_c5_p5","modelo_Un_slot_2ant__src_000E17FF__dset_c5_p5","/mnt/personal/TT_FINAL/DATASETS/datasets_masivos/Dataset_Termico_MasivoFIN1.mat","Un_slot","2ant",2,5,5
"/mnt/personal/TT_FINAL/DATASETS/datasets_masivos_por_metadata/Un_slot/2ant/Caso_7/Potencia_10W/modelo_Un_slot_2ant_src_000E17FF_dset_c7_p10.mat","/mnt/personal/TT_FINAL/DATASETS/datasets_masivos/Dataset_Termico_MasivoFIN1.mat","modelo_Un_slot_2ant__src_000E17FF","dset_c7_p10","modelo_Un_slot_2ant__src_000E17FF__dset_c7_p10","/mnt/personal/TT_FINAL/DATASETS/datasets_masivos/Dataset_Termico_MasivoFIN1.mat","Un_slot","2ant",2,7,10
"/mnt/personal/TT_FINAL/DATASETS/datasets_masivos_por_metadata/Un_slot/2ant/Caso_7/Potencia_5W/modelo_Un_slot_2ant_src_000E17FF_dset_c7_p5.mat","/mnt/personal/TT_FINAL/DATASETS/datasets_masivos/Dataset_Termico_MasivoFIN1.mat","modelo_Un_slot_2ant__src_000E17FF","dset_c7_p5","modelo_Un_slot_2ant__src_000E17FF__dset_c7_p5","/mnt/personal/TT_FINAL/DATASETS/datasets_masivos/Dataset_Termico_MasivoFIN1.mat","Un_slot","2ant",2,7,5
"/mnt/personal/TT_FINAL/DATASETS/datasets_masivos_por_metadata/Un_slot/3ant/Caso_3/Potencia_10W/modelo_Un_slot_3ant_dset_c3_p10.mat","/mnt/personal/TT_FINAL/DATASETS/datasets_masivos/Dataset_Termico_Masivo2.mat","modelo_Un_slot_3ant","dset_c3_p10","modelo_Un_slot_3ant__dset_c3_p10","/mnt/personal/TT_FINAL/DATASETS/datasets_masivos/Dataset_Termico_MasivoFIN1.mat|/mnt/personal/TT_FINAL/DATASETS/datasets_masivos/Dataset_Termico_Masivo.mat|/mnt/personal/TT_FINAL/DATASETS/datasets_masivos/Dataset_Termico_Masivo4.mat|/mnt/personal/TT_FINAL/DATASETS/datasets_masivos/Dataset_Termico_Masivo2.mat","Un_slot","3ant",3,3,10
"/mnt/personal/TT_FINAL/DATASETS/datasets_masivos_por_metadata/Un_slot/3ant/Caso_3/Potencia_15W/modelo_Un_slot_3ant_dset_c3_p15.mat","/mnt/personal/TT_FINAL/DATASETS/datasets_masivos/Dataset_Termico_Masivo2.mat","modelo_Un_slot_3ant","dset_c3_p15","modelo_Un_slot_3ant__dset_c3_p15","/mnt/personal/TT_FINAL/DATASETS/datasets_masivos/Dataset_Termico_MasivoFIN1.mat|/mnt/personal/TT_FINAL/DATASETS/datasets_masivos/Dataset_Termico_Masivo.mat|/mnt/personal/TT_FINAL/DATASETS/datasets_masivos/Dataset_Termico_Masivo4.mat|/mnt/personal/TT_FINAL/DATASETS/datasets_masivos/Dataset_Termico_Masivo2.mat","Un_slot","3ant",3,3,15
"/mnt/personal/TT_FINAL/DATASETS/datasets_masivos_por_metadata/Un_slot/3ant/Caso_3/Potencia_5W/modelo_Un_slot_3ant_dset_c3_p5.mat","/mnt/personal/TT_FINAL/DATASETS/datasets_masivos/Dataset_Termico_Masivo2.mat","modelo_Un_slot_3ant","dset_c3_p5","modelo_Un_slot_3ant__dset_c3_p5","/mnt/personal/TT_FINAL/DATASETS/datasets_masivos/Dataset_Termico_MasivoFIN1.mat|/mnt/personal/TT_FINAL/DATASETS/datasets_masivos/Dataset_Termico_Masivo.mat|/mnt/personal/TT_FINAL/DATASETS/datasets_masivos/Dataset_Termico_Masivo4.mat|/mnt/personal/TT_FINAL/DATASETS/datasets_masivos/Dataset_Termico_Masivo2.mat","Un_slot","3ant",3,3,5
"/mnt/personal/TT_FINAL/DATASETS/datasets_masivos_por_metadata/Un_slot/3ant/Caso_0/Potencia_10W/modelo_Un_slot_3ant_src_000E1173_dset_c0_p10.mat","/mnt/personal/TT_FINAL/DATASETS/datasets_masivos/Dataset_Termico_MasivoFIN1.mat","modelo_Un_slot_3ant__src_000E1173","dset_c0_p10","modelo_Un_slot_3ant__src_000E1173__dset_c0_p10","/mnt/personal/TT_FINAL/DATASETS/datasets_masivos/Dataset_Termico_MasivoFIN1.mat","Un_slot","3ant",3,0,10
"/mnt/personal/TT_FINAL/DATASETS/datasets_masivos_por_metadata/Un_slot/3ant/Caso_0/Potencia_5W/modelo_Un_slot_3ant_src_000E1173_dset_c0_p5.mat","/mnt/personal/TT_FINAL/DATASETS/datasets_masivos/Dataset_Termico_MasivoFIN1.mat","modelo_Un_slot_3ant__src_000E1173","dset_c0_p5","modelo_Un_slot_3ant__src_000E1173__dset_c0_p5","/mnt/personal/TT_FINAL/DATASETS/datasets_masivos/Dataset_Termico_MasivoFIN1.mat","Un_slot","3ant",3,0,5
"/mnt/personal/TT_FINAL/DATASETS/datasets_masivos_por_metadata/Un_slot/3ant/Caso_3/Potencia_10W/modelo_Un_slot_3ant_src_000E1173_dset_c3_p10.mat","/mnt/personal/TT_FINAL/DATASETS/datasets_masivos/Dataset_Termico_MasivoFIN1.mat","modelo_Un_slot_3ant__src_000E1173","dset_c3_p10","modelo_Un_slot_3ant__src_000E1173__dset_c3_p10","/mnt/personal/TT_FINAL/DATASETS/datasets_masivos/Dataset_Termico_MasivoFIN1.mat","Un_slot","3ant",3,3,10
"/mnt/personal/TT_FINAL/DATASETS/datasets_masivos_por_metadata/Un_slot/3ant/Caso_3/Potencia_15W/modelo_Un_slot_3ant_src_000E1173_dset_c3_p15.mat","/mnt/personal/TT_FINAL/DATASETS/datasets_masivos/Dataset_Termico_MasivoFIN1.mat","modelo_Un_slot_3ant__src_000E1173","dset_c3_p15","modelo_Un_slot_3ant__src_000E1173__dset_c3_p15","/mnt/personal/TT_FINAL/DATASETS/datasets_masivos/Dataset_Termico_MasivoFIN1.mat","Un_slot","3ant",3,3,15
"/mnt/personal/TT_FINAL/DATASETS/datasets_masivos_por_metadata/Un_slot/3ant/Caso_3/Potencia_5W/modelo_Un_slot_3ant_src_000E1173_dset_c3_p5.mat","/mnt/personal/TT_FINAL/DATASETS/datasets_masivos/Dataset_Termico_MasivoFIN1.mat","modelo_Un_slot_3ant__src_000E1173","dset_c3_p5","modelo_Un_slot_3ant__src_000E1173__dset_c3_p5","/mnt/personal/TT_FINAL/DATASETS/datasets_masivos/Dataset_Termico_MasivoFIN1.mat","Un_slot","3ant",3,3,5
"/mnt/personal/TT_FINAL/DATASETS/datasets_masivos_por_metadata/Un_slot/3ant/Caso_0/Potencia_10W/modelo_Un_slot_3ant_src_000E139A_dset_c0_p10.mat","/mnt/personal/TT_FINAL/DATASETS/datasets_masivos/Dataset_Termico_MasivoFIN1.mat","modelo_Un_slot_3ant__src_000E139A","dset_c0_p10","modelo_Un_slot_3ant__src_000E139A__dset_c0_p10","/mnt/personal/TT_FINAL/DATASETS/datasets_masivos/Dataset_Termico_MasivoFIN1.mat","Un_slot","3ant",3,0,10
"/mnt/personal/TT_FINAL/DATASETS/datasets_masivos_por_metadata/Un_slot/3ant/Caso_0/Potencia_5W/modelo_Un_slot_3ant_src_000E139A_dset_c0_p5.mat","/mnt/personal/TT_FINAL/DATASETS/datasets_masivos/Dataset_Termico_MasivoFIN1.mat","modelo_Un_slot_3ant__src_000E139A","dset_c0_p5","modelo_Un_slot_3ant__src_000E139A__dset_c0_p5","/mnt/personal/TT_FINAL/DATASETS/datasets_masivos/Dataset_Termico_MasivoFIN1.mat","Un_slot","3ant",3,0,5
"/mnt/personal/TT_FINAL/DATASETS/datasets_masivos_por_metadata/Un_slot/3ant/Caso_3/Potencia_10W/modelo_Un_slot_3ant_src_000E139A_dset_c3_p10.mat","/mnt/personal/TT_FINAL/DATASETS/datasets_masivos/Dataset_Termico_MasivoFIN1.mat","modelo_Un_slot_3ant__src_000E139A","dset_c3_p10","modelo_Un_slot_3ant__src_000E139A__dset_c3_p10","/mnt/personal/TT_FINAL/DATASETS/datasets_masivos/Dataset_Termico_MasivoFIN1.mat","Un_slot","3ant",3,3,10
"/mnt/personal/TT_FINAL/DATASETS/datasets_masivos_por_metadata/Un_slot/3ant/Caso_3/Potencia_15W/modelo_Un_slot_3ant_src_000E139A_dset_c3_p15.mat","/mnt/personal/TT_FINAL/DATASETS/datasets_masivos/Dataset_Termico_MasivoFIN1.mat","modelo_Un_slot_3ant__src_000E139A","dset_c3_p15","modelo_Un_slot_3ant__src_000E139A__dset_c3_p15","/mnt/personal/TT_FINAL/DATASETS/datasets_masivos/Dataset_Termico_MasivoFIN1.mat","Un_slot","3ant",3,3,15
"/mnt/personal/TT_FINAL/DATASETS/datasets_masivos_por_metadata/Un_slot/3ant/Caso_3/Potencia_5W/modelo_Un_slot_3ant_src_000E139A_dset_c3_p5.mat","/mnt/personal/TT_FINAL/DATASETS/datasets_masivos/Dataset_Termico_MasivoFIN1.mat","modelo_Un_slot_3ant__src_000E139A","dset_c3_p5","modelo_Un_slot_3ant__src_000E139A__dset_c3_p5","/mnt/personal/TT_FINAL/DATASETS/datasets_masivos/Dataset_Termico_MasivoFIN1.mat","Un_slot","3ant",3,3,5
"/mnt/personal/TT_FINAL/DATASETS/datasets_masivos_por_metadata/Un_slot/3ant/Caso_5/Potencia_10W/modelo_Un_slot_3ant_src_000E1886_dset_c5_p10.mat","/mnt/personal/TT_FINAL/DATASETS/datasets_masivos/Dataset_Termico_MasivoFIN1.mat","modelo_Un_slot_3ant__src_000E1886","dset_c5_p10","modelo_Un_slot_3ant__src_000E1886__dset_c5_p10","/mnt/personal/TT_FINAL/DATASETS/datasets_masivos/Dataset_Termico_MasivoFIN1.mat","Un_slot","3ant",3,5,10
"/mnt/personal/TT_FINAL/DATASETS/datasets_masivos_por_metadata/Un_slot/3ant/Caso_5/Potencia_15W/modelo_Un_slot_3ant_src_000E1886_dset_c5_p15.mat","/mnt/personal/TT_FINAL/DATASETS/datasets_masivos/Dataset_Termico_MasivoFIN1.mat","modelo_Un_slot_3ant__src_000E1886","dset_c5_p15","modelo_Un_slot_3ant__src_000E1886__dset_c5_p15","/mnt/personal/TT_FINAL/DATASETS/datasets_masivos/Dataset_Termico_MasivoFIN1.mat","Un_slot","3ant",3,5,15
"/mnt/personal/TT_FINAL/DATASETS/datasets_masivos_por_metadata/Un_slot/3ant/Caso_5/Potencia_5W/modelo_Un_slot_3ant_src_000E1886_dset_c5_p5.mat","/mnt/personal/TT_FINAL/DATASETS/datasets_masivos/Dataset_Termico_MasivoFIN1.mat","modelo_Un_slot_3ant__src_000E1886","dset_c5_p5","modelo_Un_slot_3ant__src_000E1886__dset_c5_p5","/mnt/personal/TT_FINAL/DATASETS/datasets_masivos/Dataset_Termico_MasivoFIN1.mat","Un_slot","3ant",3,5,5
"/mnt/personal/TT_FINAL/DATASETS/datasets_masivos_por_metadata/Un_slot/3ant/Caso_7/Potencia_10W/modelo_Un_slot_3ant_src_000E1886_dset_c7_p10.mat","/mnt/personal/TT_FINAL/DATASETS/datasets_masivos/Dataset_Termico_MasivoFIN1.mat","modelo_Un_slot_3ant__src_000E1886","dset_c7_p10","modelo_Un_slot_3ant__src_000E1886__dset_c7_p10","/mnt/personal/TT_FINAL/DATASETS/datasets_masivos/Dataset_Termico_MasivoFIN1.mat","Un_slot","3ant",3,7,10
"/mnt/personal/TT_FINAL/DATASETS/datasets_masivos_por_metadata/Un_slot/3ant/Caso_7/Potencia_5W/modelo_Un_slot_3ant_src_000E1886_dset_c7_p5.mat","/mnt/personal/TT_FINAL/DATASETS/datasets_masivos/Dataset_Termico_MasivoFIN1.mat","modelo_Un_slot_3ant__src_000E1886","dset_c7_p5","modelo_Un_slot_3ant__src_000E1886__dset_c7_p5","/mnt/personal/TT_FINAL/DATASETS/datasets_masivos/Dataset_Termico_MasivoFIN1.mat","Un_slot","3ant",3,7,5
"/mnt/personal/TT_FINAL/DATASETS/datasets_masivos_por_metadata/Un_slot/3ant/Caso_8/Potencia_10W/modelo_Un_slot_3ant_src_000E1886_dset_c8_p10.mat","/mnt/personal/TT_FINAL/DATASETS/datasets_masivos/Dataset_Termico_MasivoFIN1.mat","modelo_Un_slot_3ant__src_000E1886","dset_c8_p10","modelo_Un_slot_3ant__src_000E1886__dset_c8_p10","/mnt/personal/TT_FINAL/DATASETS/datasets_masivos/Dataset_Termico_MasivoFIN1.mat","Un_slot","3ant",3,8,10
"/mnt/personal/TT_FINAL/DATASETS/datasets_masivos_por_metadata/Un_slot/3ant/Caso_8/Potencia_15W/modelo_Un_slot_3ant_src_000E1886_dset_c8_p15.mat","/mnt/personal/TT_FINAL/DATASETS/datasets_masivos/Dataset_Termico_MasivoFIN1.mat","modelo_Un_slot_3ant__src_000E1886","dset_c8_p15","modelo_Un_slot_3ant__src_000E1886__dset_c8_p15","/mnt/personal/TT_FINAL/DATASETS/datasets_masivos/Dataset_Termico_MasivoFIN1.mat","Un_slot","3ant",3,8,15
"/mnt/personal/TT_FINAL/DATASETS/datasets_masivos_por_metadata/Un_slot/3ant/Caso_8/Potencia_20W/modelo_Un_slot_3ant_src_000E1886_dset_c8_p20.mat","/mnt/personal/TT_FINAL/DATASETS/datasets_masivos/Dataset_Termico_MasivoFIN1.mat","modelo_Un_slot_3ant__src_000E1886","dset_c8_p20","modelo_Un_slot_3ant__src_000E1886__dset_c8_p20","/mnt/personal/TT_FINAL/DATASETS/datasets_masivos/Dataset_Termico_MasivoFIN1.mat","Un_slot","3ant",3,8,20
"/mnt/personal/TT_FINAL/DATASETS/datasets_masivos_por_metadata/Un_slot/3ant/Caso_8/Potencia_25W/modelo_Un_slot_3ant_src_000E1886_dset_c8_p25.mat","/mnt/personal/TT_FINAL/DATASETS/datasets_masivos/Dataset_Termico_MasivoFIN1.mat","modelo_Un_slot_3ant__src_000E1886","dset_c8_p25","modelo_Un_slot_3ant__src_000E1886__dset_c8_p25","/mnt/personal/TT_FINAL/DATASETS/datasets_masivos/Dataset_Termico_MasivoFIN1.mat","Un_slot","3ant",3,8,25
"/mnt/personal/TT_FINAL/DATASETS/datasets_masivos_por_metadata/Un_slot/3ant/Caso_8/Potencia_30W/modelo_Un_slot_3ant_src_000E1886_dset_c8_p30.mat","/mnt/personal/TT_FINAL/DATASETS/datasets_masivos/Dataset_Termico_MasivoFIN1.mat","modelo_Un_slot_3ant__src_000E1886","dset_c8_p30","modelo_Un_slot_3ant__src_000E1886__dset_c8_p30","/mnt/personal/TT_FINAL/DATASETS/datasets_masivos/Dataset_Termico_MasivoFIN1.mat","Un_slot","3ant",3,8,30
"/mnt/personal/TT_FINAL/DATASETS/datasets_masivos_por_metadata/Un_slot/3ant/Caso_8/Potencia_5W/modelo_Un_slot_3ant_src_000E1886_dset_c8_p5.mat","/mnt/personal/TT_FINAL/DATASETS/datasets_masivos/Dataset_Termico_MasivoFIN1.mat","modelo_Un_slot_3ant__src_000E1886","dset_c8_p5","modelo_Un_slot_3ant__src_000E1886__dset_c8_p5","/mnt/personal/TT_FINAL/DATASETS/datasets_masivos/Dataset_Termico_MasivoFIN1.mat","Un_slot","3ant",3,8,5
"/mnt/personal/TT_FINAL/DATASETS/datasets_masivos_por_metadata/Un_slot/4ant/Caso_3/Potencia_10W/modelo_Un_slot_4ant_dset_c3_p10.mat","/mnt/personal/TT_FINAL/DATASETS/datasets_masivos/Dataset_Termico_Masivo2.mat","modelo_Un_slot_4ant","dset_c3_p10","modelo_Un_slot_4ant__dset_c3_p10","/mnt/personal/TT_FINAL/DATASETS/datasets_masivos/Dataset_Termico_MasivoFIN1.mat|/mnt/personal/TT_FINAL/DATASETS/datasets_masivos/Dataset_Termico_Masivo.mat|/mnt/personal/TT_FINAL/DATASETS/datasets_masivos/Dataset_Termico_Masivo4.mat|/mnt/personal/TT_FINAL/DATASETS/datasets_masivos/Dataset_Termico_Masivo2.mat","Un_slot","4ant",4,3,10
"/mnt/personal/TT_FINAL/DATASETS/datasets_masivos_por_metadata/Un_slot/4ant/Caso_3/Potencia_15W/modelo_Un_slot_4ant_dset_c3_p15.mat","/mnt/personal/TT_FINAL/DATASETS/datasets_masivos/Dataset_Termico_Masivo2.mat","modelo_Un_slot_4ant","dset_c3_p15","modelo_Un_slot_4ant__dset_c3_p15","/mnt/personal/TT_FINAL/DATASETS/datasets_masivos/Dataset_Termico_MasivoFIN1.mat|/mnt/personal/TT_FINAL/DATASETS/datasets_masivos/Dataset_Termico_Masivo.mat|/mnt/personal/TT_FINAL/DATASETS/datasets_masivos/Dataset_Termico_Masivo4.mat|/mnt/personal/TT_FINAL/DATASETS/datasets_masivos/Dataset_Termico_Masivo2.mat","Un_slot","4ant",4,3,15
"/mnt/personal/TT_FINAL/DATASETS/datasets_masivos_por_metadata/Un_slot/4ant/Caso_3/Potencia_20W/modelo_Un_slot_4ant_dset_c3_p20.mat","/mnt/personal/TT_FINAL/DATASETS/datasets_masivos/Dataset_Termico_Masivo4.mat","modelo_Un_slot_4ant","dset_c3_p20","modelo_Un_slot_4ant__dset_c3_p20","/mnt/personal/TT_FINAL/DATASETS/datasets_masivos/Dataset_Termico_MasivoFIN1.mat|/mnt/personal/TT_FINAL/DATASETS/datasets_masivos/Dataset_Termico_Masivo.mat|/mnt/personal/TT_FINAL/DATASETS/datasets_masivos/Dataset_Termico_Masivo4.mat","Un_slot","4ant",4,3,20
"/mnt/personal/TT_FINAL/DATASETS/datasets_masivos_por_metadata/Un_slot/4ant/Caso_3/Potencia_25W/modelo_Un_slot_4ant_dset_c3_p25.mat","/mnt/personal/TT_FINAL/DATASETS/datasets_masivos/Dataset_Termico_Masivo4.mat","modelo_Un_slot_4ant","dset_c3_p25","modelo_Un_slot_4ant__dset_c3_p25","/mnt/personal/TT_FINAL/DATASETS/datasets_masivos/Dataset_Termico_MasivoFIN1.mat|/mnt/personal/TT_FINAL/DATASETS/datasets_masivos/Dataset_Termico_Masivo.mat|/mnt/personal/TT_FINAL/DATASETS/datasets_masivos/Dataset_Termico_Masivo4.mat","Un_slot","4ant",4,3,25
"/mnt/personal/TT_FINAL/DATASETS/datasets_masivos_por_metadata/Un_slot/4ant/Caso_3/Potencia_5W/modelo_Un_slot_4ant_dset_c3_p5.mat","/mnt/personal/TT_FINAL/DATASETS/datasets_masivos/Dataset_Termico_Masivo2.mat","modelo_Un_slot_4ant","dset_c3_p5","modelo_Un_slot_4ant__dset_c3_p5","/mnt/personal/TT_FINAL/DATASETS/datasets_masivos/Dataset_Termico_MasivoFIN1.mat|/mnt/personal/TT_FINAL/DATASETS/datasets_masivos/Dataset_Termico_Masivo.mat|/mnt/personal/TT_FINAL/DATASETS/datasets_masivos/Dataset_Termico_Masivo4.mat|/mnt/personal/TT_FINAL/DATASETS/datasets_masivos/Dataset_Termico_Masivo2.mat","Un_slot","4ant",4,3,5
"/mnt/personal/TT_FINAL/DATASETS/datasets_masivos_por_metadata/Un_slot/4ant/Caso_0/Potencia_10W/modelo_Un_slot_4ant_src_000E11FA_dset_c0_p10.mat","/mnt/personal/TT_FINAL/DATASETS/datasets_masivos/Dataset_Termico_MasivoFIN1.mat","modelo_Un_slot_4ant__src_000E11FA","dset_c0_p10","modelo_Un_slot_4ant__src_000E11FA__dset_c0_p10","/mnt/personal/TT_FINAL/DATASETS/datasets_masivos/Dataset_Termico_MasivoFIN1.mat","Un_slot","4ant",4,0,10
"/mnt/personal/TT_FINAL/DATASETS/datasets_masivos_por_metadata/Un_slot/4ant/Caso_0/Potencia_5W/modelo_Un_slot_4ant_src_000E11FA_dset_c0_p5.mat","/mnt/personal/TT_FINAL/DATASETS/datasets_masivos/Dataset_Termico_MasivoFIN1.mat","modelo_Un_slot_4ant__src_000E11FA","dset_c0_p5","modelo_Un_slot_4ant__src_000E11FA__dset_c0_p5","/mnt/personal/TT_FINAL/DATASETS/datasets_masivos/Dataset_Termico_MasivoFIN1.mat","Un_slot","4ant",4,0,5
"/mnt/personal/TT_FINAL/DATASETS/datasets_masivos_por_metadata/Un_slot/4ant/Caso_3/Potencia_10W/modelo_Un_slot_4ant_src_000E11FA_dset_c3_p10.mat","/mnt/personal/TT_FINAL/DATASETS/datasets_masivos/Dataset_Termico_MasivoFIN1.mat","modelo_Un_slot_4ant__src_000E11FA","dset_c3_p10","modelo_Un_slot_4ant__src_000E11FA__dset_c3_p10","/mnt/personal/TT_FINAL/DATASETS/datasets_masivos/Dataset_Termico_MasivoFIN1.mat","Un_slot","4ant",4,3,10
"/mnt/personal/TT_FINAL/DATASETS/datasets_masivos_por_metadata/Un_slot/4ant/Caso_3/Potencia_15W/modelo_Un_slot_4ant_src_000E11FA_dset_c3_p15.mat","/mnt/personal/TT_FINAL/DATASETS/datasets_masivos/Dataset_Termico_MasivoFIN1.mat","modelo_Un_slot_4ant__src_000E11FA","dset_c3_p15","modelo_Un_slot_4ant__src_000E11FA__dset_c3_p15","/mnt/personal/TT_FINAL/DATASETS/datasets_masivos/Dataset_Termico_MasivoFIN1.mat","Un_slot","4ant",4,3,15
"/mnt/personal/TT_FINAL/DATASETS/datasets_masivos_por_metadata/Un_slot/4ant/Caso_3/Potencia_5W/modelo_Un_slot_4ant_src_000E11FA_dset_c3_p5.mat","/mnt/personal/TT_FINAL/DATASETS/datasets_masivos/Dataset_Termico_MasivoFIN1.mat","modelo_Un_slot_4ant__src_000E11FA","dset_c3_p5","modelo_Un_slot_4ant__src_000E11FA__dset_c3_p5","/mnt/personal/TT_FINAL/DATASETS/datasets_masivos/Dataset_Termico_MasivoFIN1.mat","Un_slot","4ant",4,3,5
"/mnt/personal/TT_FINAL/DATASETS/datasets_masivos_por_metadata/Un_slot/4ant/Caso_0/Potencia_10W/modelo_Un_slot_4ant_src_000E1421_dset_c0_p10.mat","/mnt/personal/TT_FINAL/DATASETS/datasets_masivos/Dataset_Termico_MasivoFIN1.mat","modelo_Un_slot_4ant__src_000E1421","dset_c0_p10","modelo_Un_slot_4ant__src_000E1421__dset_c0_p10","/mnt/personal/TT_FINAL/DATASETS/datasets_masivos/Dataset_Termico_MasivoFIN1.mat","Un_slot","4ant",4,0,10
"/mnt/personal/TT_FINAL/DATASETS/datasets_masivos_por_metadata/Un_slot/4ant/Caso_0/Potencia_5W/modelo_Un_slot_4ant_src_000E1421_dset_c0_p5.mat","/mnt/personal/TT_FINAL/DATASETS/datasets_masivos/Dataset_Termico_MasivoFIN1.mat","modelo_Un_slot_4ant__src_000E1421","dset_c0_p5","modelo_Un_slot_4ant__src_000E1421__dset_c0_p5","/mnt/personal/TT_FINAL/DATASETS/datasets_masivos/Dataset_Termico_MasivoFIN1.mat","Un_slot","4ant",4,0,5
"/mnt/personal/TT_FINAL/DATASETS/datasets_masivos_por_metadata/Un_slot/4ant/Caso_3/Potencia_10W/modelo_Un_slot_4ant_src_000E1421_dset_c3_p10.mat","/mnt/personal/TT_FINAL/DATASETS/datasets_masivos/Dataset_Termico_MasivoFIN1.mat","modelo_Un_slot_4ant__src_000E1421","dset_c3_p10","modelo_Un_slot_4ant__src_000E1421__dset_c3_p10","/mnt/personal/TT_FINAL/DATASETS/datasets_masivos/Dataset_Termico_MasivoFIN1.mat","Un_slot","4ant",4,3,10
"/mnt/personal/TT_FINAL/DATASETS/datasets_masivos_por_metadata/Un_slot/4ant/Caso_3/Potencia_15W/modelo_Un_slot_4ant_src_000E1421_dset_c3_p15.mat","/mnt/personal/TT_FINAL/DATASETS/datasets_masivos/Dataset_Termico_MasivoFIN1.mat","modelo_Un_slot_4ant__src_000E1421","dset_c3_p15","modelo_Un_slot_4ant__src_000E1421__dset_c3_p15","/mnt/personal/TT_FINAL/DATASETS/datasets_masivos/Dataset_Termico_MasivoFIN1.mat","Un_slot","4ant",4,3,15
"/mnt/personal/TT_FINAL/DATASETS/datasets_masivos_por_metadata/Un_slot/4ant/Caso_3/Potencia_5W/modelo_Un_slot_4ant_src_000E1421_dset_c3_p5.mat","/mnt/personal/TT_FINAL/DATASETS/datasets_masivos/Dataset_Termico_MasivoFIN1.mat","modelo_Un_slot_4ant__src_000E1421","dset_c3_p5","modelo_Un_slot_4ant__src_000E1421__dset_c3_p5","/mnt/personal/TT_FINAL/DATASETS/datasets_masivos/Dataset_Termico_MasivoFIN1.mat","Un_slot","4ant",4,3,5
"/mnt/personal/TT_FINAL/DATASETS/datasets_masivos_por_metadata/Un_slot/4ant/Caso_5/Potencia_10W/modelo_Un_slot_4ant_src_000E190D_dset_c5_p10.mat","/mnt/personal/TT_FINAL/DATASETS/datasets_masivos/Dataset_Termico_MasivoFIN1.mat","modelo_Un_slot_4ant__src_000E190D","dset_c5_p10","modelo_Un_slot_4ant__src_000E190D__dset_c5_p10","/mnt/personal/TT_FINAL/DATASETS/datasets_masivos/Dataset_Termico_MasivoFIN1.mat","Un_slot","4ant",4,5,10
"/mnt/personal/TT_FINAL/DATASETS/datasets_masivos_por_metadata/Un_slot/4ant/Caso_5/Potencia_15W/modelo_Un_slot_4ant_src_000E190D_dset_c5_p15.mat","/mnt/personal/TT_FINAL/DATASETS/datasets_masivos/Dataset_Termico_MasivoFIN1.mat","modelo_Un_slot_4ant__src_000E190D","dset_c5_p15","modelo_Un_slot_4ant__src_000E190D__dset_c5_p15","/mnt/personal/TT_FINAL/DATASETS/datasets_masivos/Dataset_Termico_MasivoFIN1.mat","Un_slot","4ant",4,5,15
"/mnt/personal/TT_FINAL/DATASETS/datasets_masivos_por_metadata/Un_slot/4ant/Caso_5/Potencia_5W/modelo_Un_slot_4ant_src_000E190D_dset_c5_p5.mat","/mnt/personal/TT_FINAL/DATASETS/datasets_masivos/Dataset_Termico_MasivoFIN1.mat","modelo_Un_slot_4ant__src_000E190D","dset_c5_p5","modelo_Un_slot_4ant__src_000E190D__dset_c5_p5","/mnt/personal/TT_FINAL/DATASETS/datasets_masivos/Dataset_Termico_MasivoFIN1.mat","Un_slot","4ant",4,5,5
"/mnt/personal/TT_FINAL/DATASETS/datasets_masivos_por_metadata/Un_slot/4ant/Caso_7/Potencia_10W/modelo_Un_slot_4ant_src_000E190D_dset_c7_p10.mat","/mnt/personal/TT_FINAL/DATASETS/datasets_masivos/Dataset_Termico_MasivoFIN1.mat","modelo_Un_slot_4ant__src_000E190D","dset_c7_p10","modelo_Un_slot_4ant__src_000E190D__dset_c7_p10","/mnt/personal/TT_FINAL/DATASETS/datasets_masivos/Dataset_Termico_MasivoFIN1.mat","Un_slot","4ant",4,7,10
"/mnt/personal/TT_FINAL/DATASETS/datasets_masivos_por_metadata/Un_slot/4ant/Caso_7/Potencia_5W/modelo_Un_slot_4ant_src_000E190D_dset_c7_p5.mat","/mnt/personal/TT_FINAL/DATASETS/datasets_masivos/Dataset_Termico_MasivoFIN1.mat","modelo_Un_slot_4ant__src_000E190D","dset_c7_p5","modelo_Un_slot_4ant__src_000E190D__dset_c7_p5","/mnt/personal/TT_FINAL/DATASETS/datasets_masivos/Dataset_Termico_MasivoFIN1.mat","Un_slot","4ant",4,7,5
"/mnt/personal/TT_FINAL/DATASETS/datasets_masivos_por_metadata/Doble_slot/1ant/Caso_0/Potencia_10W/modelo_Doble_slot_1ant_dset_c0_p10.mat","/mnt/personal/TT_FINAL/DATASETS/datasets_masivos/Dataset_Termico_Masivo2.mat","modelo_Doble_slot_1ant","dset_c0_p10","modelo_Doble_slot_1ant__dset_c0_p10","/mnt/personal/TT_FINAL/DATASETS/datasets_masivos/Dataset_Termico_Masivo.mat|/mnt/personal/TT_FINAL/DATASETS/datasets_masivos/Dataset_Termico_Masivo2.mat","Doble_slot","1ant",1,0,10
"/mnt/personal/TT_FINAL/DATASETS/datasets_masivos_por_metadata/Doble_slot/1ant/Caso_0/Potencia_5W/modelo_Doble_slot_1ant_dset_c0_p5.mat","/mnt/personal/TT_FINAL/DATASETS/datasets_masivos/Dataset_Termico_Masivo2.mat","modelo_Doble_slot_1ant","dset_c0_p5","modelo_Doble_slot_1ant__dset_c0_p5","/mnt/personal/TT_FINAL/DATASETS/datasets_masivos/Dataset_Termico_Masivo.mat|/mnt/personal/TT_FINAL/DATASETS/datasets_masivos/Dataset_Termico_Masivo2.mat","Doble_slot","1ant",1,0,5
"/mnt/personal/TT_FINAL/DATASETS/datasets_masivos_por_metadata/Doble_slot/1ant/Caso_1/Potencia_10W/modelo_Doble_slot_1ant_dset_c1_p10.mat","/mnt/personal/TT_FINAL/DATASETS/datasets_masivos/Dataset_Termico_Masivo2.mat","modelo_Doble_slot_1ant","dset_c1_p10","modelo_Doble_slot_1ant__dset_c1_p10","/mnt/personal/TT_FINAL/DATASETS/datasets_masivos/Dataset_Termico_Masivo.mat|/mnt/personal/TT_FINAL/DATASETS/datasets_masivos/Dataset_Termico_Masivo2.mat","Doble_slot","1ant",1,1,10
"/mnt/personal/TT_FINAL/DATASETS/datasets_masivos_por_metadata/Doble_slot/1ant/Caso_1/Potencia_5W/modelo_Doble_slot_1ant_dset_c1_p5.mat","/mnt/personal/TT_FINAL/DATASETS/datasets_masivos/Dataset_Termico_Masivo2.mat","modelo_Doble_slot_1ant","dset_c1_p5","modelo_Doble_slot_1ant__dset_c1_p5","/mnt/personal/TT_FINAL/DATASETS/datasets_masivos/Dataset_Termico_Masivo.mat|/mnt/personal/TT_FINAL/DATASETS/datasets_masivos/Dataset_Termico_Masivo2.mat","Doble_slot","1ant",1,1,5
"/mnt/personal/TT_FINAL/DATASETS/datasets_masivos_por_metadata/Doble_slot/1ant/Caso_5/Potencia_10W/modelo_Doble_slot_1ant_dset_c5_p10.mat","/mnt/personal/TT_FINAL/DATASETS/datasets_masivos/Dataset_Termico_Masivo6.mat","modelo_Doble_slot_1ant","dset_c5_p10","modelo_Doble_slot_1ant__dset_c5_p10","/mnt/personal/TT_FINAL/DATASETS/datasets_masivos/Dataset_Termico_Masivo.mat|/mnt/personal/TT_FINAL/DATASETS/datasets_masivos/Dataset_Termico_Masivo6.mat","Doble_slot","1ant",1,5,10
"/mnt/personal/TT_FINAL/DATASETS/datasets_masivos_por_metadata/Doble_slot/1ant/Caso_5/Potencia_15W/modelo_Doble_slot_1ant_dset_c5_p15.mat","/mnt/personal/TT_FINAL/DATASETS/datasets_masivos/Dataset_Termico_Masivo6.mat","modelo_Doble_slot_1ant","dset_c5_p15","modelo_Doble_slot_1ant__dset_c5_p15","/mnt/personal/TT_FINAL/DATASETS/datasets_masivos/Dataset_Termico_Masivo.mat|/mnt/personal/TT_FINAL/DATASETS/datasets_masivos/Dataset_Termico_Masivo6.mat","Doble_slot","1ant",1,5,15
"/mnt/personal/TT_FINAL/DATASETS/datasets_masivos_por_metadata/Doble_slot/1ant/Caso_5/Potencia_5W/modelo_Doble_slot_1ant_dset_c5_p5.mat","/mnt/personal/TT_FINAL/DATASETS/datasets_masivos/Dataset_Termico_Masivo6.mat","modelo_Doble_slot_1ant","dset_c5_p5","modelo_Doble_slot_1ant__dset_c5_p5","/mnt/personal/TT_FINAL/DATASETS/datasets_masivos/Dataset_Termico_Masivo.mat|/mnt/personal/TT_FINAL/DATASETS/datasets_masivos/Dataset_Termico_Masivo6.mat","Doble_slot","1ant",1,5,5
"/mnt/personal/TT_FINAL/DATASETS/datasets_masivos_por_metadata/Doble_slot/1ant/Caso_6/Potencia_5W/modelo_Doble_slot_1ant_dset_c6_p5.mat","/mnt/personal/TT_FINAL/DATASETS/datasets_masivos/Dataset_Termico_Masivo6.mat","modelo_Doble_slot_1ant","dset_c6_p5","modelo_Doble_slot_1ant__dset_c6_p5","/mnt/personal/TT_FINAL/DATASETS/datasets_masivos/Dataset_Termico_Masivo.mat|/mnt/personal/TT_FINAL/DATASETS/datasets_masivos/Dataset_Termico_Masivo6.mat","Doble_slot","1ant",1,6,5
"/mnt/personal/TT_FINAL/DATASETS/datasets_masivos_por_metadata/Doble_slot/1ant/Caso_7/Potencia_10W/modelo_Doble_slot_1ant_dset_c7_p10.mat","/mnt/personal/TT_FINAL/DATASETS/datasets_masivos/Dataset_Termico_Masivo6.mat","modelo_Doble_slot_1ant","dset_c7_p10","modelo_Doble_slot_1ant__dset_c7_p10","/mnt/personal/TT_FINAL/DATASETS/datasets_masivos/Dataset_Termico_Masivo.mat|/mnt/personal/TT_FINAL/DATASETS/datasets_masivos/Dataset_Termico_Masivo6.mat","Doble_slot","1ant",1,7,10
"/mnt/personal/TT_FINAL/DATASETS/datasets_masivos_por_metadata/Doble_slot/1ant/Caso_7/Potencia_15W/modelo_Doble_slot_1ant_dset_c7_p15.mat","/mnt/personal/TT_FINAL/DATASETS/datasets_masivos/Dataset_Termico_Masivo6.mat","modelo_Doble_slot_1ant","dset_c7_p15","modelo_Doble_slot_1ant__dset_c7_p15","/mnt/personal/TT_FINAL/DATASETS/datasets_masivos/Dataset_Termico_Masivo.mat|/mnt/personal/TT_FINAL/DATASETS/datasets_masivos/Dataset_Termico_Masivo6.mat","Doble_slot","1ant",1,7,15
"/mnt/personal/TT_FINAL/DATASETS/datasets_masivos_por_metadata/Doble_slot/1ant/Caso_7/Potencia_20W/modelo_Doble_slot_1ant_dset_c7_p20.mat","/mnt/personal/TT_FINAL/DATASETS/datasets_masivos/Dataset_Termico_Masivo6.mat","modelo_Doble_slot_1ant","dset_c7_p20","modelo_Doble_slot_1ant__dset_c7_p20","/mnt/personal/TT_FINAL/DATASETS/datasets_masivos/Dataset_Termico_Masivo.mat|/mnt/personal/TT_FINAL/DATASETS/datasets_masivos/Dataset_Termico_Masivo6.mat","Doble_slot","1ant",1,7,20
"/mnt/personal/TT_FINAL/DATASETS/datasets_masivos_por_metadata/Doble_slot/1ant/Caso_7/Potencia_25W/modelo_Doble_slot_1ant_dset_c7_p25.mat","/mnt/personal/TT_FINAL/DATASETS/datasets_masivos/Dataset_Termico_Masivo6.mat","modelo_Doble_slot_1ant","dset_c7_p25","modelo_Doble_slot_1ant__dset_c7_p25","/mnt/personal/TT_FINAL/DATASETS/datasets_masivos/Dataset_Termico_Masivo.mat|/mnt/personal/TT_FINAL/DATASETS/datasets_masivos/Dataset_Termico_Masivo6.mat","Doble_slot","1ant",1,7,25
"/mnt/personal/TT_FINAL/DATASETS/datasets_masivos_por_metadata/Doble_slot/1ant/Caso_7/Potencia_30W/modelo_Doble_slot_1ant_dset_c7_p30.mat","/mnt/personal/TT_FINAL/DATASETS/datasets_masivos/Dataset_Termico_Masivo6.mat","modelo_Doble_slot_1ant","dset_c7_p30","modelo_Doble_slot_1ant__dset_c7_p30","/mnt/personal/TT_FINAL/DATASETS/datasets_masivos/Dataset_Termico_Masivo.mat|/mnt/personal/TT_FINAL/DATASETS/datasets_masivos/Dataset_Termico_Masivo6.mat","Doble_slot","1ant",1,7,30
"/mnt/personal/TT_FINAL/DATASETS/datasets_masivos_por_metadata/Doble_slot/1ant/Caso_7/Potencia_35W/modelo_Doble_slot_1ant_dset_c7_p35.mat","/mnt/personal/TT_FINAL/DATASETS/datasets_masivos/Dataset_Termico_Masivo6.mat","modelo_Doble_slot_1ant","dset_c7_p35","modelo_Doble_slot_1ant__dset_c7_p35","/mnt/personal/TT_FINAL/DATASETS/datasets_masivos/Dataset_Termico_Masivo.mat|/mnt/personal/TT_FINAL/DATASETS/datasets_masivos/Dataset_Termico_Masivo6.mat","Doble_slot","1ant",1,7,35
"/mnt/personal/TT_FINAL/DATASETS/datasets_masivos_por_metadata/Doble_slot/1ant/Caso_7/Potencia_5W/modelo_Doble_slot_1ant_dset_c7_p5.mat","/mnt/personal/TT_FINAL/DATASETS/datasets_masivos/Dataset_Termico_Masivo6.mat","modelo_Doble_slot_1ant","dset_c7_p5","modelo_Doble_slot_1ant__dset_c7_p5","/mnt/personal/TT_FINAL/DATASETS/datasets_masivos/Dataset_Termico_Masivo.mat|/mnt/personal/TT_FINAL/DATASETS/datasets_masivos/Dataset_Termico_Masivo6.mat","Doble_slot","1ant",1,7,5
"/mnt/personal/TT_FINAL/DATASETS/datasets_masivos_por_metadata/Doble_slot/2ant/Caso_0/Potencia_10W/modelo_Doble_slot_2ant_dset_c0_p10.mat","/mnt/personal/TT_FINAL/DATASETS/datasets_masivos/Dataset_Termico_Masivo2.mat","modelo_Doble_slot_2ant","dset_c0_p10","modelo_Doble_slot_2ant__dset_c0_p10","/mnt/personal/TT_FINAL/DATASETS/datasets_masivos/Dataset_Termico_Masivo.mat|/mnt/personal/TT_FINAL/DATASETS/datasets_masivos/Dataset_Termico_Masivo2.mat","Doble_slot","2ant",2,0,10
"/mnt/personal/TT_FINAL/DATASETS/datasets_masivos_por_metadata/Doble_slot/2ant/Caso_0/Potencia_5W/modelo_Doble_slot_2ant_dset_c0_p5.mat","/mnt/personal/TT_FINAL/DATASETS/datasets_masivos/Dataset_Termico_Masivo2.mat","modelo_Doble_slot_2ant","dset_c0_p5","modelo_Doble_slot_2ant__dset_c0_p5","/mnt/personal/TT_FINAL/DATASETS/datasets_masivos/Dataset_Termico_Masivo.mat|/mnt/personal/TT_FINAL/DATASETS/datasets_masivos/Dataset_Termico_Masivo2.mat","Doble_slot","2ant",2,0,5
"/mnt/personal/TT_FINAL/DATASETS/datasets_masivos_por_metadata/Doble_slot/2ant/Caso_1/Potencia_10W/modelo_Doble_slot_2ant_dset_c1_p10.mat","/mnt/personal/TT_FINAL/DATASETS/datasets_masivos/Dataset_Termico_Masivo2.mat","modelo_Doble_slot_2ant","dset_c1_p10","modelo_Doble_slot_2ant__dset_c1_p10","/mnt/personal/TT_FINAL/DATASETS/datasets_masivos/Dataset_Termico_Masivo.mat|/mnt/personal/TT_FINAL/DATASETS/datasets_masivos/Dataset_Termico_Masivo2.mat","Doble_slot","2ant",2,1,10
"/mnt/personal/TT_FINAL/DATASETS/datasets_masivos_por_metadata/Doble_slot/2ant/Caso_1/Potencia_5W/modelo_Doble_slot_2ant_dset_c1_p5.mat","/mnt/personal/TT_FINAL/DATASETS/datasets_masivos/Dataset_Termico_Masivo2.mat","modelo_Doble_slot_2ant","dset_c1_p5","modelo_Doble_slot_2ant__dset_c1_p5","/mnt/personal/TT_FINAL/DATASETS/datasets_masivos/Dataset_Termico_Masivo.mat|/mnt/personal/TT_FINAL/DATASETS/datasets_masivos/Dataset_Termico_Masivo2.mat","Doble_slot","2ant",2,1,5
"/mnt/personal/TT_FINAL/DATASETS/datasets_masivos_por_metadata/Doble_slot/2ant/Caso_5/Potencia_10W/modelo_Doble_slot_2ant_dset_c5_p10.mat","/mnt/personal/TT_FINAL/DATASETS/datasets_masivos/Dataset_Termico_Masivo6.mat","modelo_Doble_slot_2ant","dset_c5_p10","modelo_Doble_slot_2ant__dset_c5_p10","/mnt/personal/TT_FINAL/DATASETS/datasets_masivos/Dataset_Termico_Masivo.mat|/mnt/personal/TT_FINAL/DATASETS/datasets_masivos/Dataset_Termico_Masivo6.mat","Doble_slot","2ant",2,5,10
"/mnt/personal/TT_FINAL/DATASETS/datasets_masivos_por_metadata/Doble_slot/2ant/Caso_5/Potencia_15W/modelo_Doble_slot_2ant_dset_c5_p15.mat","/mnt/personal/TT_FINAL/DATASETS/datasets_masivos/Dataset_Termico_Masivo6.mat","modelo_Doble_slot_2ant","dset_c5_p15","modelo_Doble_slot_2ant__dset_c5_p15","/mnt/personal/TT_FINAL/DATASETS/datasets_masivos/Dataset_Termico_Masivo.mat|/mnt/personal/TT_FINAL/DATASETS/datasets_masivos/Dataset_Termico_Masivo6.mat","Doble_slot","2ant",2,5,15
"/mnt/personal/TT_FINAL/DATASETS/datasets_masivos_por_metadata/Doble_slot/2ant/Caso_5/Potencia_5W/modelo_Doble_slot_2ant_dset_c5_p5.mat","/mnt/personal/TT_FINAL/DATASETS/datasets_masivos/Dataset_Termico_Masivo6.mat","modelo_Doble_slot_2ant","dset_c5_p5","modelo_Doble_slot_2ant__dset_c5_p5","/mnt/personal/TT_FINAL/DATASETS/datasets_masivos/Dataset_Termico_Masivo.mat|/mnt/personal/TT_FINAL/DATASETS/datasets_masivos/Dataset_Termico_Masivo6.mat","Doble_slot","2ant",2,5,5
"/mnt/personal/TT_FINAL/DATASETS/datasets_masivos_por_metadata/Doble_slot/2ant/Caso_7/Potencia_10W/modelo_Doble_slot_2ant_dset_c7_p10.mat","/mnt/personal/TT_FINAL/DATASETS/datasets_masivos/Dataset_Termico_Masivo6.mat","modelo_Doble_slot_2ant","dset_c7_p10","modelo_Doble_slot_2ant__dset_c7_p10","/mnt/personal/TT_FINAL/DATASETS/datasets_masivos/Dataset_Termico_Masivo.mat|/mnt/personal/TT_FINAL/DATASETS/datasets_masivos/Dataset_Termico_Masivo6.mat","Doble_slot","2ant",2,7,10
"/mnt/personal/TT_FINAL/DATASETS/datasets_masivos_por_metadata/Doble_slot/2ant/Caso_7/Potencia_15W/modelo_Doble_slot_2ant_dset_c7_p15.mat","/mnt/personal/TT_FINAL/DATASETS/datasets_masivos/Dataset_Termico_Masivo6.mat","modelo_Doble_slot_2ant","dset_c7_p15","modelo_Doble_slot_2ant__dset_c7_p15","/mnt/personal/TT_FINAL/DATASETS/datasets_masivos/Dataset_Termico_Masivo.mat|/mnt/personal/TT_FINAL/DATASETS/datasets_masivos/Dataset_Termico_Masivo6.mat","Doble_slot","2ant",2,7,15
"/mnt/personal/TT_FINAL/DATASETS/datasets_masivos_por_metadata/Doble_slot/2ant/Caso_7/Potencia_20W/modelo_Doble_slot_2ant_dset_c7_p20.mat","/mnt/personal/TT_FINAL/DATASETS/datasets_masivos/Dataset_Termico_Masivo6.mat","modelo_Doble_slot_2ant","dset_c7_p20","modelo_Doble_slot_2ant__dset_c7_p20","/mnt/personal/TT_FINAL/DATASETS/datasets_masivos/Dataset_Termico_Masivo.mat|/mnt/personal/TT_FINAL/DATASETS/datasets_masivos/Dataset_Termico_Masivo6.mat","Doble_slot","2ant",2,7,20
"/mnt/personal/TT_FINAL/DATASETS/datasets_masivos_por_metadata/Doble_slot/2ant/Caso_7/Potencia_25W/modelo_Doble_slot_2ant_dset_c7_p25.mat","/mnt/personal/TT_FINAL/DATASETS/datasets_masivos/Dataset_Termico_Masivo6.mat","modelo_Doble_slot_2ant","dset_c7_p25","modelo_Doble_slot_2ant__dset_c7_p25","/mnt/personal/TT_FINAL/DATASETS/datasets_masivos/Dataset_Termico_Masivo.mat|/mnt/personal/TT_FINAL/DATASETS/datasets_masivos/Dataset_Termico_Masivo6.mat","Doble_slot","2ant",2,7,25
"/mnt/personal/TT_FINAL/DATASETS/datasets_masivos_por_metadata/Doble_slot/2ant/Caso_7/Potencia_30W/modelo_Doble_slot_2ant_dset_c7_p30.mat","/mnt/personal/TT_FINAL/DATASETS/datasets_masivos/Dataset_Termico_Masivo6.mat","modelo_Doble_slot_2ant","dset_c7_p30","modelo_Doble_slot_2ant__dset_c7_p30","/mnt/personal/TT_FINAL/DATASETS/datasets_masivos/Dataset_Termico_Masivo.mat|/mnt/personal/TT_FINAL/DATASETS/datasets_masivos/Dataset_Termico_Masivo6.mat","Doble_slot","2ant",2,7,30
"/mnt/personal/TT_FINAL/DATASETS/datasets_masivos_por_metadata/Doble_slot/2ant/Caso_7/Potencia_5W/modelo_Doble_slot_2ant_dset_c7_p5.mat","/mnt/personal/TT_FINAL/DATASETS/datasets_masivos/Dataset_Termico_Masivo6.mat","modelo_Doble_slot_2ant","dset_c7_p5","modelo_Doble_slot_2ant__dset_c7_p5","/mnt/personal/TT_FINAL/DATASETS/datasets_masivos/Dataset_Termico_Masivo.mat|/mnt/personal/TT_FINAL/DATASETS/datasets_masivos/Dataset_Termico_Masivo6.mat","Doble_slot","2ant",2,7,5
"/mnt/personal/TT_FINAL/DATASETS/datasets_masivos_por_metadata/Doble_slot/3ant/Caso_0/Potencia_10W/modelo_Doble_slot_3ant_dset_c0_p10.mat","/mnt/personal/TT_FINAL/DATASETS/datasets_masivos/Dataset_Termico_Masivo2.mat","modelo_Doble_slot_3ant","dset_c0_p10","modelo_Doble_slot_3ant__dset_c0_p10","/mnt/personal/TT_FINAL/DATASETS/datasets_masivos/Dataset_Termico_Masivo.mat|/mnt/personal/TT_FINAL/DATASETS/datasets_masivos/Dataset_Termico_Masivo2.mat","Doble_slot","3ant",3,0,10
"/mnt/personal/TT_FINAL/DATASETS/datasets_masivos_por_metadata/Doble_slot/3ant/Caso_0/Potencia_5W/modelo_Doble_slot_3ant_dset_c0_p5.mat","/mnt/personal/TT_FINAL/DATASETS/datasets_masivos/Dataset_Termico_Masivo2.mat","modelo_Doble_slot_3ant","dset_c0_p5","modelo_Doble_slot_3ant__dset_c0_p5","/mnt/personal/TT_FINAL/DATASETS/datasets_masivos/Dataset_Termico_Masivo.mat|/mnt/personal/TT_FINAL/DATASETS/datasets_masivos/Dataset_Termico_Masivo2.mat","Doble_slot","3ant",3,0,5
"/mnt/personal/TT_FINAL/DATASETS/datasets_masivos_por_metadata/Doble_slot/3ant/Caso_1/Potencia_10W/modelo_Doble_slot_3ant_dset_c1_p10.mat","/mnt/personal/TT_FINAL/DATASETS/datasets_masivos/Dataset_Termico_Masivo2.mat","modelo_Doble_slot_3ant","dset_c1_p10","modelo_Doble_slot_3ant__dset_c1_p10","/mnt/personal/TT_FINAL/DATASETS/datasets_masivos/Dataset_Termico_Masivo.mat|/mnt/personal/TT_FINAL/DATASETS/datasets_masivos/Dataset_Termico_Masivo2.mat","Doble_slot","3ant",3,1,10
"/mnt/personal/TT_FINAL/DATASETS/datasets_masivos_por_metadata/Doble_slot/3ant/Caso_1/Potencia_5W/modelo_Doble_slot_3ant_dset_c1_p5.mat","/mnt/personal/TT_FINAL/DATASETS/datasets_masivos/Dataset_Termico_Masivo2.mat","modelo_Doble_slot_3ant","dset_c1_p5","modelo_Doble_slot_3ant__dset_c1_p5","/mnt/personal/TT_FINAL/DATASETS/datasets_masivos/Dataset_Termico_Masivo.mat|/mnt/personal/TT_FINAL/DATASETS/datasets_masivos/Dataset_Termico_Masivo2.mat","Doble_slot","3ant",3,1,5
"/mnt/personal/TT_FINAL/DATASETS/datasets_masivos_por_metadata/Doble_slot/3ant/Caso_5/Potencia_10W/modelo_Doble_slot_3ant_dset_c5_p10.mat","/mnt/personal/TT_FINAL/DATASETS/datasets_masivos/Dataset_Termico_Masivo6.mat","modelo_Doble_slot_3ant","dset_c5_p10","modelo_Doble_slot_3ant__dset_c5_p10","/mnt/personal/TT_FINAL/DATASETS/datasets_masivos/Dataset_Termico_Masivo.mat|/mnt/personal/TT_FINAL/DATASETS/datasets_masivos/Dataset_Termico_Masivo6.mat","Doble_slot","3ant",3,5,10
"/mnt/personal/TT_FINAL/DATASETS/datasets_masivos_por_metadata/Doble_slot/3ant/Caso_5/Potencia_15W/modelo_Doble_slot_3ant_dset_c5_p15.mat","/mnt/personal/TT_FINAL/DATASETS/datasets_masivos/Dataset_Termico_Masivo6.mat","modelo_Doble_slot_3ant","dset_c5_p15","modelo_Doble_slot_3ant__dset_c5_p15","/mnt/personal/TT_FINAL/DATASETS/datasets_masivos/Dataset_Termico_Masivo.mat|/mnt/personal/TT_FINAL/DATASETS/datasets_masivos/Dataset_Termico_Masivo6.mat","Doble_slot","3ant",3,5,15
"/mnt/personal/TT_FINAL/DATASETS/datasets_masivos_por_metadata/Doble_slot/3ant/Caso_5/Potencia_5W/modelo_Doble_slot_3ant_dset_c5_p5.mat","/mnt/personal/TT_FINAL/DATASETS/datasets_masivos/Dataset_Termico_Masivo6.mat","modelo_Doble_slot_3ant","dset_c5_p5","modelo_Doble_slot_3ant__dset_c5_p5","/mnt/personal/TT_FINAL/DATASETS/datasets_masivos/Dataset_Termico_Masivo.mat|/mnt/personal/TT_FINAL/DATASETS/datasets_masivos/Dataset_Termico_Masivo6.mat","Doble_slot","3ant",3,5,5
"/mnt/personal/TT_FINAL/DATASETS/datasets_masivos_por_metadata/Doble_slot/3ant/Caso_7/Potencia_10W/modelo_Doble_slot_3ant_dset_c7_p10.mat","/mnt/personal/TT_FINAL/DATASETS/datasets_masivos/Dataset_Termico_Masivo6.mat","modelo_Doble_slot_3ant","dset_c7_p10","modelo_Doble_slot_3ant__dset_c7_p10","/mnt/personal/TT_FINAL/DATASETS/datasets_masivos/Dataset_Termico_Masivo.mat|/mnt/personal/TT_FINAL/DATASETS/datasets_masivos/Dataset_Termico_Masivo6.mat","Doble_slot","3ant",3,7,10
"/mnt/personal/TT_FINAL/DATASETS/datasets_masivos_por_metadata/Doble_slot/3ant/Caso_7/Potencia_5W/modelo_Doble_slot_3ant_dset_c7_p5.mat","/mnt/personal/TT_FINAL/DATASETS/datasets_masivos/Dataset_Termico_Masivo6.mat","modelo_Doble_slot_3ant","dset_c7_p5","modelo_Doble_slot_3ant__dset_c7_p5","/mnt/personal/TT_FINAL/DATASETS/datasets_masivos/Dataset_Termico_Masivo.mat|/mnt/personal/TT_FINAL/DATASETS/datasets_masivos/Dataset_Termico_Masivo6.mat","Doble_slot","3ant",3,7,5
"/mnt/personal/TT_FINAL/DATASETS/datasets_masivos_por_metadata/Doble_slot/4ant/Caso_0/Potencia_10W/modelo_Doble_slot_4ant_dset_c0_p10.mat","/mnt/personal/TT_FINAL/DATASETS/datasets_masivos/Dataset_Termico_Masivo2.mat","modelo_Doble_slot_4ant","dset_c0_p10","modelo_Doble_slot_4ant__dset_c0_p10","/mnt/personal/TT_FINAL/DATASETS/datasets_masivos/Dataset_Termico_Masivo.mat|/mnt/personal/TT_FINAL/DATASETS/datasets_masivos/Dataset_Termico_Masivo2.mat","Doble_slot","4ant",4,0,10
"/mnt/personal/TT_FINAL/DATASETS/datasets_masivos_por_metadata/Doble_slot/4ant/Caso_0/Potencia_5W/modelo_Doble_slot_4ant_dset_c0_p5.mat","/mnt/personal/TT_FINAL/DATASETS/datasets_masivos/Dataset_Termico_Masivo2.mat","modelo_Doble_slot_4ant","dset_c0_p5","modelo_Doble_slot_4ant__dset_c0_p5","/mnt/personal/TT_FINAL/DATASETS/datasets_masivos/Dataset_Termico_Masivo.mat|/mnt/personal/TT_FINAL/DATASETS/datasets_masivos/Dataset_Termico_Masivo2.mat","Doble_slot","4ant",4,0,5
"/mnt/personal/TT_FINAL/DATASETS/datasets_masivos_por_metadata/Doble_slot/4ant/Caso_1/Potencia_10W/modelo_Doble_slot_4ant_dset_c1_p10.mat","/mnt/personal/TT_FINAL/DATASETS/datasets_masivos/Dataset_Termico_Masivo2.mat","modelo_Doble_slot_4ant","dset_c1_p10","modelo_Doble_slot_4ant__dset_c1_p10","/mnt/personal/TT_FINAL/DATASETS/datasets_masivos/Dataset_Termico_Masivo.mat|/mnt/personal/TT_FINAL/DATASETS/datasets_masivos/Dataset_Termico_Masivo2.mat","Doble_slot","4ant",4,1,10
"/mnt/personal/TT_FINAL/DATASETS/datasets_masivos_por_metadata/Doble_slot/4ant/Caso_1/Potencia_5W/modelo_Doble_slot_4ant_dset_c1_p5.mat","/mnt/personal/TT_FINAL/DATASETS/datasets_masivos/Dataset_Termico_Masivo2.mat","modelo_Doble_slot_4ant","dset_c1_p5","modelo_Doble_slot_4ant__dset_c1_p5","/mnt/personal/TT_FINAL/DATASETS/datasets_masivos/Dataset_Termico_Masivo.mat|/mnt/personal/TT_FINAL/DATASETS/datasets_masivos/Dataset_Termico_Masivo2.mat","Doble_slot","4ant",4,1,5
"/mnt/personal/TT_FINAL/DATASETS/datasets_masivos_por_metadata/Doble_slot/4ant/Caso_5/Potencia_10W/modelo_Doble_slot_4ant_dset_c5_p10.mat","/mnt/personal/TT_FINAL/DATASETS/datasets_masivos/Dataset_Termico_Masivo6.mat","modelo_Doble_slot_4ant","dset_c5_p10","modelo_Doble_slot_4ant__dset_c5_p10","/mnt/personal/TT_FINAL/DATASETS/datasets_masivos/Dataset_Termico_Masivo.mat|/mnt/personal/TT_FINAL/DATASETS/datasets_masivos/Dataset_Termico_Masivo6.mat","Doble_slot","4ant",4,5,10
"/mnt/personal/TT_FINAL/DATASETS/datasets_masivos_por_metadata/Doble_slot/4ant/Caso_5/Potencia_15W/modelo_Doble_slot_4ant_dset_c5_p15.mat","/mnt/personal/TT_FINAL/DATASETS/datasets_masivos/Dataset_Termico_Masivo6.mat","modelo_Doble_slot_4ant","dset_c5_p15","modelo_Doble_slot_4ant__dset_c5_p15","/mnt/personal/TT_FINAL/DATASETS/datasets_masivos/Dataset_Termico_Masivo.mat|/mnt/personal/TT_FINAL/DATASETS/datasets_masivos/Dataset_Termico_Masivo6.mat","Doble_slot","4ant",4,5,15
"/mnt/personal/TT_FINAL/DATASETS/datasets_masivos_por_metadata/Doble_slot/4ant/Caso_5/Potencia_20W/modelo_Doble_slot_4ant_dset_c5_p20.mat","/mnt/personal/TT_FINAL/DATASETS/datasets_masivos/Dataset_Termico_Masivo6.mat","modelo_Doble_slot_4ant","dset_c5_p20","modelo_Doble_slot_4ant__dset_c5_p20","/mnt/personal/TT_FINAL/DATASETS/datasets_masivos/Dataset_Termico_Masivo.mat|/mnt/personal/TT_FINAL/DATASETS/datasets_masivos/Dataset_Termico_Masivo6.mat","Doble_slot","4ant",4,5,20
"/mnt/personal/TT_FINAL/DATASETS/datasets_masivos_por_metadata/Doble_slot/4ant/Caso_5/Potencia_25W/modelo_Doble_slot_4ant_dset_c5_p25.mat","/mnt/personal/TT_FINAL/DATASETS/datasets_masivos/Dataset_Termico_Masivo6.mat","modelo_Doble_slot_4ant","dset_c5_p25","modelo_Doble_slot_4ant__dset_c5_p25","/mnt/personal/TT_FINAL/DATASETS/datasets_masivos/Dataset_Termico_Masivo.mat|/mnt/personal/TT_FINAL/DATASETS/datasets_masivos/Dataset_Termico_Masivo6.mat","Doble_slot","4ant",4,5,25
"/mnt/personal/TT_FINAL/DATASETS/datasets_masivos_por_metadata/Doble_slot/4ant/Caso_5/Potencia_5W/modelo_Doble_slot_4ant_dset_c5_p5.mat","/mnt/personal/TT_FINAL/DATASETS/datasets_masivos/Dataset_Termico_Masivo6.mat","modelo_Doble_slot_4ant","dset_c5_p5","modelo_Doble_slot_4ant__dset_c5_p5","/mnt/personal/TT_FINAL/DATASETS/datasets_masivos/Dataset_Termico_Masivo.mat|/mnt/personal/TT_FINAL/DATASETS/datasets_masivos/Dataset_Termico_Masivo6.mat","Doble_slot","4ant",4,5,5
"/mnt/personal/TT_FINAL/DATASETS/datasets_masivos_por_metadata/Doble_slot/4ant/Caso_7/Potencia_10W/modelo_Doble_slot_4ant_dset_c7_p10.mat","/mnt/personal/TT_FINAL/DATASETS/datasets_masivos/Dataset_Termico_Masivo6.mat","modelo_Doble_slot_4ant","dset_c7_p10","modelo_Doble_slot_4ant__dset_c7_p10","/mnt/personal/TT_FINAL/DATASETS/datasets_masivos/Dataset_Termico_Masivo.mat|/mnt/personal/TT_FINAL/DATASETS/datasets_masivos/Dataset_Termico_Masivo6.mat","Doble_slot","4ant",4,7,10
"/mnt/personal/TT_FINAL/DATASETS/datasets_masivos_por_metadata/Doble_slot/4ant/Caso_7/Potencia_5W/modelo_Doble_slot_4ant_dset_c7_p5.mat","/mnt/personal/TT_FINAL/DATASETS/datasets_masivos/Dataset_Termico_Masivo6.mat","modelo_Doble_slot_4ant","dset_c7_p5","modelo_Doble_slot_4ant__dset_c7_p5","/mnt/personal/TT_FINAL/DATASETS/datasets_masivos/Dataset_Termico_Masivo.mat|/mnt/personal/TT_FINAL/DATASETS/datasets_masivos/Dataset_Termico_Masivo6.mat","Doble_slot","4ant",4,7,5
"/mnt/personal/TT_FINAL/DATASETS/datasets_masivos_por_metadata/Doble_slot/4ant/Caso_8/Potencia_10W/modelo_Doble_slot_4ant_dset_c8_p10.mat","/mnt/personal/TT_FINAL/DATASETS/datasets_masivos/Dataset_Termico_Masivo6.mat","modelo_Doble_slot_4ant","dset_c8_p10","modelo_Doble_slot_4ant__dset_c8_p10","/mnt/personal/TT_FINAL/DATASETS/datasets_masivos/Dataset_Termico_Masivo.mat|/mnt/personal/TT_FINAL/DATASETS/datasets_masivos/Dataset_Termico_Masivo6.mat","Doble_slot","4ant",4,8,10
"/mnt/personal/TT_FINAL/DATASETS/datasets_masivos_por_metadata/Doble_slot/4ant/Caso_8/Potencia_15W/modelo_Doble_slot_4ant_dset_c8_p15.mat","/mnt/personal/TT_FINAL/DATASETS/datasets_masivos/Dataset_Termico_Masivo6.mat","modelo_Doble_slot_4ant","dset_c8_p15","modelo_Doble_slot_4ant__dset_c8_p15","/mnt/personal/TT_FINAL/DATASETS/datasets_masivos/Dataset_Termico_Masivo.mat|/mnt/personal/TT_FINAL/DATASETS/datasets_masivos/Dataset_Termico_Masivo6.mat","Doble_slot","4ant",4,8,15
"/mnt/personal/TT_FINAL/DATASETS/datasets_masivos_por_metadata/Doble_slot/4ant/Caso_8/Potencia_20W/modelo_Doble_slot_4ant_dset_c8_p20.mat","/mnt/personal/TT_FINAL/DATASETS/datasets_masivos/Dataset_Termico_Masivo6.mat","modelo_Doble_slot_4ant","dset_c8_p20","modelo_Doble_slot_4ant__dset_c8_p20","/mnt/personal/TT_FINAL/DATASETS/datasets_masivos/Dataset_Termico_Masivo.mat|/mnt/personal/TT_FINAL/DATASETS/datasets_masivos/Dataset_Termico_Masivo6.mat","Doble_slot","4ant",4,8,20
"/mnt/personal/TT_FINAL/DATASETS/datasets_masivos_por_metadata/Doble_slot/4ant/Caso_8/Potencia_25W/modelo_Doble_slot_4ant_dset_c8_p25.mat","/mnt/personal/TT_FINAL/DATASETS/datasets_masivos/Dataset_Termico_Masivo6.mat","modelo_Doble_slot_4ant","dset_c8_p25","modelo_Doble_slot_4ant__dset_c8_p25","/mnt/personal/TT_FINAL/DATASETS/datasets_masivos/Dataset_Termico_Masivo.mat|/mnt/personal/TT_FINAL/DATASETS/datasets_masivos/Dataset_Termico_Masivo6.mat","Doble_slot","4ant",4,8,25
"/mnt/personal/TT_FINAL/DATASETS/datasets_masivos_por_metadata/Doble_slot/4ant/Caso_8/Potencia_5W/modelo_Doble_slot_4ant_dset_c8_p5.mat","/mnt/personal/TT_FINAL/DATASETS/datasets_masivos/Dataset_Termico_Masivo6.mat","modelo_Doble_slot_4ant","dset_c8_p5","modelo_Doble_slot_4ant__dset_c8_p5","/mnt/personal/TT_FINAL/DATASETS/datasets_masivos/Dataset_Termico_Masivo.mat|/mnt/personal/TT_FINAL/DATASETS/datasets_masivos/Dataset_Termico_Masivo6.mat","Doble_slot","4ant",4,8,5
"/mnt/personal/TT_FINAL/DATASETS/datasets_masivos_por_metadata/Monopolo/1ant/Caso_0/Potencia_10W/modelo_Monopolo_1ant_dset_c0_p10.mat","/mnt/personal/TT_FINAL/DATASETS/datasets_masivos/Dataset_Termico_Masivo2.mat","modelo_Monopolo_1ant","dset_c0_p10","modelo_Monopolo_1ant__dset_c0_p10","/mnt/personal/TT_FINAL/DATASETS/datasets_masivos/Dataset_Termico_Masivo.mat|/mnt/personal/TT_FINAL/DATASETS/datasets_masivos/Dataset_Termico_Masivo2.mat","Monopolo","1ant",1,0,10
"/mnt/personal/TT_FINAL/DATASETS/datasets_masivos_por_metadata/Monopolo/1ant/Caso_0/Potencia_15W/modelo_Monopolo_1ant_dset_c0_p15.mat","/mnt/personal/TT_FINAL/DATASETS/datasets_masivos/Dataset_Termico_Masivo2.mat","modelo_Monopolo_1ant","dset_c0_p15","modelo_Monopolo_1ant__dset_c0_p15","/mnt/personal/TT_FINAL/DATASETS/datasets_masivos/Dataset_Termico_Masivo.mat|/mnt/personal/TT_FINAL/DATASETS/datasets_masivos/Dataset_Termico_Masivo2.mat","Monopolo","1ant",1,0,15
"/mnt/personal/TT_FINAL/DATASETS/datasets_masivos_por_metadata/Monopolo/1ant/Caso_0/Potencia_30W/modelo_Monopolo_1ant_dset_c0_p30.mat","/mnt/personal/TT_FINAL/DATASETS/datasets_masivos/Dataset_Termico_Masivo1.mat","modelo_Monopolo_1ant","dset_c0_p30","modelo_Monopolo_1ant__dset_c0_p30","/mnt/personal/TT_FINAL/DATASETS/datasets_masivos/Dataset_Termico_Masivo.mat|/mnt/personal/TT_FINAL/DATASETS/datasets_masivos/Dataset_Termico_Masivo1.mat","Monopolo","1ant",1,0,30
"/mnt/personal/TT_FINAL/DATASETS/datasets_masivos_por_metadata/Monopolo/1ant/Caso_0/Potencia_5W/modelo_Monopolo_1ant_dset_c0_p5.mat","/mnt/personal/TT_FINAL/DATASETS/datasets_masivos/Dataset_Termico_Masivo2.mat","modelo_Monopolo_1ant","dset_c0_p5","modelo_Monopolo_1ant__dset_c0_p5","/mnt/personal/TT_FINAL/DATASETS/datasets_masivos/Dataset_Termico_Masivo.mat|/mnt/personal/TT_FINAL/DATASETS/datasets_masivos/Dataset_Termico_Masivo2.mat","Monopolo","1ant",1,0,5
"/mnt/personal/TT_FINAL/DATASETS/datasets_masivos_por_metadata/Monopolo/1ant/Caso_1/Potencia_10W/modelo_Monopolo_1ant_dset_c1_p10.mat","/mnt/personal/TT_FINAL/DATASETS/datasets_masivos/Dataset_Termico_Masivo2.mat","modelo_Monopolo_1ant","dset_c1_p10","modelo_Monopolo_1ant__dset_c1_p10","/mnt/personal/TT_FINAL/DATASETS/datasets_masivos/Dataset_Termico_Masivo.mat|/mnt/personal/TT_FINAL/DATASETS/datasets_masivos/Dataset_Termico_Masivo2.mat","Monopolo","1ant",1,1,10
"/mnt/personal/TT_FINAL/DATASETS/datasets_masivos_por_metadata/Monopolo/1ant/Caso_1/Potencia_15W/modelo_Monopolo_1ant_dset_c1_p15.mat","/mnt/personal/TT_FINAL/DATASETS/datasets_masivos/Dataset_Termico_Masivo2.mat","modelo_Monopolo_1ant","dset_c1_p15","modelo_Monopolo_1ant__dset_c1_p15","/mnt/personal/TT_FINAL/DATASETS/datasets_masivos/Dataset_Termico_Masivo.mat|/mnt/personal/TT_FINAL/DATASETS/datasets_masivos/Dataset_Termico_Masivo2.mat","Monopolo","1ant",1,1,15
"/mnt/personal/TT_FINAL/DATASETS/datasets_masivos_por_metadata/Monopolo/1ant/Caso_1/Potencia_30W/modelo_Monopolo_1ant_dset_c1_p30.mat","/mnt/personal/TT_FINAL/DATASETS/datasets_masivos/Dataset_Termico_Masivo1.mat","modelo_Monopolo_1ant","dset_c1_p30","modelo_Monopolo_1ant__dset_c1_p30","/mnt/personal/TT_FINAL/DATASETS/datasets_masivos/Dataset_Termico_Masivo.mat|/mnt/personal/TT_FINAL/DATASETS/datasets_masivos/Dataset_Termico_Masivo1.mat","Monopolo","1ant",1,1,30
"/mnt/personal/TT_FINAL/DATASETS/datasets_masivos_por_metadata/Monopolo/1ant/Caso_1/Potencia_5W/modelo_Monopolo_1ant_dset_c1_p5.mat","/mnt/personal/TT_FINAL/DATASETS/datasets_masivos/Dataset_Termico_Masivo2.mat","modelo_Monopolo_1ant","dset_c1_p5","modelo_Monopolo_1ant__dset_c1_p5","/mnt/personal/TT_FINAL/DATASETS/datasets_masivos/Dataset_Termico_Masivo.mat|/mnt/personal/TT_FINAL/DATASETS/datasets_masivos/Dataset_Termico_Masivo2.mat","Monopolo","1ant",1,1,5
"/mnt/personal/TT_FINAL/DATASETS/datasets_masivos_por_metadata/Monopolo/1ant/Caso_3/Potencia_10W/modelo_Monopolo_1ant_dset_c3_p10.mat","/mnt/personal/TT_FINAL/DATASETS/datasets_masivos/Dataset_Termico_Masivo2.mat","modelo_Monopolo_1ant","dset_c3_p10","modelo_Monopolo_1ant__dset_c3_p10","/mnt/personal/TT_FINAL/DATASETS/datasets_masivos/Dataset_Termico_Masivo.mat|/mnt/personal/TT_FINAL/DATASETS/datasets_masivos/Dataset_Termico_Masivo4.mat|/mnt/personal/TT_FINAL/DATASETS/datasets_masivos/Dataset_Termico_Masivo2.mat","Monopolo","1ant",1,3,10
"/mnt/personal/TT_FINAL/DATASETS/datasets_masivos_por_metadata/Monopolo/1ant/Caso_3/Potencia_15W/modelo_Monopolo_1ant_dset_c3_p15.mat","/mnt/personal/TT_FINAL/DATASETS/datasets_masivos/Dataset_Termico_Masivo2.mat","modelo_Monopolo_1ant","dset_c3_p15","modelo_Monopolo_1ant__dset_c3_p15","/mnt/personal/TT_FINAL/DATASETS/datasets_masivos/Dataset_Termico_Masivo.mat|/mnt/personal/TT_FINAL/DATASETS/datasets_masivos/Dataset_Termico_Masivo4.mat|/mnt/personal/TT_FINAL/DATASETS/datasets_masivos/Dataset_Termico_Masivo2.mat","Monopolo","1ant",1,3,15
"/mnt/personal/TT_FINAL/DATASETS/datasets_masivos_por_metadata/Monopolo/1ant/Caso_3/Potencia_5W/modelo_Monopolo_1ant_dset_c3_p5.mat","/mnt/personal/TT_FINAL/DATASETS/datasets_masivos/Dataset_Termico_Masivo2.mat","modelo_Monopolo_1ant","dset_c3_p5","modelo_Monopolo_1ant__dset_c3_p5","/mnt/personal/TT_FINAL/DATASETS/datasets_masivos/Dataset_Termico_Masivo.mat|/mnt/personal/TT_FINAL/DATASETS/datasets_masivos/Dataset_Termico_Masivo4.mat|/mnt/personal/TT_FINAL/DATASETS/datasets_masivos/Dataset_Termico_Masivo2.mat","Monopolo","1ant",1,3,5
"/mnt/personal/TT_FINAL/DATASETS/datasets_masivos_por_metadata/Monopolo/1ant/Caso_4/Potencia_10W/modelo_Monopolo_1ant_dset_c4_p10.mat","/mnt/personal/TT_FINAL/DATASETS/datasets_masivos/Dataset_Termico_Masivo3.mat","modelo_Monopolo_1ant","dset_c4_p10","modelo_Monopolo_1ant__dset_c4_p10","/mnt/personal/TT_FINAL/DATASETS/datasets_masivos/Dataset_Termico_Masivo.mat|/mnt/personal/TT_FINAL/DATASETS/datasets_masivos/Dataset_Termico_Masivo4.mat|/mnt/personal/TT_FINAL/DATASETS/datasets_masivos/Dataset_Termico_Masivo3.mat","Monopolo","1ant",1,4,10
"/mnt/personal/TT_FINAL/DATASETS/datasets_masivos_por_metadata/Monopolo/1ant/Caso_4/Potencia_100W/modelo_Monopolo_1ant_dset_c4_p100.mat","/mnt/personal/TT_FINAL/DATASETS/datasets_masivos/Dataset_Termico_Masivo3.mat","modelo_Monopolo_1ant","dset_c4_p100","modelo_Monopolo_1ant__dset_c4_p100","/mnt/personal/TT_FINAL/DATASETS/datasets_masivos/Dataset_Termico_Masivo.mat|/mnt/personal/TT_FINAL/DATASETS/datasets_masivos/Dataset_Termico_Masivo3.mat","Monopolo","1ant",1,4,100
"/mnt/personal/TT_FINAL/DATASETS/datasets_masivos_por_metadata/Monopolo/1ant/Caso_4/Potencia_15W/modelo_Monopolo_1ant_dset_c4_p15.mat","/mnt/personal/TT_FINAL/DATASETS/datasets_masivos/Dataset_Termico_Masivo3.mat","modelo_Monopolo_1ant","dset_c4_p15","modelo_Monopolo_1ant__dset_c4_p15","/mnt/personal/TT_FINAL/DATASETS/datasets_masivos/Dataset_Termico_Masivo.mat|/mnt/personal/TT_FINAL/DATASETS/datasets_masivos/Dataset_Termico_Masivo4.mat|/mnt/personal/TT_FINAL/DATASETS/datasets_masivos/Dataset_Termico_Masivo3.mat","Monopolo","1ant",1,4,15
"/mnt/personal/TT_FINAL/DATASETS/datasets_masivos_por_metadata/Monopolo/1ant/Caso_4/Potencia_20W/modelo_Monopolo_1ant_dset_c4_p20.mat","/mnt/personal/TT_FINAL/DATASETS/datasets_masivos/Dataset_Termico_Masivo3.mat","modelo_Monopolo_1ant","dset_c4_p20","modelo_Monopolo_1ant__dset_c4_p20","/mnt/personal/TT_FINAL/DATASETS/datasets_masivos/Dataset_Termico_Masivo.mat|/mnt/personal/TT_FINAL/DATASETS/datasets_masivos/Dataset_Termico_Masivo4.mat|/mnt/personal/TT_FINAL/DATASETS/datasets_masivos/Dataset_Termico_Masivo3.mat","Monopolo","1ant",1,4,20
"/mnt/personal/TT_FINAL/DATASETS/datasets_masivos_por_metadata/Monopolo/1ant/Caso_4/Potencia_25W/modelo_Monopolo_1ant_dset_c4_p25.mat","/mnt/personal/TT_FINAL/DATASETS/datasets_masivos/Dataset_Termico_Masivo3.mat","modelo_Monopolo_1ant","dset_c4_p25","modelo_Monopolo_1ant__dset_c4_p25","/mnt/personal/TT_FINAL/DATASETS/datasets_masivos/Dataset_Termico_Masivo.mat|/mnt/personal/TT_FINAL/DATASETS/datasets_masivos/Dataset_Termico_Masivo4.mat|/mnt/personal/TT_FINAL/DATASETS/datasets_masivos/Dataset_Termico_Masivo3.mat","Monopolo","1ant",1,4,25
"/mnt/personal/TT_FINAL/DATASETS/datasets_masivos_por_metadata/Monopolo/1ant/Caso_4/Potencia_35W/modelo_Monopolo_1ant_dset_c4_p35.mat","/mnt/personal/TT_FINAL/DATASETS/datasets_masivos/Dataset_Termico_Masivo3.mat","modelo_Monopolo_1ant","dset_c4_p35","modelo_Monopolo_1ant__dset_c4_p35","/mnt/personal/TT_FINAL/DATASETS/datasets_masivos/Dataset_Termico_Masivo.mat|/mnt/personal/TT_FINAL/DATASETS/datasets_masivos/Dataset_Termico_Masivo4.mat|/mnt/personal/TT_FINAL/DATASETS/datasets_masivos/Dataset_Termico_Masivo3.mat","Monopolo","1ant",1,4,35
"/mnt/personal/TT_FINAL/DATASETS/datasets_masivos_por_metadata/Monopolo/1ant/Caso_4/Potencia_40W/modelo_Monopolo_1ant_dset_c4_p40.mat","/mnt/personal/TT_FINAL/DATASETS/datasets_masivos/Dataset_Termico_Masivo3.mat","modelo_Monopolo_1ant","dset_c4_p40","modelo_Monopolo_1ant__dset_c4_p40","/mnt/personal/TT_FINAL/DATASETS/datasets_masivos/Dataset_Termico_Masivo.mat|/mnt/personal/TT_FINAL/DATASETS/datasets_masivos/Dataset_Termico_Masivo4.mat|/mnt/personal/TT_FINAL/DATASETS/datasets_masivos/Dataset_Termico_Masivo3.mat","Monopolo","1ant",1,4,40
"/mnt/personal/TT_FINAL/DATASETS/datasets_masivos_por_metadata/Monopolo/1ant/Caso_4/Potencia_45W/modelo_Monopolo_1ant_dset_c4_p45.mat","/mnt/personal/TT_FINAL/DATASETS/datasets_masivos/Dataset_Termico_Masivo3.mat","modelo_Monopolo_1ant","dset_c4_p45","modelo_Monopolo_1ant__dset_c4_p45","/mnt/personal/TT_FINAL/DATASETS/datasets_masivos/Dataset_Termico_Masivo.mat|/mnt/personal/TT_FINAL/DATASETS/datasets_masivos/Dataset_Termico_Masivo4.mat|/mnt/personal/TT_FINAL/DATASETS/datasets_masivos/Dataset_Termico_Masivo3.mat","Monopolo","1ant",1,4,45
"/mnt/personal/TT_FINAL/DATASETS/datasets_masivos_por_metadata/Monopolo/1ant/Caso_4/Potencia_5W/modelo_Monopolo_1ant_dset_c4_p5.mat","/mnt/personal/TT_FINAL/DATASETS/datasets_masivos/Dataset_Termico_Masivo3.mat","modelo_Monopolo_1ant","dset_c4_p5","modelo_Monopolo_1ant__dset_c4_p5","/mnt/personal/TT_FINAL/DATASETS/datasets_masivos/Dataset_Termico_Masivo.mat|/mnt/personal/TT_FINAL/DATASETS/datasets_masivos/Dataset_Termico_Masivo4.mat|/mnt/personal/TT_FINAL/DATASETS/datasets_masivos/Dataset_Termico_Masivo3.mat","Monopolo","1ant",1,4,5
"/mnt/personal/TT_FINAL/DATASETS/datasets_masivos_por_metadata/Monopolo/1ant/Caso_4/Potencia_50W/modelo_Monopolo_1ant_dset_c4_p50.mat","/mnt/personal/TT_FINAL/DATASETS/datasets_masivos/Dataset_Termico_Masivo3.mat","modelo_Monopolo_1ant","dset_c4_p50","modelo_Monopolo_1ant__dset_c4_p50","/mnt/personal/TT_FINAL/DATASETS/datasets_masivos/Dataset_Termico_Masivo.mat|/mnt/personal/TT_FINAL/DATASETS/datasets_masivos/Dataset_Termico_Masivo4.mat|/mnt/personal/TT_FINAL/DATASETS/datasets_masivos/Dataset_Termico_Masivo3.mat","Monopolo","1ant",1,4,50
"/mnt/personal/TT_FINAL/DATASETS/datasets_masivos_por_metadata/Monopolo/1ant/Caso_4/Potencia_55W/modelo_Monopolo_1ant_dset_c4_p55.mat","/mnt/personal/TT_FINAL/DATASETS/datasets_masivos/Dataset_Termico_Masivo3.mat","modelo_Monopolo_1ant","dset_c4_p55","modelo_Monopolo_1ant__dset_c4_p55","/mnt/personal/TT_FINAL/DATASETS/datasets_masivos/Dataset_Termico_Masivo.mat|/mnt/personal/TT_FINAL/DATASETS/datasets_masivos/Dataset_Termico_Masivo4.mat|/mnt/personal/TT_FINAL/DATASETS/datasets_masivos/Dataset_Termico_Masivo3.mat","Monopolo","1ant",1,4,55
"/mnt/personal/TT_FINAL/DATASETS/datasets_masivos_por_metadata/Monopolo/1ant/Caso_4/Potencia_60W/modelo_Monopolo_1ant_dset_c4_p60.mat","/mnt/personal/TT_FINAL/DATASETS/datasets_masivos/Dataset_Termico_Masivo3.mat","modelo_Monopolo_1ant","dset_c4_p60","modelo_Monopolo_1ant__dset_c4_p60","/mnt/personal/TT_FINAL/DATASETS/datasets_masivos/Dataset_Termico_Masivo.mat|/mnt/personal/TT_FINAL/DATASETS/datasets_masivos/Dataset_Termico_Masivo4.mat|/mnt/personal/TT_FINAL/DATASETS/datasets_masivos/Dataset_Termico_Masivo3.mat","Monopolo","1ant",1,4,60
"/mnt/personal/TT_FINAL/DATASETS/datasets_masivos_por_metadata/Monopolo/1ant/Caso_4/Potencia_65W/modelo_Monopolo_1ant_dset_c4_p65.mat","/mnt/personal/TT_FINAL/DATASETS/datasets_masivos/Dataset_Termico_Masivo3.mat","modelo_Monopolo_1ant","dset_c4_p65","modelo_Monopolo_1ant__dset_c4_p65","/mnt/personal/TT_FINAL/DATASETS/datasets_masivos/Dataset_Termico_Masivo.mat|/mnt/personal/TT_FINAL/DATASETS/datasets_masivos/Dataset_Termico_Masivo4.mat|/mnt/personal/TT_FINAL/DATASETS/datasets_masivos/Dataset_Termico_Masivo3.mat","Monopolo","1ant",1,4,65
"/mnt/personal/TT_FINAL/DATASETS/datasets_masivos_por_metadata/Monopolo/1ant/Caso_4/Potencia_70W/modelo_Monopolo_1ant_dset_c4_p70.mat","/mnt/personal/TT_FINAL/DATASETS/datasets_masivos/Dataset_Termico_Masivo3.mat","modelo_Monopolo_1ant","dset_c4_p70","modelo_Monopolo_1ant__dset_c4_p70","/mnt/personal/TT_FINAL/DATASETS/datasets_masivos/Dataset_Termico_Masivo.mat|/mnt/personal/TT_FINAL/DATASETS/datasets_masivos/Dataset_Termico_Masivo4.mat|/mnt/personal/TT_FINAL/DATASETS/datasets_masivos/Dataset_Termico_Masivo3.mat","Monopolo","1ant",1,4,70
"/mnt/personal/TT_FINAL/DATASETS/datasets_masivos_por_metadata/Monopolo/1ant/Caso_4/Potencia_75W/modelo_Monopolo_1ant_dset_c4_p75.mat","/mnt/personal/TT_FINAL/DATASETS/datasets_masivos/Dataset_Termico_Masivo3.mat","modelo_Monopolo_1ant","dset_c4_p75","modelo_Monopolo_1ant__dset_c4_p75","/mnt/personal/TT_FINAL/DATASETS/datasets_masivos/Dataset_Termico_Masivo.mat|/mnt/personal/TT_FINAL/DATASETS/datasets_masivos/Dataset_Termico_Masivo4.mat|/mnt/personal/TT_FINAL/DATASETS/datasets_masivos/Dataset_Termico_Masivo3.mat","Monopolo","1ant",1,4,75
"/mnt/personal/TT_FINAL/DATASETS/datasets_masivos_por_metadata/Monopolo/1ant/Caso_4/Potencia_80W/modelo_Monopolo_1ant_dset_c4_p80.mat","/mnt/personal/TT_FINAL/DATASETS/datasets_masivos/Dataset_Termico_Masivo3.mat","modelo_Monopolo_1ant","dset_c4_p80","modelo_Monopolo_1ant__dset_c4_p80","/mnt/personal/TT_FINAL/DATASETS/datasets_masivos/Dataset_Termico_Masivo.mat|/mnt/personal/TT_FINAL/DATASETS/datasets_masivos/Dataset_Termico_Masivo4.mat|/mnt/personal/TT_FINAL/DATASETS/datasets_masivos/Dataset_Termico_Masivo3.mat","Monopolo","1ant",1,4,80
"/mnt/personal/TT_FINAL/DATASETS/datasets_masivos_por_metadata/Monopolo/1ant/Caso_4/Potencia_85W/modelo_Monopolo_1ant_dset_c4_p85.mat","/mnt/personal/TT_FINAL/DATASETS/datasets_masivos/Dataset_Termico_Masivo3.mat","modelo_Monopolo_1ant","dset_c4_p85","modelo_Monopolo_1ant__dset_c4_p85","/mnt/personal/TT_FINAL/DATASETS/datasets_masivos/Dataset_Termico_Masivo.mat|/mnt/personal/TT_FINAL/DATASETS/datasets_masivos/Dataset_Termico_Masivo4.mat|/mnt/personal/TT_FINAL/DATASETS/datasets_masivos/Dataset_Termico_Masivo3.mat","Monopolo","1ant",1,4,85
"/mnt/personal/TT_FINAL/DATASETS/datasets_masivos_por_metadata/Monopolo/1ant/Caso_4/Potencia_90W/modelo_Monopolo_1ant_dset_c4_p90.mat","/mnt/personal/TT_FINAL/DATASETS/datasets_masivos/Dataset_Termico_Masivo3.mat","modelo_Monopolo_1ant","dset_c4_p90","modelo_Monopolo_1ant__dset_c4_p90","/mnt/personal/TT_FINAL/DATASETS/datasets_masivos/Dataset_Termico_Masivo.mat|/mnt/personal/TT_FINAL/DATASETS/datasets_masivos/Dataset_Termico_Masivo3.mat","Monopolo","1ant",1,4,90
"/mnt/personal/TT_FINAL/DATASETS/datasets_masivos_por_metadata/Monopolo/1ant/Caso_4/Potencia_95W/modelo_Monopolo_1ant_dset_c4_p95.mat","/mnt/personal/TT_FINAL/DATASETS/datasets_masivos/Dataset_Termico_Masivo3.mat","modelo_Monopolo_1ant","dset_c4_p95","modelo_Monopolo_1ant__dset_c4_p95","/mnt/personal/TT_FINAL/DATASETS/datasets_masivos/Dataset_Termico_Masivo.mat|/mnt/personal/TT_FINAL/DATASETS/datasets_masivos/Dataset_Termico_Masivo3.mat","Monopolo","1ant",1,4,95
"/mnt/personal/TT_FINAL/DATASETS/datasets_masivos_por_metadata/Monopolo/1ant/Caso_5/Potencia_10W/modelo_Monopolo_1ant_dset_c5_p10.mat","/mnt/personal/TT_FINAL/DATASETS/datasets_masivos/Dataset_Termico_Masivo6.mat","modelo_Monopolo_1ant","dset_c5_p10","modelo_Monopolo_1ant__dset_c5_p10","/mnt/personal/TT_FINAL/DATASETS/datasets_masivos/Dataset_Termico_Masivo.mat|/mnt/personal/TT_FINAL/DATASETS/datasets_masivos/Dataset_Termico_Masivo6.mat","Monopolo","1ant",1,5,10
"/mnt/personal/TT_FINAL/DATASETS/datasets_masivos_por_metadata/Monopolo/1ant/Caso_5/Potencia_15W/modelo_Monopolo_1ant_dset_c5_p15.mat","/mnt/personal/TT_FINAL/DATASETS/datasets_masivos/Dataset_Termico_Masivo6.mat","modelo_Monopolo_1ant","dset_c5_p15","modelo_Monopolo_1ant__dset_c5_p15","/mnt/personal/TT_FINAL/DATASETS/datasets_masivos/Dataset_Termico_Masivo.mat|/mnt/personal/TT_FINAL/DATASETS/datasets_masivos/Dataset_Termico_Masivo6.mat","Monopolo","1ant",1,5,15
"/mnt/personal/TT_FINAL/DATASETS/datasets_masivos_por_metadata/Monopolo/1ant/Caso_5/Potencia_20W/modelo_Monopolo_1ant_dset_c5_p20.mat","/mnt/personal/TT_FINAL/DATASETS/datasets_masivos/Dataset_Termico_Masivo6.mat","modelo_Monopolo_1ant","dset_c5_p20","modelo_Monopolo_1ant__dset_c5_p20","/mnt/personal/TT_FINAL/DATASETS/datasets_masivos/Dataset_Termico_Masivo.mat|/mnt/personal/TT_FINAL/DATASETS/datasets_masivos/Dataset_Termico_Masivo6.mat","Monopolo","1ant",1,5,20
"/mnt/personal/TT_FINAL/DATASETS/datasets_masivos_por_metadata/Monopolo/1ant/Caso_5/Potencia_5W/modelo_Monopolo_1ant_dset_c5_p5.mat","/mnt/personal/TT_FINAL/DATASETS/datasets_masivos/Dataset_Termico_Masivo6.mat","modelo_Monopolo_1ant","dset_c5_p5","modelo_Monopolo_1ant__dset_c5_p5","/mnt/personal/TT_FINAL/DATASETS/datasets_masivos/Dataset_Termico_Masivo.mat|/mnt/personal/TT_FINAL/DATASETS/datasets_masivos/Dataset_Termico_Masivo6.mat","Monopolo","1ant",1,5,5
"/mnt/personal/TT_FINAL/DATASETS/datasets_masivos_por_metadata/Monopolo/1ant/Caso_6/Potencia_10W/modelo_Monopolo_1ant_dset_c6_p10.mat","/mnt/personal/TT_FINAL/DATASETS/datasets_masivos/Dataset_Termico_Masivo6.mat","modelo_Monopolo_1ant","dset_c6_p10","modelo_Monopolo_1ant__dset_c6_p10","/mnt/personal/TT_FINAL/DATASETS/datasets_masivos/Dataset_Termico_Masivo.mat|/mnt/personal/TT_FINAL/DATASETS/datasets_masivos/Dataset_Termico_Masivo6.mat","Monopolo","1ant",1,6,10
"/mnt/personal/TT_FINAL/DATASETS/datasets_masivos_por_metadata/Monopolo/1ant/Caso_6/Potencia_5W/modelo_Monopolo_1ant_dset_c6_p5.mat","/mnt/personal/TT_FINAL/DATASETS/datasets_masivos/Dataset_Termico_Masivo6.mat","modelo_Monopolo_1ant","dset_c6_p5","modelo_Monopolo_1ant__dset_c6_p5","/mnt/personal/TT_FINAL/DATASETS/datasets_masivos/Dataset_Termico_Masivo.mat|/mnt/personal/TT_FINAL/DATASETS/datasets_masivos/Dataset_Termico_Masivo6.mat","Monopolo","1ant",1,6,5
"/mnt/personal/TT_FINAL/DATASETS/datasets_masivos_por_metadata/Monopolo/1ant/Caso_7/Potencia_10W/modelo_Monopolo_1ant_dset_c7_p10.mat","/mnt/personal/TT_FINAL/DATASETS/datasets_masivos/Dataset_Termico_Masivo6.mat","modelo_Monopolo_1ant","dset_c7_p10","modelo_Monopolo_1ant__dset_c7_p10","/mnt/personal/TT_FINAL/DATASETS/datasets_masivos/Dataset_Termico_Masivo.mat|/mnt/personal/TT_FINAL/DATASETS/datasets_masivos/Dataset_Termico_Masivo6.mat","Monopolo","1ant",1,7,10
"/mnt/personal/TT_FINAL/DATASETS/datasets_masivos_por_metadata/Monopolo/1ant/Caso_7/Potencia_15W/modelo_Monopolo_1ant_dset_c7_p15.mat","/mnt/personal/TT_FINAL/DATASETS/datasets_masivos/Dataset_Termico_Masivo6.mat","modelo_Monopolo_1ant","dset_c7_p15","modelo_Monopolo_1ant__dset_c7_p15","/mnt/personal/TT_FINAL/DATASETS/datasets_masivos/Dataset_Termico_Masivo.mat|/mnt/personal/TT_FINAL/DATASETS/datasets_masivos/Dataset_Termico_Masivo6.mat","Monopolo","1ant",1,7,15
"/mnt/personal/TT_FINAL/DATASETS/datasets_masivos_por_metadata/Monopolo/1ant/Caso_7/Potencia_20W/modelo_Monopolo_1ant_dset_c7_p20.mat","/mnt/personal/TT_FINAL/DATASETS/datasets_masivos/Dataset_Termico_Masivo6.mat","modelo_Monopolo_1ant","dset_c7_p20","modelo_Monopolo_1ant__dset_c7_p20","/mnt/personal/TT_FINAL/DATASETS/datasets_masivos/Dataset_Termico_Masivo.mat|/mnt/personal/TT_FINAL/DATASETS/datasets_masivos/Dataset_Termico_Masivo6.mat","Monopolo","1ant",1,7,20
"/mnt/personal/TT_FINAL/DATASETS/datasets_masivos_por_metadata/Monopolo/1ant/Caso_7/Potencia_5W/modelo_Monopolo_1ant_dset_c7_p5.mat","/mnt/personal/TT_FINAL/DATASETS/datasets_masivos/Dataset_Termico_Masivo6.mat","modelo_Monopolo_1ant","dset_c7_p5","modelo_Monopolo_1ant__dset_c7_p5","/mnt/personal/TT_FINAL/DATASETS/datasets_masivos/Dataset_Termico_Masivo.mat|/mnt/personal/TT_FINAL/DATASETS/datasets_masivos/Dataset_Termico_Masivo6.mat","Monopolo","1ant",1,7,5
"/mnt/personal/TT_FINAL/DATASETS/datasets_masivos_por_metadata/Monopolo/1ant/Caso_8/Potencia_10W/modelo_Monopolo_1ant_dset_c8_p10.mat","/mnt/personal/TT_FINAL/DATASETS/datasets_masivos/Dataset_Termico_Masivo6.mat","modelo_Monopolo_1ant","dset_c8_p10","modelo_Monopolo_1ant__dset_c8_p10","/mnt/personal/TT_FINAL/DATASETS/datasets_masivos/Dataset_Termico_Masivo.mat|/mnt/personal/TT_FINAL/DATASETS/datasets_masivos/Dataset_Termico_Masivo6.mat","Monopolo","1ant",1,8,10
"/mnt/personal/TT_FINAL/DATASETS/datasets_masivos_por_metadata/Monopolo/1ant/Caso_8/Potencia_100W/modelo_Monopolo_1ant_dset_c8_p100.mat","/mnt/personal/TT_FINAL/DATASETS/datasets_masivos/Dataset_Termico_Masivo6.mat","modelo_Monopolo_1ant","dset_c8_p100","modelo_Monopolo_1ant__dset_c8_p100","/mnt/personal/TT_FINAL/DATASETS/datasets_masivos/Dataset_Termico_Masivo.mat|/mnt/personal/TT_FINAL/DATASETS/datasets_masivos/Dataset_Termico_Masivo6.mat","Monopolo","1ant",1,8,100
"/mnt/personal/TT_FINAL/DATASETS/datasets_masivos_por_metadata/Monopolo/1ant/Caso_8/Potencia_15W/modelo_Monopolo_1ant_dset_c8_p15.mat","/mnt/personal/TT_FINAL/DATASETS/datasets_masivos/Dataset_Termico_Masivo6.mat","modelo_Monopolo_1ant","dset_c8_p15","modelo_Monopolo_1ant__dset_c8_p15","/mnt/personal/TT_FINAL/DATASETS/datasets_masivos/Dataset_Termico_Masivo.mat|/mnt/personal/TT_FINAL/DATASETS/datasets_masivos/Dataset_Termico_Masivo6.mat","Monopolo","1ant",1,8,15
"/mnt/personal/TT_FINAL/DATASETS/datasets_masivos_por_metadata/Monopolo/1ant/Caso_8/Potencia_20W/modelo_Monopolo_1ant_dset_c8_p20.mat","/mnt/personal/TT_FINAL/DATASETS/datasets_masivos/Dataset_Termico_Masivo6.mat","modelo_Monopolo_1ant","dset_c8_p20","modelo_Monopolo_1ant__dset_c8_p20","/mnt/personal/TT_FINAL/DATASETS/datasets_masivos/Dataset_Termico_Masivo.mat|/mnt/personal/TT_FINAL/DATASETS/datasets_masivos/Dataset_Termico_Masivo6.mat","Monopolo","1ant",1,8,20
"/mnt/personal/TT_FINAL/DATASETS/datasets_masivos_por_metadata/Monopolo/1ant/Caso_8/Potencia_25W/modelo_Monopolo_1ant_dset_c8_p25.mat","/mnt/personal/TT_FINAL/DATASETS/datasets_masivos/Dataset_Termico_Masivo6.mat","modelo_Monopolo_1ant","dset_c8_p25","modelo_Monopolo_1ant__dset_c8_p25","/mnt/personal/TT_FINAL/DATASETS/datasets_masivos/Dataset_Termico_Masivo.mat|/mnt/personal/TT_FINAL/DATASETS/datasets_masivos/Dataset_Termico_Masivo6.mat","Monopolo","1ant",1,8,25
"/mnt/personal/TT_FINAL/DATASETS/datasets_masivos_por_metadata/Monopolo/1ant/Caso_8/Potencia_35W/modelo_Monopolo_1ant_dset_c8_p35.mat","/mnt/personal/TT_FINAL/DATASETS/datasets_masivos/Dataset_Termico_Masivo6.mat","modelo_Monopolo_1ant","dset_c8_p35","modelo_Monopolo_1ant__dset_c8_p35","/mnt/personal/TT_FINAL/DATASETS/datasets_masivos/Dataset_Termico_Masivo.mat|/mnt/personal/TT_FINAL/DATASETS/datasets_masivos/Dataset_Termico_Masivo6.mat","Monopolo","1ant",1,8,35
"/mnt/personal/TT_FINAL/DATASETS/datasets_masivos_por_metadata/Monopolo/1ant/Caso_8/Potencia_40W/modelo_Monopolo_1ant_dset_c8_p40.mat","/mnt/personal/TT_FINAL/DATASETS/datasets_masivos/Dataset_Termico_Masivo6.mat","modelo_Monopolo_1ant","dset_c8_p40","modelo_Monopolo_1ant__dset_c8_p40","/mnt/personal/TT_FINAL/DATASETS/datasets_masivos/Dataset_Termico_Masivo.mat|/mnt/personal/TT_FINAL/DATASETS/datasets_masivos/Dataset_Termico_Masivo6.mat","Monopolo","1ant",1,8,40
"/mnt/personal/TT_FINAL/DATASETS/datasets_masivos_por_metadata/Monopolo/1ant/Caso_8/Potencia_45W/modelo_Monopolo_1ant_dset_c8_p45.mat","/mnt/personal/TT_FINAL/DATASETS/datasets_masivos/Dataset_Termico_Masivo6.mat","modelo_Monopolo_1ant","dset_c8_p45","modelo_Monopolo_1ant__dset_c8_p45","/mnt/personal/TT_FINAL/DATASETS/datasets_masivos/Dataset_Termico_Masivo.mat|/mnt/personal/TT_FINAL/DATASETS/datasets_masivos/Dataset_Termico_Masivo6.mat","Monopolo","1ant",1,8,45
"/mnt/personal/TT_FINAL/DATASETS/datasets_masivos_por_metadata/Monopolo/1ant/Caso_8/Potencia_5W/modelo_Monopolo_1ant_dset_c8_p5.mat","/mnt/personal/TT_FINAL/DATASETS/datasets_masivos/Dataset_Termico_Masivo6.mat","modelo_Monopolo_1ant","dset_c8_p5","modelo_Monopolo_1ant__dset_c8_p5","/mnt/personal/TT_FINAL/DATASETS/datasets_masivos/Dataset_Termico_Masivo.mat|/mnt/personal/TT_FINAL/DATASETS/datasets_masivos/Dataset_Termico_Masivo6.mat","Monopolo","1ant",1,8,5
"/mnt/personal/TT_FINAL/DATASETS/datasets_masivos_por_metadata/Monopolo/1ant/Caso_8/Potencia_50W/modelo_Monopolo_1ant_dset_c8_p50.mat","/mnt/personal/TT_FINAL/DATASETS/datasets_masivos/Dataset_Termico_Masivo6.mat","modelo_Monopolo_1ant","dset_c8_p50","modelo_Monopolo_1ant__dset_c8_p50","/mnt/personal/TT_FINAL/DATASETS/datasets_masivos/Dataset_Termico_Masivo.mat|/mnt/personal/TT_FINAL/DATASETS/datasets_masivos/Dataset_Termico_Masivo6.mat","Monopolo","1ant",1,8,50
"/mnt/personal/TT_FINAL/DATASETS/datasets_masivos_por_metadata/Monopolo/1ant/Caso_8/Potencia_55W/modelo_Monopolo_1ant_dset_c8_p55.mat","/mnt/personal/TT_FINAL/DATASETS/datasets_masivos/Dataset_Termico_Masivo6.mat","modelo_Monopolo_1ant","dset_c8_p55","modelo_Monopolo_1ant__dset_c8_p55","/mnt/personal/TT_FINAL/DATASETS/datasets_masivos/Dataset_Termico_Masivo.mat|/mnt/personal/TT_FINAL/DATASETS/datasets_masivos/Dataset_Termico_Masivo6.mat","Monopolo","1ant",1,8,55
"/mnt/personal/TT_FINAL/DATASETS/datasets_masivos_por_metadata/Monopolo/1ant/Caso_8/Potencia_60W/modelo_Monopolo_1ant_dset_c8_p60.mat","/mnt/personal/TT_FINAL/DATASETS/datasets_masivos/Dataset_Termico_Masivo6.mat","modelo_Monopolo_1ant","dset_c8_p60","modelo_Monopolo_1ant__dset_c8_p60","/mnt/personal/TT_FINAL/DATASETS/datasets_masivos/Dataset_Termico_Masivo.mat|/mnt/personal/TT_FINAL/DATASETS/datasets_masivos/Dataset_Termico_Masivo6.mat","Monopolo","1ant",1,8,60
"/mnt/personal/TT_FINAL/DATASETS/datasets_masivos_por_metadata/Monopolo/1ant/Caso_8/Potencia_65W/modelo_Monopolo_1ant_dset_c8_p65.mat","/mnt/personal/TT_FINAL/DATASETS/datasets_masivos/Dataset_Termico_Masivo6.mat","modelo_Monopolo_1ant","dset_c8_p65","modelo_Monopolo_1ant__dset_c8_p65","/mnt/personal/TT_FINAL/DATASETS/datasets_masivos/Dataset_Termico_Masivo.mat|/mnt/personal/TT_FINAL/DATASETS/datasets_masivos/Dataset_Termico_Masivo6.mat","Monopolo","1ant",1,8,65
"/mnt/personal/TT_FINAL/DATASETS/datasets_masivos_por_metadata/Monopolo/1ant/Caso_8/Potencia_70W/modelo_Monopolo_1ant_dset_c8_p70.mat","/mnt/personal/TT_FINAL/DATASETS/datasets_masivos/Dataset_Termico_Masivo6.mat","modelo_Monopolo_1ant","dset_c8_p70","modelo_Monopolo_1ant__dset_c8_p70","/mnt/personal/TT_FINAL/DATASETS/datasets_masivos/Dataset_Termico_Masivo.mat|/mnt/personal/TT_FINAL/DATASETS/datasets_masivos/Dataset_Termico_Masivo6.mat","Monopolo","1ant",1,8,70
"/mnt/personal/TT_FINAL/DATASETS/datasets_masivos_por_metadata/Monopolo/1ant/Caso_8/Potencia_75W/modelo_Monopolo_1ant_dset_c8_p75.mat","/mnt/personal/TT_FINAL/DATASETS/datasets_masivos/Dataset_Termico_Masivo6.mat","modelo_Monopolo_1ant","dset_c8_p75","modelo_Monopolo_1ant__dset_c8_p75","/mnt/personal/TT_FINAL/DATASETS/datasets_masivos/Dataset_Termico_Masivo.mat|/mnt/personal/TT_FINAL/DATASETS/datasets_masivos/Dataset_Termico_Masivo6.mat","Monopolo","1ant",1,8,75
"/mnt/personal/TT_FINAL/DATASETS/datasets_masivos_por_metadata/Monopolo/1ant/Caso_8/Potencia_80W/modelo_Monopolo_1ant_dset_c8_p80.mat","/mnt/personal/TT_FINAL/DATASETS/datasets_masivos/Dataset_Termico_Masivo6.mat","modelo_Monopolo_1ant","dset_c8_p80","modelo_Monopolo_1ant__dset_c8_p80","/mnt/personal/TT_FINAL/DATASETS/datasets_masivos/Dataset_Termico_Masivo.mat|/mnt/personal/TT_FINAL/DATASETS/datasets_masivos/Dataset_Termico_Masivo6.mat","Monopolo","1ant",1,8,80
"/mnt/personal/TT_FINAL/DATASETS/datasets_masivos_por_metadata/Monopolo/1ant/Caso_8/Potencia_85W/modelo_Monopolo_1ant_dset_c8_p85.mat","/mnt/personal/TT_FINAL/DATASETS/datasets_masivos/Dataset_Termico_Masivo6.mat","modelo_Monopolo_1ant","dset_c8_p85","modelo_Monopolo_1ant__dset_c8_p85","/mnt/personal/TT_FINAL/DATASETS/datasets_masivos/Dataset_Termico_Masivo.mat|/mnt/personal/TT_FINAL/DATASETS/datasets_masivos/Dataset_Termico_Masivo6.mat","Monopolo","1ant",1,8,85
"/mnt/personal/TT_FINAL/DATASETS/datasets_masivos_por_metadata/Monopolo/1ant/Caso_8/Potencia_90W/modelo_Monopolo_1ant_dset_c8_p90.mat","/mnt/personal/TT_FINAL/DATASETS/datasets_masivos/Dataset_Termico_Masivo6.mat","modelo_Monopolo_1ant","dset_c8_p90","modelo_Monopolo_1ant__dset_c8_p90","/mnt/personal/TT_FINAL/DATASETS/datasets_masivos/Dataset_Termico_Masivo.mat|/mnt/personal/TT_FINAL/DATASETS/datasets_masivos/Dataset_Termico_Masivo6.mat","Monopolo","1ant",1,8,90
"/mnt/personal/TT_FINAL/DATASETS/datasets_masivos_por_metadata/Monopolo/1ant/Caso_8/Potencia_95W/modelo_Monopolo_1ant_dset_c8_p95.mat","/mnt/personal/TT_FINAL/DATASETS/datasets_masivos/Dataset_Termico_Masivo6.mat","modelo_Monopolo_1ant","dset_c8_p95","modelo_Monopolo_1ant__dset_c8_p95","/mnt/personal/TT_FINAL/DATASETS/datasets_masivos/Dataset_Termico_Masivo.mat|/mnt/personal/TT_FINAL/DATASETS/datasets_masivos/Dataset_Termico_Masivo6.mat","Monopolo","1ant",1,8,95
"/mnt/personal/TT_FINAL/DATASETS/datasets_masivos_por_metadata/Monopolo/2ant/Caso_0/Potencia_30W/modelo_Monopolo_2ant_dset_c0_p30.mat","/mnt/personal/TT_FINAL/DATASETS/datasets_masivos/Dataset_Termico_Masivo1.mat","modelo_Monopolo_2ant","dset_c0_p30","modelo_Monopolo_2ant__dset_c0_p30","/mnt/personal/TT_FINAL/DATASETS/datasets_masivos/Dataset_Termico_Masivo.mat|/mnt/personal/TT_FINAL/DATASETS/datasets_masivos/Dataset_Termico_Masivo1.mat","Monopolo","2ant",2,0,30
"/mnt/personal/TT_FINAL/DATASETS/datasets_masivos_por_metadata/Monopolo/2ant/Caso_3/Potencia_10W/modelo_Monopolo_2ant_dset_c3_p10.mat","/mnt/personal/TT_FINAL/DATASETS/datasets_masivos/Dataset_Termico_Masivo4.mat","modelo_Monopolo_2ant","dset_c3_p10","modelo_Monopolo_2ant__dset_c3_p10","/mnt/personal/TT_FINAL/DATASETS/datasets_masivos/Dataset_Termico_Masivo.mat|/mnt/personal/TT_FINAL/DATASETS/datasets_masivos/Dataset_Termico_Masivo4.mat","Monopolo","2ant",2,3,10
"/mnt/personal/TT_FINAL/DATASETS/datasets_masivos_por_metadata/Monopolo/2ant/Caso_3/Potencia_15W/modelo_Monopolo_2ant_dset_c3_p15.mat","/mnt/personal/TT_FINAL/DATASETS/datasets_masivos/Dataset_Termico_Masivo4.mat","modelo_Monopolo_2ant","dset_c3_p15","modelo_Monopolo_2ant__dset_c3_p15","/mnt/personal/TT_FINAL/DATASETS/datasets_masivos/Dataset_Termico_Masivo.mat|/mnt/personal/TT_FINAL/DATASETS/datasets_masivos/Dataset_Termico_Masivo4.mat","Monopolo","2ant",2,3,15
"/mnt/personal/TT_FINAL/DATASETS/datasets_masivos_por_metadata/Monopolo/2ant/Caso_3/Potencia_5W/modelo_Monopolo_2ant_dset_c3_p5.mat","/mnt/personal/TT_FINAL/DATASETS/datasets_masivos/Dataset_Termico_Masivo4.mat","modelo_Monopolo_2ant","dset_c3_p5","modelo_Monopolo_2ant__dset_c3_p5","/mnt/personal/TT_FINAL/DATASETS/datasets_masivos/Dataset_Termico_Masivo.mat|/mnt/personal/TT_FINAL/DATASETS/datasets_masivos/Dataset_Termico_Masivo4.mat","Monopolo","2ant",2,3,5
"/mnt/personal/TT_FINAL/DATASETS/datasets_masivos_por_metadata/Monopolo/2ant/Caso_5/Potencia_10W/modelo_Monopolo_2ant_dset_c5_p10.mat","/mnt/personal/TT_FINAL/DATASETS/datasets_masivos/Dataset_Termico_Masivo6.mat","modelo_Monopolo_2ant","dset_c5_p10","modelo_Monopolo_2ant__dset_c5_p10","/mnt/personal/TT_FINAL/DATASETS/datasets_masivos/Dataset_Termico_Masivo.mat|/mnt/personal/TT_FINAL/DATASETS/datasets_masivos/Dataset_Termico_Masivo6.mat","Monopolo","2ant",2,5,10
"/mnt/personal/TT_FINAL/DATASETS/datasets_masivos_por_metadata/Monopolo/2ant/Caso_5/Potencia_15W/modelo_Monopolo_2ant_dset_c5_p15.mat","/mnt/personal/TT_FINAL/DATASETS/datasets_masivos/Dataset_Termico_Masivo6.mat","modelo_Monopolo_2ant","dset_c5_p15","modelo_Monopolo_2ant__dset_c5_p15","/mnt/personal/TT_FINAL/DATASETS/datasets_masivos/Dataset_Termico_Masivo.mat|/mnt/personal/TT_FINAL/DATASETS/datasets_masivos/Dataset_Termico_Masivo6.mat","Monopolo","2ant",2,5,15
"/mnt/personal/TT_FINAL/DATASETS/datasets_masivos_por_metadata/Monopolo/2ant/Caso_5/Potencia_20W/modelo_Monopolo_2ant_dset_c5_p20.mat","/mnt/personal/TT_FINAL/DATASETS/datasets_masivos/Dataset_Termico_Masivo6.mat","modelo_Monopolo_2ant","dset_c5_p20","modelo_Monopolo_2ant__dset_c5_p20","/mnt/personal/TT_FINAL/DATASETS/datasets_masivos/Dataset_Termico_Masivo.mat|/mnt/personal/TT_FINAL/DATASETS/datasets_masivos/Dataset_Termico_Masivo6.mat","Monopolo","2ant",2,5,20
"/mnt/personal/TT_FINAL/DATASETS/datasets_masivos_por_metadata/Monopolo/2ant/Caso_5/Potencia_5W/modelo_Monopolo_2ant_dset_c5_p5.mat","/mnt/personal/TT_FINAL/DATASETS/datasets_masivos/Dataset_Termico_Masivo6.mat","modelo_Monopolo_2ant","dset_c5_p5","modelo_Monopolo_2ant__dset_c5_p5","/mnt/personal/TT_FINAL/DATASETS/datasets_masivos/Dataset_Termico_Masivo.mat|/mnt/personal/TT_FINAL/DATASETS/datasets_masivos/Dataset_Termico_Masivo6.mat","Monopolo","2ant",2,5,5
"/mnt/personal/TT_FINAL/DATASETS/datasets_masivos_por_metadata/Monopolo/2ant/Caso_6/Potencia_5W/modelo_Monopolo_2ant_dset_c6_p5.mat","/mnt/personal/TT_FINAL/DATASETS/datasets_masivos/Dataset_Termico_Masivo6.mat","modelo_Monopolo_2ant","dset_c6_p5","modelo_Monopolo_2ant__dset_c6_p5","/mnt/personal/TT_FINAL/DATASETS/datasets_masivos/Dataset_Termico_Masivo.mat|/mnt/personal/TT_FINAL/DATASETS/datasets_masivos/Dataset_Termico_Masivo6.mat","Monopolo","2ant",2,6,5
"/mnt/personal/TT_FINAL/DATASETS/datasets_masivos_por_metadata/Monopolo/2ant/Caso_7/Potencia_10W/modelo_Monopolo_2ant_dset_c7_p10.mat","/mnt/personal/TT_FINAL/DATASETS/datasets_masivos/Dataset_Termico_Masivo6.mat","modelo_Monopolo_2ant","dset_c7_p10","modelo_Monopolo_2ant__dset_c7_p10","/mnt/personal/TT_FINAL/DATASETS/datasets_masivos/Dataset_Termico_Masivo.mat|/mnt/personal/TT_FINAL/DATASETS/datasets_masivos/Dataset_Termico_Masivo6.mat","Monopolo","2ant",2,7,10
"/mnt/personal/TT_FINAL/DATASETS/datasets_masivos_por_metadata/Monopolo/2ant/Caso_7/Potencia_15W/modelo_Monopolo_2ant_dset_c7_p15.mat","/mnt/personal/TT_FINAL/DATASETS/datasets_masivos/Dataset_Termico_Masivo6.mat","modelo_Monopolo_2ant","dset_c7_p15","modelo_Monopolo_2ant__dset_c7_p15","/mnt/personal/TT_FINAL/DATASETS/datasets_masivos/Dataset_Termico_Masivo.mat|/mnt/personal/TT_FINAL/DATASETS/datasets_masivos/Dataset_Termico_Masivo6.mat","Monopolo","2ant",2,7,15
"/mnt/personal/TT_FINAL/DATASETS/datasets_masivos_por_metadata/Monopolo/2ant/Caso_7/Potencia_20W/modelo_Monopolo_2ant_dset_c7_p20.mat","/mnt/personal/TT_FINAL/DATASETS/datasets_masivos/Dataset_Termico_Masivo6.mat","modelo_Monopolo_2ant","dset_c7_p20","modelo_Monopolo_2ant__dset_c7_p20","/mnt/personal/TT_FINAL/DATASETS/datasets_masivos/Dataset_Termico_Masivo.mat|/mnt/personal/TT_FINAL/DATASETS/datasets_masivos/Dataset_Termico_Masivo6.mat","Monopolo","2ant",2,7,20
"/mnt/personal/TT_FINAL/DATASETS/datasets_masivos_por_metadata/Monopolo/2ant/Caso_7/Potencia_5W/modelo_Monopolo_2ant_dset_c7_p5.mat","/mnt/personal/TT_FINAL/DATASETS/datasets_masivos/Dataset_Termico_Masivo6.mat","modelo_Monopolo_2ant","dset_c7_p5","modelo_Monopolo_2ant__dset_c7_p5","/mnt/personal/TT_FINAL/DATASETS/datasets_masivos/Dataset_Termico_Masivo.mat|/mnt/personal/TT_FINAL/DATASETS/datasets_masivos/Dataset_Termico_Masivo6.mat","Monopolo","2ant",2,7,5
"/mnt/personal/TT_FINAL/DATASETS/datasets_masivos_por_metadata/Monopolo/2ant/Caso_8/Potencia_5W/modelo_Monopolo_2ant_dset_c8_p5.mat","/mnt/personal/TT_FINAL/DATASETS/datasets_masivos/Dataset_Termico_Masivo6.mat","modelo_Monopolo_2ant","dset_c8_p5","modelo_Monopolo_2ant__dset_c8_p5","/mnt/personal/TT_FINAL/DATASETS/datasets_masivos/Dataset_Termico_Masivo.mat|/mnt/personal/TT_FINAL/DATASETS/datasets_masivos/Dataset_Termico_Masivo6.mat","Monopolo","2ant",2,8,5
"/mnt/personal/TT_FINAL/DATASETS/datasets_masivos_por_metadata/Monopolo/3ant/Caso_0/Potencia_10W/modelo_Monopolo_3ant_dset_c0_p10.mat","/mnt/personal/TT_FINAL/DATASETS/datasets_masivos/Dataset_Termico_Masivo2.mat","modelo_Monopolo_3ant","dset_c0_p10","modelo_Monopolo_3ant__dset_c0_p10","/mnt/personal/TT_FINAL/DATASETS/datasets_masivos/Dataset_Termico_Masivo.mat|/mnt/personal/TT_FINAL/DATASETS/datasets_masivos/Dataset_Termico_Masivo2.mat","Monopolo","3ant",3,0,10
"/mnt/personal/TT_FINAL/DATASETS/datasets_masivos_por_metadata/Monopolo/3ant/Caso_0/Potencia_15W/modelo_Monopolo_3ant_dset_c0_p15.mat","/mnt/personal/TT_FINAL/DATASETS/datasets_masivos/Dataset_Termico_Masivo2.mat","modelo_Monopolo_3ant","dset_c0_p15","modelo_Monopolo_3ant__dset_c0_p15","/mnt/personal/TT_FINAL/DATASETS/datasets_masivos/Dataset_Termico_Masivo.mat|/mnt/personal/TT_FINAL/DATASETS/datasets_masivos/Dataset_Termico_Masivo2.mat","Monopolo","3ant",3,0,15
"/mnt/personal/TT_FINAL/DATASETS/datasets_masivos_por_metadata/Monopolo/3ant/Caso_0/Potencia_30W/modelo_Monopolo_3ant_dset_c0_p30.mat","/mnt/personal/TT_FINAL/DATASETS/datasets_masivos/Dataset_Termico_Masivo1.mat","modelo_Monopolo_3ant","dset_c0_p30","modelo_Monopolo_3ant__dset_c0_p30","/mnt/personal/TT_FINAL/DATASETS/datasets_masivos/Dataset_Termico_Masivo.mat|/mnt/personal/TT_FINAL/DATASETS/datasets_masivos/Dataset_Termico_Masivo1.mat","Monopolo","3ant",3,0,30
"/mnt/personal/TT_FINAL/DATASETS/datasets_masivos_por_metadata/Monopolo/3ant/Caso_0/Potencia_5W/modelo_Monopolo_3ant_dset_c0_p5.mat","/mnt/personal/TT_FINAL/DATASETS/datasets_masivos/Dataset_Termico_Masivo2.mat","modelo_Monopolo_3ant","dset_c0_p5","modelo_Monopolo_3ant__dset_c0_p5","/mnt/personal/TT_FINAL/DATASETS/datasets_masivos/Dataset_Termico_Masivo.mat|/mnt/personal/TT_FINAL/DATASETS/datasets_masivos/Dataset_Termico_Masivo2.mat","Monopolo","3ant",3,0,5
"/mnt/personal/TT_FINAL/DATASETS/datasets_masivos_por_metadata/Monopolo/3ant/Caso_1/Potencia_10W/modelo_Monopolo_3ant_dset_c1_p10.mat","/mnt/personal/TT_FINAL/DATASETS/datasets_masivos/Dataset_Termico_Masivo2.mat","modelo_Monopolo_3ant","dset_c1_p10","modelo_Monopolo_3ant__dset_c1_p10","/mnt/personal/TT_FINAL/DATASETS/datasets_masivos/Dataset_Termico_Masivo.mat|/mnt/personal/TT_FINAL/DATASETS/datasets_masivos/Dataset_Termico_Masivo2.mat","Monopolo","3ant",3,1,10
"/mnt/personal/TT_FINAL/DATASETS/datasets_masivos_por_metadata/Monopolo/3ant/Caso_1/Potencia_15W/modelo_Monopolo_3ant_dset_c1_p15.mat","/mnt/personal/TT_FINAL/DATASETS/datasets_masivos/Dataset_Termico_Masivo2.mat","modelo_Monopolo_3ant","dset_c1_p15","modelo_Monopolo_3ant__dset_c1_p15","/mnt/personal/TT_FINAL/DATASETS/datasets_masivos/Dataset_Termico_Masivo.mat|/mnt/personal/TT_FINAL/DATASETS/datasets_masivos/Dataset_Termico_Masivo2.mat","Monopolo","3ant",3,1,15
"/mnt/personal/TT_FINAL/DATASETS/datasets_masivos_por_metadata/Monopolo/3ant/Caso_1/Potencia_5W/modelo_Monopolo_3ant_dset_c1_p5.mat","/mnt/personal/TT_FINAL/DATASETS/datasets_masivos/Dataset_Termico_Masivo2.mat","modelo_Monopolo_3ant","dset_c1_p5","modelo_Monopolo_3ant__dset_c1_p5","/mnt/personal/TT_FINAL/DATASETS/datasets_masivos/Dataset_Termico_Masivo.mat|/mnt/personal/TT_FINAL/DATASETS/datasets_masivos/Dataset_Termico_Masivo2.mat","Monopolo","3ant",3,1,5
"/mnt/personal/TT_FINAL/DATASETS/datasets_masivos_por_metadata/Monopolo/3ant/Caso_3/Potencia_10W/modelo_Monopolo_3ant_dset_c3_p10.mat","/mnt/personal/TT_FINAL/DATASETS/datasets_masivos/Dataset_Termico_Masivo2.mat","modelo_Monopolo_3ant","dset_c3_p10","modelo_Monopolo_3ant__dset_c3_p10","/mnt/personal/TT_FINAL/DATASETS/datasets_masivos/Dataset_Termico_Masivo.mat|/mnt/personal/TT_FINAL/DATASETS/datasets_masivos/Dataset_Termico_Masivo4.mat|/mnt/personal/TT_FINAL/DATASETS/datasets_masivos/Dataset_Termico_Masivo2.mat","Monopolo","3ant",3,3,10
"/mnt/personal/TT_FINAL/DATASETS/datasets_masivos_por_metadata/Monopolo/3ant/Caso_3/Potencia_5W/modelo_Monopolo_3ant_dset_c3_p5.mat","/mnt/personal/TT_FINAL/DATASETS/datasets_masivos/Dataset_Termico_Masivo2.mat","modelo_Monopolo_3ant","dset_c3_p5","modelo_Monopolo_3ant__dset_c3_p5","/mnt/personal/TT_FINAL/DATASETS/datasets_masivos/Dataset_Termico_Masivo.mat|/mnt/personal/TT_FINAL/DATASETS/datasets_masivos/Dataset_Termico_Masivo4.mat|/mnt/personal/TT_FINAL/DATASETS/datasets_masivos/Dataset_Termico_Masivo2.mat","Monopolo","3ant",3,3,5
"/mnt/personal/TT_FINAL/DATASETS/datasets_masivos_por_metadata/Monopolo/3ant/Caso_5/Potencia_10W/modelo_Monopolo_3ant_dset_c5_p10.mat","/mnt/personal/TT_FINAL/DATASETS/datasets_masivos/Dataset_Termico_Masivo6.mat","modelo_Monopolo_3ant","dset_c5_p10","modelo_Monopolo_3ant__dset_c5_p10","/mnt/personal/TT_FINAL/DATASETS/datasets_masivos/Dataset_Termico_Masivo.mat|/mnt/personal/TT_FINAL/DATASETS/datasets_masivos/Dataset_Termico_Masivo6.mat","Monopolo","3ant",3,5,10
"/mnt/personal/TT_FINAL/DATASETS/datasets_masivos_por_metadata/Monopolo/3ant/Caso_5/Potencia_15W/modelo_Monopolo_3ant_dset_c5_p15.mat","/mnt/personal/TT_FINAL/DATASETS/datasets_masivos/Dataset_Termico_Masivo6.mat","modelo_Monopolo_3ant","dset_c5_p15","modelo_Monopolo_3ant__dset_c5_p15","/mnt/personal/TT_FINAL/DATASETS/datasets_masivos/Dataset_Termico_Masivo.mat|/mnt/personal/TT_FINAL/DATASETS/datasets_masivos/Dataset_Termico_Masivo6.mat","Monopolo","3ant",3,5,15
"/mnt/personal/TT_FINAL/DATASETS/datasets_masivos_por_metadata/Monopolo/3ant/Caso_5/Potencia_20W/modelo_Monopolo_3ant_dset_c5_p20.mat","/mnt/personal/TT_FINAL/DATASETS/datasets_masivos/Dataset_Termico_Masivo6.mat","modelo_Monopolo_3ant","dset_c5_p20","modelo_Monopolo_3ant__dset_c5_p20","/mnt/personal/TT_FINAL/DATASETS/datasets_masivos/Dataset_Termico_Masivo.mat|/mnt/personal/TT_FINAL/DATASETS/datasets_masivos/Dataset_Termico_Masivo6.mat","Monopolo","3ant",3,5,20
"/mnt/personal/TT_FINAL/DATASETS/datasets_masivos_por_metadata/Monopolo/3ant/Caso_5/Potencia_5W/modelo_Monopolo_3ant_dset_c5_p5.mat","/mnt/personal/TT_FINAL/DATASETS/datasets_masivos/Dataset_Termico_Masivo6.mat","modelo_Monopolo_3ant","dset_c5_p5","modelo_Monopolo_3ant__dset_c5_p5","/mnt/personal/TT_FINAL/DATASETS/datasets_masivos/Dataset_Termico_Masivo.mat|/mnt/personal/TT_FINAL/DATASETS/datasets_masivos/Dataset_Termico_Masivo6.mat","Monopolo","3ant",3,5,5
"/mnt/personal/TT_FINAL/DATASETS/datasets_masivos_por_metadata/Monopolo/3ant/Caso_6/Potencia_10W/modelo_Monopolo_3ant_dset_c6_p10.mat","/mnt/personal/TT_FINAL/DATASETS/datasets_masivos/Dataset_Termico_Masivo6.mat","modelo_Monopolo_3ant","dset_c6_p10","modelo_Monopolo_3ant__dset_c6_p10","/mnt/personal/TT_FINAL/DATASETS/datasets_masivos/Dataset_Termico_Masivo.mat|/mnt/personal/TT_FINAL/DATASETS/datasets_masivos/Dataset_Termico_Masivo6.mat","Monopolo","3ant",3,6,10
"/mnt/personal/TT_FINAL/DATASETS/datasets_masivos_por_metadata/Monopolo/3ant/Caso_6/Potencia_15W/modelo_Monopolo_3ant_dset_c6_p15.mat","/mnt/personal/TT_FINAL/DATASETS/datasets_masivos/Dataset_Termico_Masivo6.mat","modelo_Monopolo_3ant","dset_c6_p15","modelo_Monopolo_3ant__dset_c6_p15","/mnt/personal/TT_FINAL/DATASETS/datasets_masivos/Dataset_Termico_Masivo.mat|/mnt/personal/TT_FINAL/DATASETS/datasets_masivos/Dataset_Termico_Masivo6.mat","Monopolo","3ant",3,6,15
"/mnt/personal/TT_FINAL/DATASETS/datasets_masivos_por_metadata/Monopolo/3ant/Caso_6/Potencia_20W/modelo_Monopolo_3ant_dset_c6_p20.mat","/mnt/personal/TT_FINAL/DATASETS/datasets_masivos/Dataset_Termico_Masivo6.mat","modelo_Monopolo_3ant","dset_c6_p20","modelo_Monopolo_3ant__dset_c6_p20","/mnt/personal/TT_FINAL/DATASETS/datasets_masivos/Dataset_Termico_Masivo.mat|/mnt/personal/TT_FINAL/DATASETS/datasets_masivos/Dataset_Termico_Masivo6.mat","Monopolo","3ant",3,6,20
"/mnt/personal/TT_FINAL/DATASETS/datasets_masivos_por_metadata/Monopolo/3ant/Caso_6/Potencia_25W/modelo_Monopolo_3ant_dset_c6_p25.mat","/mnt/personal/TT_FINAL/DATASETS/datasets_masivos/Dataset_Termico_Masivo6.mat","modelo_Monopolo_3ant","dset_c6_p25","modelo_Monopolo_3ant__dset_c6_p25","/mnt/personal/TT_FINAL/DATASETS/datasets_masivos/Dataset_Termico_Masivo.mat|/mnt/personal/TT_FINAL/DATASETS/datasets_masivos/Dataset_Termico_Masivo6.mat","Monopolo","3ant",3,6,25
"/mnt/personal/TT_FINAL/DATASETS/datasets_masivos_por_metadata/Monopolo/3ant/Caso_6/Potencia_5W/modelo_Monopolo_3ant_dset_c6_p5.mat","/mnt/personal/TT_FINAL/DATASETS/datasets_masivos/Dataset_Termico_Masivo6.mat","modelo_Monopolo_3ant","dset_c6_p5","modelo_Monopolo_3ant__dset_c6_p5","/mnt/personal/TT_FINAL/DATASETS/datasets_masivos/Dataset_Termico_Masivo.mat|/mnt/personal/TT_FINAL/DATASETS/datasets_masivos/Dataset_Termico_Masivo6.mat","Monopolo","3ant",3,6,5
"/mnt/personal/TT_FINAL/DATASETS/datasets_masivos_por_metadata/Monopolo/3ant/Caso_7/Potencia_10W/modelo_Monopolo_3ant_dset_c7_p10.mat","/mnt/personal/TT_FINAL/DATASETS/datasets_masivos/Dataset_Termico_Masivo6.mat","modelo_Monopolo_3ant","dset_c7_p10","modelo_Monopolo_3ant__dset_c7_p10","/mnt/personal/TT_FINAL/DATASETS/datasets_masivos/Dataset_Termico_Masivo.mat|/mnt/personal/TT_FINAL/DATASETS/datasets_masivos/Dataset_Termico_Masivo6.mat","Monopolo","3ant",3,7,10
"/mnt/personal/TT_FINAL/DATASETS/datasets_masivos_por_metadata/Monopolo/3ant/Caso_7/Potencia_15W/modelo_Monopolo_3ant_dset_c7_p15.mat","/mnt/personal/TT_FINAL/DATASETS/datasets_masivos/Dataset_Termico_Masivo6.mat","modelo_Monopolo_3ant","dset_c7_p15","modelo_Monopolo_3ant__dset_c7_p15","/mnt/personal/TT_FINAL/DATASETS/datasets_masivos/Dataset_Termico_Masivo.mat|/mnt/personal/TT_FINAL/DATASETS/datasets_masivos/Dataset_Termico_Masivo6.mat","Monopolo","3ant",3,7,15
"/mnt/personal/TT_FINAL/DATASETS/datasets_masivos_por_metadata/Monopolo/3ant/Caso_7/Potencia_5W/modelo_Monopolo_3ant_dset_c7_p5.mat","/mnt/personal/TT_FINAL/DATASETS/datasets_masivos/Dataset_Termico_Masivo6.mat","modelo_Monopolo_3ant","dset_c7_p5","modelo_Monopolo_3ant__dset_c7_p5","/mnt/personal/TT_FINAL/DATASETS/datasets_masivos/Dataset_Termico_Masivo.mat|/mnt/personal/TT_FINAL/DATASETS/datasets_masivos/Dataset_Termico_Masivo6.mat","Monopolo","3ant",3,7,5
"/mnt/personal/TT_FINAL/DATASETS/datasets_masivos_por_metadata/Monopolo/4ant/Caso_0/Potencia_10W/modelo_Monopolo_4ant_dset_c0_p10.mat","/mnt/personal/TT_FINAL/DATASETS/datasets_masivos/Dataset_Termico_Masivo2.mat","modelo_Monopolo_4ant","dset_c0_p10","modelo_Monopolo_4ant__dset_c0_p10","/mnt/personal/TT_FINAL/DATASETS/datasets_masivos/Dataset_Termico_Masivo.mat|/mnt/personal/TT_FINAL/DATASETS/datasets_masivos/Dataset_Termico_Masivo2.mat","Monopolo","4ant",4,0,10
"/mnt/personal/TT_FINAL/DATASETS/datasets_masivos_por_metadata/Monopolo/4ant/Caso_0/Potencia_15W/modelo_Monopolo_4ant_dset_c0_p15.mat","/mnt/personal/TT_FINAL/DATASETS/datasets_masivos/Dataset_Termico_Masivo2.mat","modelo_Monopolo_4ant","dset_c0_p15","modelo_Monopolo_4ant__dset_c0_p15","/mnt/personal/TT_FINAL/DATASETS/datasets_masivos/Dataset_Termico_Masivo.mat|/mnt/personal/TT_FINAL/DATASETS/datasets_masivos/Dataset_Termico_Masivo2.mat","Monopolo","4ant",4,0,15
"/mnt/personal/TT_FINAL/DATASETS/datasets_masivos_por_metadata/Monopolo/4ant/Caso_0/Potencia_30W/modelo_Monopolo_4ant_dset_c0_p30.mat","/mnt/personal/TT_FINAL/DATASETS/datasets_masivos/Dataset_Termico_Masivo1.mat","modelo_Monopolo_4ant","dset_c0_p30","modelo_Monopolo_4ant__dset_c0_p30","/mnt/personal/TT_FINAL/DATASETS/datasets_masivos/Dataset_Termico_Masivo.mat|/mnt/personal/TT_FINAL/DATASETS/datasets_masivos/Dataset_Termico_Masivo1.mat","Monopolo","4ant",4,0,30
"/mnt/personal/TT_FINAL/DATASETS/datasets_masivos_por_metadata/Monopolo/4ant/Caso_0/Potencia_5W/modelo_Monopolo_4ant_dset_c0_p5.mat","/mnt/personal/TT_FINAL/DATASETS/datasets_masivos/Dataset_Termico_Masivo2.mat","modelo_Monopolo_4ant","dset_c0_p5","modelo_Monopolo_4ant__dset_c0_p5","/mnt/personal/TT_FINAL/DATASETS/datasets_masivos/Dataset_Termico_Masivo.mat|/mnt/personal/TT_FINAL/DATASETS/datasets_masivos/Dataset_Termico_Masivo2.mat","Monopolo","4ant",4,0,5
"/mnt/personal/TT_FINAL/DATASETS/datasets_masivos_por_metadata/Monopolo/4ant/Caso_1/Potencia_10W/modelo_Monopolo_4ant_dset_c1_p10.mat","/mnt/personal/TT_FINAL/DATASETS/datasets_masivos/Dataset_Termico_Masivo2.mat","modelo_Monopolo_4ant","dset_c1_p10","modelo_Monopolo_4ant__dset_c1_p10","/mnt/personal/TT_FINAL/DATASETS/datasets_masivos/Dataset_Termico_Masivo.mat|/mnt/personal/TT_FINAL/DATASETS/datasets_masivos/Dataset_Termico_Masivo2.mat","Monopolo","4ant",4,1,10
"/mnt/personal/TT_FINAL/DATASETS/datasets_masivos_por_metadata/Monopolo/4ant/Caso_1/Potencia_15W/modelo_Monopolo_4ant_dset_c1_p15.mat","/mnt/personal/TT_FINAL/DATASETS/datasets_masivos/Dataset_Termico_Masivo2.mat","modelo_Monopolo_4ant","dset_c1_p15","modelo_Monopolo_4ant__dset_c1_p15","/mnt/personal/TT_FINAL/DATASETS/datasets_masivos/Dataset_Termico_Masivo.mat|/mnt/personal/TT_FINAL/DATASETS/datasets_masivos/Dataset_Termico_Masivo2.mat","Monopolo","4ant",4,1,15
"/mnt/personal/TT_FINAL/DATASETS/datasets_masivos_por_metadata/Monopolo/4ant/Caso_1/Potencia_20W/modelo_Monopolo_4ant_dset_c1_p20.mat","/mnt/personal/TT_FINAL/DATASETS/datasets_masivos/Dataset_Termico_Masivo2.mat","modelo_Monopolo_4ant","dset_c1_p20","modelo_Monopolo_4ant__dset_c1_p20","/mnt/personal/TT_FINAL/DATASETS/datasets_masivos/Dataset_Termico_Masivo.mat|/mnt/personal/TT_FINAL/DATASETS/datasets_masivos/Dataset_Termico_Masivo2.mat","Monopolo","4ant",4,1,20
"/mnt/personal/TT_FINAL/DATASETS/datasets_masivos_por_metadata/Monopolo/4ant/Caso_1/Potencia_5W/modelo_Monopolo_4ant_dset_c1_p5.mat","/mnt/personal/TT_FINAL/DATASETS/datasets_masivos/Dataset_Termico_Masivo2.mat","modelo_Monopolo_4ant","dset_c1_p5","modelo_Monopolo_4ant__dset_c1_p5","/mnt/personal/TT_FINAL/DATASETS/datasets_masivos/Dataset_Termico_Masivo.mat|/mnt/personal/TT_FINAL/DATASETS/datasets_masivos/Dataset_Termico_Masivo2.mat","Monopolo","4ant",4,1,5
"/mnt/personal/TT_FINAL/DATASETS/datasets_masivos_por_metadata/Monopolo/4ant/Caso_3/Potencia_10W/modelo_Monopolo_4ant_dset_c3_p10.mat","/mnt/personal/TT_FINAL/DATASETS/datasets_masivos/Dataset_Termico_Masivo2.mat","modelo_Monopolo_4ant","dset_c3_p10","modelo_Monopolo_4ant__dset_c3_p10","/mnt/personal/TT_FINAL/DATASETS/datasets_masivos/Dataset_Termico_Masivo.mat|/mnt/personal/TT_FINAL/DATASETS/datasets_masivos/Dataset_Termico_Masivo4.mat|/mnt/personal/TT_FINAL/DATASETS/datasets_masivos/Dataset_Termico_Masivo2.mat","Monopolo","4ant",4,3,10
"/mnt/personal/TT_FINAL/DATASETS/datasets_masivos_por_metadata/Monopolo/4ant/Caso_3/Potencia_5W/modelo_Monopolo_4ant_dset_c3_p5.mat","/mnt/personal/TT_FINAL/DATASETS/datasets_masivos/Dataset_Termico_Masivo2.mat","modelo_Monopolo_4ant","dset_c3_p5","modelo_Monopolo_4ant__dset_c3_p5","/mnt/personal/TT_FINAL/DATASETS/datasets_masivos/Dataset_Termico_Masivo.mat|/mnt/personal/TT_FINAL/DATASETS/datasets_masivos/Dataset_Termico_Masivo4.mat|/mnt/personal/TT_FINAL/DATASETS/datasets_masivos/Dataset_Termico_Masivo2.mat","Monopolo","4ant",4,3,5
"/mnt/personal/TT_FINAL/DATASETS/datasets_masivos_por_metadata/Monopolo/4ant/Caso_5/Potencia_10W/modelo_Monopolo_4ant_dset_c5_p10.mat","/mnt/personal/TT_FINAL/DATASETS/datasets_masivos/Dataset_Termico_Masivo6.mat","modelo_Monopolo_4ant","dset_c5_p10","modelo_Monopolo_4ant__dset_c5_p10","/mnt/personal/TT_FINAL/DATASETS/datasets_masivos/Dataset_Termico_Masivo.mat|/mnt/personal/TT_FINAL/DATASETS/datasets_masivos/Dataset_Termico_Masivo6.mat","Monopolo","4ant",4,5,10
"/mnt/personal/TT_FINAL/DATASETS/datasets_masivos_por_metadata/Monopolo/4ant/Caso_5/Potencia_15W/modelo_Monopolo_4ant_dset_c5_p15.mat","/mnt/personal/TT_FINAL/DATASETS/datasets_masivos/Dataset_Termico_Masivo6.mat","modelo_Monopolo_4ant","dset_c5_p15","modelo_Monopolo_4ant__dset_c5_p15","/mnt/personal/TT_FINAL/DATASETS/datasets_masivos/Dataset_Termico_Masivo.mat|/mnt/personal/TT_FINAL/DATASETS/datasets_masivos/Dataset_Termico_Masivo6.mat","Monopolo","4ant",4,5,15
"/mnt/personal/TT_FINAL/DATASETS/datasets_masivos_por_metadata/Monopolo/4ant/Caso_5/Potencia_20W/modelo_Monopolo_4ant_dset_c5_p20.mat","/mnt/personal/TT_FINAL/DATASETS/datasets_masivos/Dataset_Termico_Masivo6.mat","modelo_Monopolo_4ant","dset_c5_p20","modelo_Monopolo_4ant__dset_c5_p20","/mnt/personal/TT_FINAL/DATASETS/datasets_masivos/Dataset_Termico_Masivo.mat|/mnt/personal/TT_FINAL/DATASETS/datasets_masivos/Dataset_Termico_Masivo6.mat","Monopolo","4ant",4,5,20
"/mnt/personal/TT_FINAL/DATASETS/datasets_masivos_por_metadata/Monopolo/4ant/Caso_5/Potencia_5W/modelo_Monopolo_4ant_dset_c5_p5.mat","/mnt/personal/TT_FINAL/DATASETS/datasets_masivos/Dataset_Termico_Masivo6.mat","modelo_Monopolo_4ant","dset_c5_p5","modelo_Monopolo_4ant__dset_c5_p5","/mnt/personal/TT_FINAL/DATASETS/datasets_masivos/Dataset_Termico_Masivo.mat|/mnt/personal/TT_FINAL/DATASETS/datasets_masivos/Dataset_Termico_Masivo6.mat","Monopolo","4ant",4,5,5
"/mnt/personal/TT_FINAL/DATASETS/datasets_masivos_por_metadata/Monopolo/4ant/Caso_6/Potencia_10W/modelo_Monopolo_4ant_dset_c6_p10.mat","/mnt/personal/TT_FINAL/DATASETS/datasets_masivos/Dataset_Termico_Masivo6.mat","modelo_Monopolo_4ant","dset_c6_p10","modelo_Monopolo_4ant__dset_c6_p10","/mnt/personal/TT_FINAL/DATASETS/datasets_masivos/Dataset_Termico_Masivo.mat|/mnt/personal/TT_FINAL/DATASETS/datasets_masivos/Dataset_Termico_Masivo6.mat","Monopolo","4ant",4,6,10
"/mnt/personal/TT_FINAL/DATASETS/datasets_masivos_por_metadata/Monopolo/4ant/Caso_6/Potencia_15W/modelo_Monopolo_4ant_dset_c6_p15.mat","/mnt/personal/TT_FINAL/DATASETS/datasets_masivos/Dataset_Termico_Masivo6.mat","modelo_Monopolo_4ant","dset_c6_p15","modelo_Monopolo_4ant__dset_c6_p15","/mnt/personal/TT_FINAL/DATASETS/datasets_masivos/Dataset_Termico_Masivo.mat|/mnt/personal/TT_FINAL/DATASETS/datasets_masivos/Dataset_Termico_Masivo6.mat","Monopolo","4ant",4,6,15
"/mnt/personal/TT_FINAL/DATASETS/datasets_masivos_por_metadata/Monopolo/4ant/Caso_6/Potencia_20W/modelo_Monopolo_4ant_dset_c6_p20.mat","/mnt/personal/TT_FINAL/DATASETS/datasets_masivos/Dataset_Termico_Masivo6.mat","modelo_Monopolo_4ant","dset_c6_p20","modelo_Monopolo_4ant__dset_c6_p20","/mnt/personal/TT_FINAL/DATASETS/datasets_masivos/Dataset_Termico_Masivo.mat|/mnt/personal/TT_FINAL/DATASETS/datasets_masivos/Dataset_Termico_Masivo6.mat","Monopolo","4ant",4,6,20
"/mnt/personal/TT_FINAL/DATASETS/datasets_masivos_por_metadata/Monopolo/4ant/Caso_6/Potencia_25W/modelo_Monopolo_4ant_dset_c6_p25.mat","/mnt/personal/TT_FINAL/DATASETS/datasets_masivos/Dataset_Termico_Masivo6.mat","modelo_Monopolo_4ant","dset_c6_p25","modelo_Monopolo_4ant__dset_c6_p25","/mnt/personal/TT_FINAL/DATASETS/datasets_masivos/Dataset_Termico_Masivo.mat|/mnt/personal/TT_FINAL/DATASETS/datasets_masivos/Dataset_Termico_Masivo6.mat","Monopolo","4ant",4,6,25
"/mnt/personal/TT_FINAL/DATASETS/datasets_masivos_por_metadata/Monopolo/4ant/Caso_6/Potencia_5W/modelo_Monopolo_4ant_dset_c6_p5.mat","/mnt/personal/TT_FINAL/DATASETS/datasets_masivos/Dataset_Termico_Masivo6.mat","modelo_Monopolo_4ant","dset_c6_p5","modelo_Monopolo_4ant__dset_c6_p5","/mnt/personal/TT_FINAL/DATASETS/datasets_masivos/Dataset_Termico_Masivo.mat|/mnt/personal/TT_FINAL/DATASETS/datasets_masivos/Dataset_Termico_Masivo6.mat","Monopolo","4ant",4,6,5
"/mnt/personal/TT_FINAL/DATASETS/datasets_masivos_por_metadata/Monopolo/4ant/Caso_7/Potencia_10W/modelo_Monopolo_4ant_dset_c7_p10.mat","/mnt/personal/TT_FINAL/DATASETS/datasets_masivos/Dataset_Termico_Masivo6.mat","modelo_Monopolo_4ant","dset_c7_p10","modelo_Monopolo_4ant__dset_c7_p10","/mnt/personal/TT_FINAL/DATASETS/datasets_masivos/Dataset_Termico_Masivo.mat|/mnt/personal/TT_FINAL/DATASETS/datasets_masivos/Dataset_Termico_Masivo6.mat","Monopolo","4ant",4,7,10
"/mnt/personal/TT_FINAL/DATASETS/datasets_masivos_por_metadata/Monopolo/4ant/Caso_7/Potencia_15W/modelo_Monopolo_4ant_dset_c7_p15.mat","/mnt/personal/TT_FINAL/DATASETS/datasets_masivos/Dataset_Termico_Masivo6.mat","modelo_Monopolo_4ant","dset_c7_p15","modelo_Monopolo_4ant__dset_c7_p15","/mnt/personal/TT_FINAL/DATASETS/datasets_masivos/Dataset_Termico_Masivo.mat|/mnt/personal/TT_FINAL/DATASETS/datasets_masivos/Dataset_Termico_Masivo6.mat","Monopolo","4ant",4,7,15
"/mnt/personal/TT_FINAL/DATASETS/datasets_masivos_por_metadata/Monopolo/4ant/Caso_7/Potencia_5W/modelo_Monopolo_4ant_dset_c7_p5.mat","/mnt/personal/TT_FINAL/DATASETS/datasets_masivos/Dataset_Termico_Masivo6.mat","modelo_Monopolo_4ant","dset_c7_p5","modelo_Monopolo_4ant__dset_c7_p5","/mnt/personal/TT_FINAL/DATASETS/datasets_masivos/Dataset_Termico_Masivo.mat|/mnt/personal/TT_FINAL/DATASETS/datasets_masivos/Dataset_Termico_Masivo6.mat","Monopolo","4ant",4,7,5
"/mnt/personal/TT_FINAL/DATASETS/datasets_masivos_por_metadata/Un_slot/1ant/Caso_0/Potencia_10W/modelo_Un_slot_1ant_dset_c0_p10.mat","/mnt/personal/TT_FINAL/DATASETS/datasets_masivos/Dataset_Termico_Masivo2.mat","modelo_Un_slot_1ant","dset_c0_p10","modelo_Un_slot_1ant__dset_c0_p10","/mnt/personal/TT_FINAL/DATASETS/datasets_masivos/Dataset_Termico_Masivo.mat|/mnt/personal/TT_FINAL/DATASETS/datasets_masivos/Dataset_Termico_Masivo2.mat","Un_slot","1ant",1,0,10
"/mnt/personal/TT_FINAL/DATASETS/datasets_masivos_por_metadata/Un_slot/1ant/Caso_0/Potencia_5W/modelo_Un_slot_1ant_dset_c0_p5.mat","/mnt/personal/TT_FINAL/DATASETS/datasets_masivos/Dataset_Termico_Masivo2.mat","modelo_Un_slot_1ant","dset_c0_p5","modelo_Un_slot_1ant__dset_c0_p5","/mnt/personal/TT_FINAL/DATASETS/datasets_masivos/Dataset_Termico_Masivo.mat|/mnt/personal/TT_FINAL/DATASETS/datasets_masivos/Dataset_Termico_Masivo2.mat","Un_slot","1ant",1,0,5
"/mnt/personal/TT_FINAL/DATASETS/datasets_masivos_por_metadata/Un_slot/1ant/Caso_5/Potencia_10W/modelo_Un_slot_1ant_dset_c5_p10.mat","/mnt/personal/TT_FINAL/DATASETS/datasets_masivos/Dataset_Termico_Masivo6.mat","modelo_Un_slot_1ant","dset_c5_p10","modelo_Un_slot_1ant__dset_c5_p10","/mnt/personal/TT_FINAL/DATASETS/datasets_masivos/Dataset_Termico_Masivo.mat|/mnt/personal/TT_FINAL/DATASETS/datasets_masivos/Dataset_Termico_Masivo6.mat","Un_slot","1ant",1,5,10
"/mnt/personal/TT_FINAL/DATASETS/datasets_masivos_por_metadata/Un_slot/1ant/Caso_5/Potencia_15W/modelo_Un_slot_1ant_dset_c5_p15.mat","/mnt/personal/TT_FINAL/DATASETS/datasets_masivos/Dataset_Termico_Masivo6.mat","modelo_Un_slot_1ant","dset_c5_p15","modelo_Un_slot_1ant__dset_c5_p15","/mnt/personal/TT_FINAL/DATASETS/datasets_masivos/Dataset_Termico_Masivo.mat|/mnt/personal/TT_FINAL/DATASETS/datasets_masivos/Dataset_Termico_Masivo6.mat","Un_slot","1ant",1,5,15
"/mnt/personal/TT_FINAL/DATASETS/datasets_masivos_por_metadata/Un_slot/1ant/Caso_5/Potencia_5W/modelo_Un_slot_1ant_dset_c5_p5.mat","/mnt/personal/TT_FINAL/DATASETS/datasets_masivos/Dataset_Termico_Masivo6.mat","modelo_Un_slot_1ant","dset_c5_p5","modelo_Un_slot_1ant__dset_c5_p5","/mnt/personal/TT_FINAL/DATASETS/datasets_masivos/Dataset_Termico_Masivo.mat|/mnt/personal/TT_FINAL/DATASETS/datasets_masivos/Dataset_Termico_Masivo6.mat","Un_slot","1ant",1,5,5
"/mnt/personal/TT_FINAL/DATASETS/datasets_masivos_por_metadata/Un_slot/1ant/Caso_6/Potencia_5W/modelo_Un_slot_1ant_dset_c6_p5.mat","/mnt/personal/TT_FINAL/DATASETS/datasets_masivos/Dataset_Termico_Masivo6.mat","modelo_Un_slot_1ant","dset_c6_p5","modelo_Un_slot_1ant__dset_c6_p5","/mnt/personal/TT_FINAL/DATASETS/datasets_masivos/Dataset_Termico_Masivo.mat|/mnt/personal/TT_FINAL/DATASETS/datasets_masivos/Dataset_Termico_Masivo6.mat","Un_slot","1ant",1,6,5
"/mnt/personal/TT_FINAL/DATASETS/datasets_masivos_por_metadata/Un_slot/1ant/Caso_7/Potencia_10W/modelo_Un_slot_1ant_dset_c7_p10.mat","/mnt/personal/TT_FINAL/DATASETS/datasets_masivos/Dataset_Termico_Masivo6.mat","modelo_Un_slot_1ant","dset_c7_p10","modelo_Un_slot_1ant__dset_c7_p10","/mnt/personal/TT_FINAL/DATASETS/datasets_masivos/Dataset_Termico_Masivo.mat|/mnt/personal/TT_FINAL/DATASETS/datasets_masivos/Dataset_Termico_Masivo6.mat","Un_slot","1ant",1,7,10
"/mnt/personal/TT_FINAL/DATASETS/datasets_masivos_por_metadata/Un_slot/1ant/Caso_7/Potencia_5W/modelo_Un_slot_1ant_dset_c7_p5.mat","/mnt/personal/TT_FINAL/DATASETS/datasets_masivos/Dataset_Termico_Masivo6.mat","modelo_Un_slot_1ant","dset_c7_p5","modelo_Un_slot_1ant__dset_c7_p5","/mnt/personal/TT_FINAL/DATASETS/datasets_masivos/Dataset_Termico_Masivo.mat|/mnt/personal/TT_FINAL/DATASETS/datasets_masivos/Dataset_Termico_Masivo6.mat","Un_slot","1ant",1,7,5
"/mnt/personal/TT_FINAL/DATASETS/datasets_masivos_por_metadata/Un_slot/2ant/Caso_0/Potencia_10W/modelo_Un_slot_2ant_dset_c0_p10.mat","/mnt/personal/TT_FINAL/DATASETS/datasets_masivos/Dataset_Termico_Masivo2.mat","modelo_Un_slot_2ant","dset_c0_p10","modelo_Un_slot_2ant__dset_c0_p10","/mnt/personal/TT_FINAL/DATASETS/datasets_masivos/Dataset_Termico_Masivo.mat|/mnt/personal/TT_FINAL/DATASETS/datasets_masivos/Dataset_Termico_Masivo2.mat","Un_slot","2ant",2,0,10
"/mnt/personal/TT_FINAL/DATASETS/datasets_masivos_por_metadata/Un_slot/2ant/Caso_0/Potencia_5W/modelo_Un_slot_2ant_dset_c0_p5.mat","/mnt/personal/TT_FINAL/DATASETS/datasets_masivos/Dataset_Termico_Masivo2.mat","modelo_Un_slot_2ant","dset_c0_p5","modelo_Un_slot_2ant__dset_c0_p5","/mnt/personal/TT_FINAL/DATASETS/datasets_masivos/Dataset_Termico_Masivo.mat|/mnt/personal/TT_FINAL/DATASETS/datasets_masivos/Dataset_Termico_Masivo2.mat","Un_slot","2ant",2,0,5
"/mnt/personal/TT_FINAL/DATASETS/datasets_masivos_por_metadata/Un_slot/2ant/Caso_4/Potencia_10W/modelo_Un_slot_2ant_dset_c4_p10.mat","/mnt/personal/TT_FINAL/DATASETS/datasets_masivos/Dataset_Termico_Masivo3.mat","modelo_Un_slot_2ant","dset_c4_p10","modelo_Un_slot_2ant__dset_c4_p10","/mnt/personal/TT_FINAL/DATASETS/datasets_masivos/Dataset_Termico_Masivo.mat|/mnt/personal/TT_FINAL/DATASETS/datasets_masivos/Dataset_Termico_Masivo3.mat","Un_slot","2ant",2,4,10
"/mnt/personal/TT_FINAL/DATASETS/datasets_masivos_por_metadata/Un_slot/2ant/Caso_4/Potencia_15W/modelo_Un_slot_2ant_dset_c4_p15.mat","/mnt/personal/TT_FINAL/DATASETS/datasets_masivos/Dataset_Termico_Masivo3.mat","modelo_Un_slot_2ant","dset_c4_p15","modelo_Un_slot_2ant__dset_c4_p15","/mnt/personal/TT_FINAL/DATASETS/datasets_masivos/Dataset_Termico_Masivo.mat|/mnt/personal/TT_FINAL/DATASETS/datasets_masivos/Dataset_Termico_Masivo3.mat","Un_slot","2ant",2,4,15
"/mnt/personal/TT_FINAL/DATASETS/datasets_masivos_por_metadata/Un_slot/2ant/Caso_4/Potencia_20W/modelo_Un_slot_2ant_dset_c4_p20.mat","/mnt/personal/TT_FINAL/DATASETS/datasets_masivos/Dataset_Termico_Masivo3.mat","modelo_Un_slot_2ant","dset_c4_p20","modelo_Un_slot_2ant__dset_c4_p20","/mnt/personal/TT_FINAL/DATASETS/datasets_masivos/Dataset_Termico_Masivo.mat|/mnt/personal/TT_FINAL/DATASETS/datasets_masivos/Dataset_Termico_Masivo3.mat","Un_slot","2ant",2,4,20
"/mnt/personal/TT_FINAL/DATASETS/datasets_masivos_por_metadata/Un_slot/2ant/Caso_4/Potencia_25W/modelo_Un_slot_2ant_dset_c4_p25.mat","/mnt/personal/TT_FINAL/DATASETS/datasets_masivos/Dataset_Termico_Masivo3.mat","modelo_Un_slot_2ant","dset_c4_p25","modelo_Un_slot_2ant__dset_c4_p25","/mnt/personal/TT_FINAL/DATASETS/datasets_masivos/Dataset_Termico_Masivo.mat|/mnt/personal/TT_FINAL/DATASETS/datasets_masivos/Dataset_Termico_Masivo3.mat","Un_slot","2ant",2,4,25
"/mnt/personal/TT_FINAL/DATASETS/datasets_masivos_por_metadata/Un_slot/2ant/Caso_4/Potencia_30W/modelo_Un_slot_2ant_dset_c4_p30.mat","/mnt/personal/TT_FINAL/DATASETS/datasets_masivos/Dataset_Termico_Masivo3.mat","modelo_Un_slot_2ant","dset_c4_p30","modelo_Un_slot_2ant__dset_c4_p30","/mnt/personal/TT_FINAL/DATASETS/datasets_masivos/Dataset_Termico_Masivo.mat|/mnt/personal/TT_FINAL/DATASETS/datasets_masivos/Dataset_Termico_Masivo3.mat","Un_slot","2ant",2,4,30
"/mnt/personal/TT_FINAL/DATASETS/datasets_masivos_por_metadata/Un_slot/2ant/Caso_4/Potencia_35W/modelo_Un_slot_2ant_dset_c4_p35.mat","/mnt/personal/TT_FINAL/DATASETS/datasets_masivos/Dataset_Termico_Masivo3.mat","modelo_Un_slot_2ant","dset_c4_p35","modelo_Un_slot_2ant__dset_c4_p35","/mnt/personal/TT_FINAL/DATASETS/datasets_masivos/Dataset_Termico_Masivo.mat|/mnt/personal/TT_FINAL/DATASETS/datasets_masivos/Dataset_Termico_Masivo3.mat","Un_slot","2ant",2,4,35
"/mnt/personal/TT_FINAL/DATASETS/datasets_masivos_por_metadata/Un_slot/2ant/Caso_4/Potencia_40W/modelo_Un_slot_2ant_dset_c4_p40.mat","/mnt/personal/TT_FINAL/DATASETS/datasets_masivos/Dataset_Termico_Masivo3.mat","modelo_Un_slot_2ant","dset_c4_p40","modelo_Un_slot_2ant__dset_c4_p40","/mnt/personal/TT_FINAL/DATASETS/datasets_masivos/Dataset_Termico_Masivo.mat|/mnt/personal/TT_FINAL/DATASETS/datasets_masivos/Dataset_Termico_Masivo3.mat","Un_slot","2ant",2,4,40
"/mnt/personal/TT_FINAL/DATASETS/datasets_masivos_por_metadata/Un_slot/2ant/Caso_4/Potencia_45W/modelo_Un_slot_2ant_dset_c4_p45.mat","/mnt/personal/TT_FINAL/DATASETS/datasets_masivos/Dataset_Termico_Masivo3.mat","modelo_Un_slot_2ant","dset_c4_p45","modelo_Un_slot_2ant__dset_c4_p45","/mnt/personal/TT_FINAL/DATASETS/datasets_masivos/Dataset_Termico_Masivo.mat|/mnt/personal/TT_FINAL/DATASETS/datasets_masivos/Dataset_Termico_Masivo3.mat","Un_slot","2ant",2,4,45
"/mnt/personal/TT_FINAL/DATASETS/datasets_masivos_por_metadata/Un_slot/2ant/Caso_4/Potencia_5W/modelo_Un_slot_2ant_dset_c4_p5.mat","/mnt/personal/TT_FINAL/DATASETS/datasets_masivos/Dataset_Termico_Masivo3.mat","modelo_Un_slot_2ant","dset_c4_p5","modelo_Un_slot_2ant__dset_c4_p5","/mnt/personal/TT_FINAL/DATASETS/datasets_masivos/Dataset_Termico_Masivo.mat|/mnt/personal/TT_FINAL/DATASETS/datasets_masivos/Dataset_Termico_Masivo3.mat","Un_slot","2ant",2,4,5
"/mnt/personal/TT_FINAL/DATASETS/datasets_masivos_por_metadata/Un_slot/2ant/Caso_4/Potencia_50W/modelo_Un_slot_2ant_dset_c4_p50.mat","/mnt/personal/TT_FINAL/DATASETS/datasets_masivos/Dataset_Termico_Masivo3.mat","modelo_Un_slot_2ant","dset_c4_p50","modelo_Un_slot_2ant__dset_c4_p50","/mnt/personal/TT_FINAL/DATASETS/datasets_masivos/Dataset_Termico_Masivo.mat|/mnt/personal/TT_FINAL/DATASETS/datasets_masivos/Dataset_Termico_Masivo3.mat","Un_slot","2ant",2,4,50
"/mnt/personal/TT_FINAL/DATASETS/datasets_masivos_por_metadata/Un_slot/2ant/Caso_5/Potencia_10W/modelo_Un_slot_2ant_dset_c5_p10.mat","/mnt/personal/TT_FINAL/DATASETS/datasets_masivos/Dataset_Termico_Masivo6.mat","modelo_Un_slot_2ant","dset_c5_p10","modelo_Un_slot_2ant__dset_c5_p10","/mnt/personal/TT_FINAL/DATASETS/datasets_masivos/Dataset_Termico_Masivo.mat|/mnt/personal/TT_FINAL/DATASETS/datasets_masivos/Dataset_Termico_Masivo6.mat","Un_slot","2ant",2,5,10
"/mnt/personal/TT_FINAL/DATASETS/datasets_masivos_por_metadata/Un_slot/2ant/Caso_5/Potencia_15W/modelo_Un_slot_2ant_dset_c5_p15.mat","/mnt/personal/TT_FINAL/DATASETS/datasets_masivos/Dataset_Termico_Masivo6.mat","modelo_Un_slot_2ant","dset_c5_p15","modelo_Un_slot_2ant__dset_c5_p15","/mnt/personal/TT_FINAL/DATASETS/datasets_masivos/Dataset_Termico_Masivo.mat|/mnt/personal/TT_FINAL/DATASETS/datasets_masivos/Dataset_Termico_Masivo6.mat","Un_slot","2ant",2,5,15
"/mnt/personal/TT_FINAL/DATASETS/datasets_masivos_por_metadata/Un_slot/2ant/Caso_5/Potencia_5W/modelo_Un_slot_2ant_dset_c5_p5.mat","/mnt/personal/TT_FINAL/DATASETS/datasets_masivos/Dataset_Termico_Masivo6.mat","modelo_Un_slot_2ant","dset_c5_p5","modelo_Un_slot_2ant__dset_c5_p5","/mnt/personal/TT_FINAL/DATASETS/datasets_masivos/Dataset_Termico_Masivo.mat|/mnt/personal/TT_FINAL/DATASETS/datasets_masivos/Dataset_Termico_Masivo6.mat","Un_slot","2ant",2,5,5
"/mnt/personal/TT_FINAL/DATASETS/datasets_masivos_por_metadata/Un_slot/2ant/Caso_7/Potencia_10W/modelo_Un_slot_2ant_dset_c7_p10.mat","/mnt/personal/TT_FINAL/DATASETS/datasets_masivos/Dataset_Termico_Masivo6.mat","modelo_Un_slot_2ant","dset_c7_p10","modelo_Un_slot_2ant__dset_c7_p10","/mnt/personal/TT_FINAL/DATASETS/datasets_masivos/Dataset_Termico_Masivo.mat|/mnt/personal/TT_FINAL/DATASETS/datasets_masivos/Dataset_Termico_Masivo6.mat","Un_slot","2ant",2,7,10
"/mnt/personal/TT_FINAL/DATASETS/datasets_masivos_por_metadata/Un_slot/2ant/Caso_7/Potencia_5W/modelo_Un_slot_2ant_dset_c7_p5.mat","/mnt/personal/TT_FINAL/DATASETS/datasets_masivos/Dataset_Termico_Masivo6.mat","modelo_Un_slot_2ant","dset_c7_p5","modelo_Un_slot_2ant__dset_c7_p5","/mnt/personal/TT_FINAL/DATASETS/datasets_masivos/Dataset_Termico_Masivo.mat|/mnt/personal/TT_FINAL/DATASETS/datasets_masivos/Dataset_Termico_Masivo6.mat","Un_slot","2ant",2,7,5
"/mnt/personal/TT_FINAL/DATASETS/datasets_masivos_por_metadata/Un_slot/3ant/Caso_0/Potencia_10W/modelo_Un_slot_3ant_dset_c0_p10.mat","/mnt/personal/TT_FINAL/DATASETS/datasets_masivos/Dataset_Termico_Masivo2.mat","modelo_Un_slot_3ant","dset_c0_p10","modelo_Un_slot_3ant__dset_c0_p10","/mnt/personal/TT_FINAL/DATASETS/datasets_masivos/Dataset_Termico_Masivo.mat|/mnt/personal/TT_FINAL/DATASETS/datasets_masivos/Dataset_Termico_Masivo2.mat","Un_slot","3ant",3,0,10
"/mnt/personal/TT_FINAL/DATASETS/datasets_masivos_por_metadata/Un_slot/3ant/Caso_0/Potencia_5W/modelo_Un_slot_3ant_dset_c0_p5.mat","/mnt/personal/TT_FINAL/DATASETS/datasets_masivos/Dataset_Termico_Masivo2.mat","modelo_Un_slot_3ant","dset_c0_p5","modelo_Un_slot_3ant__dset_c0_p5","/mnt/personal/TT_FINAL/DATASETS/datasets_masivos/Dataset_Termico_Masivo.mat|/mnt/personal/TT_FINAL/DATASETS/datasets_masivos/Dataset_Termico_Masivo2.mat","Un_slot","3ant",3,0,5
"/mnt/personal/TT_FINAL/DATASETS/datasets_masivos_por_metadata/Un_slot/3ant/Caso_5/Potencia_10W/modelo_Un_slot_3ant_dset_c5_p10.mat","/mnt/personal/TT_FINAL/DATASETS/datasets_masivos/Dataset_Termico_Masivo6.mat","modelo_Un_slot_3ant","dset_c5_p10","modelo_Un_slot_3ant__dset_c5_p10","/mnt/personal/TT_FINAL/DATASETS/datasets_masivos/Dataset_Termico_Masivo.mat|/mnt/personal/TT_FINAL/DATASETS/datasets_masivos/Dataset_Termico_Masivo6.mat","Un_slot","3ant",3,5,10
"/mnt/personal/TT_FINAL/DATASETS/datasets_masivos_por_metadata/Un_slot/3ant/Caso_5/Potencia_15W/modelo_Un_slot_3ant_dset_c5_p15.mat","/mnt/personal/TT_FINAL/DATASETS/datasets_masivos/Dataset_Termico_Masivo6.mat","modelo_Un_slot_3ant","dset_c5_p15","modelo_Un_slot_3ant__dset_c5_p15","/mnt/personal/TT_FINAL/DATASETS/datasets_masivos/Dataset_Termico_Masivo.mat|/mnt/personal/TT_FINAL/DATASETS/datasets_masivos/Dataset_Termico_Masivo6.mat","Un_slot","3ant",3,5,15
"/mnt/personal/TT_FINAL/DATASETS/datasets_masivos_por_metadata/Un_slot/3ant/Caso_5/Potencia_5W/modelo_Un_slot_3ant_dset_c5_p5.mat","/mnt/personal/TT_FINAL/DATASETS/datasets_masivos/Dataset_Termico_Masivo6.mat","modelo_Un_slot_3ant","dset_c5_p5","modelo_Un_slot_3ant__dset_c5_p5","/mnt/personal/TT_FINAL/DATASETS/datasets_masivos/Dataset_Termico_Masivo.mat|/mnt/personal/TT_FINAL/DATASETS/datasets_masivos/Dataset_Termico_Masivo6.mat","Un_slot","3ant",3,5,5
"/mnt/personal/TT_FINAL/DATASETS/datasets_masivos_por_metadata/Un_slot/3ant/Caso_7/Potencia_10W/modelo_Un_slot_3ant_dset_c7_p10.mat","/mnt/personal/TT_FINAL/DATASETS/datasets_masivos/Dataset_Termico_Masivo6.mat","modelo_Un_slot_3ant","dset_c7_p10","modelo_Un_slot_3ant__dset_c7_p10","/mnt/personal/TT_FINAL/DATASETS/datasets_masivos/Dataset_Termico_Masivo.mat|/mnt/personal/TT_FINAL/DATASETS/datasets_masivos/Dataset_Termico_Masivo6.mat","Un_slot","3ant",3,7,10
"/mnt/personal/TT_FINAL/DATASETS/datasets_masivos_por_metadata/Un_slot/3ant/Caso_7/Potencia_5W/modelo_Un_slot_3ant_dset_c7_p5.mat","/mnt/personal/TT_FINAL/DATASETS/datasets_masivos/Dataset_Termico_Masivo6.mat","modelo_Un_slot_3ant","dset_c7_p5","modelo_Un_slot_3ant__dset_c7_p5","/mnt/personal/TT_FINAL/DATASETS/datasets_masivos/Dataset_Termico_Masivo.mat|/mnt/personal/TT_FINAL/DATASETS/datasets_masivos/Dataset_Termico_Masivo6.mat","Un_slot","3ant",3,7,5
"/mnt/personal/TT_FINAL/DATASETS/datasets_masivos_por_metadata/Un_slot/3ant/Caso_8/Potencia_10W/modelo_Un_slot_3ant_dset_c8_p10.mat","/mnt/personal/TT_FINAL/DATASETS/datasets_masivos/Dataset_Termico_Masivo6.mat","modelo_Un_slot_3ant","dset_c8_p10","modelo_Un_slot_3ant__dset_c8_p10","/mnt/personal/TT_FINAL/DATASETS/datasets_masivos/Dataset_Termico_Masivo.mat|/mnt/personal/TT_FINAL/DATASETS/datasets_masivos/Dataset_Termico_Masivo6.mat","Un_slot","3ant",3,8,10
"/mnt/personal/TT_FINAL/DATASETS/datasets_masivos_por_metadata/Un_slot/3ant/Caso_8/Potencia_15W/modelo_Un_slot_3ant_dset_c8_p15.mat","/mnt/personal/TT_FINAL/DATASETS/datasets_masivos/Dataset_Termico_Masivo6.mat","modelo_Un_slot_3ant","dset_c8_p15","modelo_Un_slot_3ant__dset_c8_p15","/mnt/personal/TT_FINAL/DATASETS/datasets_masivos/Dataset_Termico_Masivo.mat|/mnt/personal/TT_FINAL/DATASETS/datasets_masivos/Dataset_Termico_Masivo6.mat","Un_slot","3ant",3,8,15
"/mnt/personal/TT_FINAL/DATASETS/datasets_masivos_por_metadata/Un_slot/3ant/Caso_8/Potencia_20W/modelo_Un_slot_3ant_dset_c8_p20.mat","/mnt/personal/TT_FINAL/DATASETS/datasets_masivos/Dataset_Termico_Masivo6.mat","modelo_Un_slot_3ant","dset_c8_p20","modelo_Un_slot_3ant__dset_c8_p20","/mnt/personal/TT_FINAL/DATASETS/datasets_masivos/Dataset_Termico_Masivo.mat|/mnt/personal/TT_FINAL/DATASETS/datasets_masivos/Dataset_Termico_Masivo6.mat","Un_slot","3ant",3,8,20
"/mnt/personal/TT_FINAL/DATASETS/datasets_masivos_por_metadata/Un_slot/3ant/Caso_8/Potencia_25W/modelo_Un_slot_3ant_dset_c8_p25.mat","/mnt/personal/TT_FINAL/DATASETS/datasets_masivos/Dataset_Termico_Masivo6.mat","modelo_Un_slot_3ant","dset_c8_p25","modelo_Un_slot_3ant__dset_c8_p25","/mnt/personal/TT_FINAL/DATASETS/datasets_masivos/Dataset_Termico_Masivo.mat|/mnt/personal/TT_FINAL/DATASETS/datasets_masivos/Dataset_Termico_Masivo6.mat","Un_slot","3ant",3,8,25
"/mnt/personal/TT_FINAL/DATASETS/datasets_masivos_por_metadata/Un_slot/3ant/Caso_8/Potencia_30W/modelo_Un_slot_3ant_dset_c8_p30.mat","/mnt/personal/TT_FINAL/DATASETS/datasets_masivos/Dataset_Termico_Masivo6.mat","modelo_Un_slot_3ant","dset_c8_p30","modelo_Un_slot_3ant__dset_c8_p30","/mnt/personal/TT_FINAL/DATASETS/datasets_masivos/Dataset_Termico_Masivo.mat|/mnt/personal/TT_FINAL/DATASETS/datasets_masivos/Dataset_Termico_Masivo6.mat","Un_slot","3ant",3,8,30
"/mnt/personal/TT_FINAL/DATASETS/datasets_masivos_por_metadata/Un_slot/3ant/Caso_8/Potencia_5W/modelo_Un_slot_3ant_dset_c8_p5.mat","/mnt/personal/TT_FINAL/DATASETS/datasets_masivos/Dataset_Termico_Masivo6.mat","modelo_Un_slot_3ant","dset_c8_p5","modelo_Un_slot_3ant__dset_c8_p5","/mnt/personal/TT_FINAL/DATASETS/datasets_masivos/Dataset_Termico_Masivo.mat|/mnt/personal/TT_FINAL/DATASETS/datasets_masivos/Dataset_Termico_Masivo6.mat","Un_slot","3ant",3,8,5
"/mnt/personal/TT_FINAL/DATASETS/datasets_masivos_por_metadata/Un_slot/4ant/Caso_0/Potencia_10W/modelo_Un_slot_4ant_dset_c0_p10.mat","/mnt/personal/TT_FINAL/DATASETS/datasets_masivos/Dataset_Termico_Masivo2.mat","modelo_Un_slot_4ant","dset_c0_p10","modelo_Un_slot_4ant__dset_c0_p10","/mnt/personal/TT_FINAL/DATASETS/datasets_masivos/Dataset_Termico_Masivo.mat|/mnt/personal/TT_FINAL/DATASETS/datasets_masivos/Dataset_Termico_Masivo2.mat","Un_slot","4ant",4,0,10
"/mnt/personal/TT_FINAL/DATASETS/datasets_masivos_por_metadata/Un_slot/4ant/Caso_0/Potencia_5W/modelo_Un_slot_4ant_dset_c0_p5.mat","/mnt/personal/TT_FINAL/DATASETS/datasets_masivos/Dataset_Termico_Masivo2.mat","modelo_Un_slot_4ant","dset_c0_p5","modelo_Un_slot_4ant__dset_c0_p5","/mnt/personal/TT_FINAL/DATASETS/datasets_masivos/Dataset_Termico_Masivo.mat|/mnt/personal/TT_FINAL/DATASETS/datasets_masivos/Dataset_Termico_Masivo2.mat","Un_slot","4ant",4,0,5
"/mnt/personal/TT_FINAL/DATASETS/datasets_masivos_por_metadata/Un_slot/4ant/Caso_5/Potencia_10W/modelo_Un_slot_4ant_dset_c5_p10.mat","/mnt/personal/TT_FINAL/DATASETS/datasets_masivos/Dataset_Termico_Masivo6.mat","modelo_Un_slot_4ant","dset_c5_p10","modelo_Un_slot_4ant__dset_c5_p10","/mnt/personal/TT_FINAL/DATASETS/datasets_masivos/Dataset_Termico_Masivo.mat|/mnt/personal/TT_FINAL/DATASETS/datasets_masivos/Dataset_Termico_Masivo6.mat","Un_slot","4ant",4,5,10
"/mnt/personal/TT_FINAL/DATASETS/datasets_masivos_por_metadata/Un_slot/4ant/Caso_5/Potencia_15W/modelo_Un_slot_4ant_dset_c5_p15.mat","/mnt/personal/TT_FINAL/DATASETS/datasets_masivos/Dataset_Termico_Masivo6.mat","modelo_Un_slot_4ant","dset_c5_p15","modelo_Un_slot_4ant__dset_c5_p15","/mnt/personal/TT_FINAL/DATASETS/datasets_masivos/Dataset_Termico_Masivo.mat|/mnt/personal/TT_FINAL/DATASETS/datasets_masivos/Dataset_Termico_Masivo6.mat","Un_slot","4ant",4,5,15
"/mnt/personal/TT_FINAL/DATASETS/datasets_masivos_por_metadata/Un_slot/4ant/Caso_5/Potencia_5W/modelo_Un_slot_4ant_dset_c5_p5.mat","/mnt/personal/TT_FINAL/DATASETS/datasets_masivos/Dataset_Termico_Masivo6.mat","modelo_Un_slot_4ant","dset_c5_p5","modelo_Un_slot_4ant__dset_c5_p5","/mnt/personal/TT_FINAL/DATASETS/datasets_masivos/Dataset_Termico_Masivo.mat|/mnt/personal/TT_FINAL/DATASETS/datasets_masivos/Dataset_Termico_Masivo6.mat","Un_slot","4ant",4,5,5
"/mnt/personal/TT_FINAL/DATASETS/datasets_masivos_por_metadata/Un_slot/4ant/Caso_7/Potencia_10W/modelo_Un_slot_4ant_dset_c7_p10.mat","/mnt/personal/TT_FINAL/DATASETS/datasets_masivos/Dataset_Termico_Masivo6.mat","modelo_Un_slot_4ant","dset_c7_p10","modelo_Un_slot_4ant__dset_c7_p10","/mnt/personal/TT_FINAL/DATASETS/datasets_masivos/Dataset_Termico_Masivo.mat|/mnt/personal/TT_FINAL/DATASETS/datasets_masivos/Dataset_Termico_Masivo6.mat","Un_slot","4ant",4,7,10
"/mnt/personal/TT_FINAL/DATASETS/datasets_masivos_por_metadata/Un_slot/4ant/Caso_7/Potencia_5W/modelo_Un_slot_4ant_dset_c7_p5.mat","/mnt/personal/TT_FINAL/DATASETS/datasets_masivos/Dataset_Termico_Masivo6.mat","modelo_Un_slot_4ant","dset_c7_p5","modelo_Un_slot_4ant__dset_c7_p5","/mnt/personal/TT_FINAL/DATASETS/datasets_masivos/Dataset_Termico_Masivo.mat|/mnt/personal/TT_FINAL/DATASETS/datasets_masivos/Dataset_Termico_Masivo6.mat","Un_slot","4ant",4,7,5
